{"pennycress_Tarv.1014.HPI3.5.g210050":{"0":0.1292517007,"1":0.0932971014,"2":0.1980769231,"3":0.101758794,"4":0.0661157025,"5":0.1264516129,"6":0.0643466842,"7":0.0263504611,"8":0.0704845815,"9":0.1075471698,"10":0.0456563094,"11":0.0666666667,"12":0.1110344828,"13":0.0699356913,"14":0.0975783476,"15":0.1120967742,"16":0.0857580398,"17":0.0330992979,"18":0.1098654709,"19":0.0467980296,"20":1.0},"soybean_Gmax.la3.HPI3.Chr04.g075930":{"0":0.0006447453,"1":0.0038109756,"2":0.0013149244,"3":0.0012961763,"4":0.0211480363,"5":0.0023529412,"6":0.0020222447,"7":0.0019788918,"8":0.0,"9":0.001618123,"10":0.0,"11":0.0,"12":0.0053191489,"13":0.0,"14":0.0,"15":0.0,"16":0.0021276596,"17":0.0,"18":0.0,"19":0.0,"20":0.0},"pennycress_Tarv.1014.HPI3.5.g179700":{"0":0.1445578231,"1":0.1571557971,"2":0.2105769231,"3":0.0778894472,"4":0.1101928375,"5":0.1096774194,"6":0.0847012475,"7":0.0895915679,"8":0.0550660793,"9":0.1427672956,"10":0.0811667724,"11":0.1333333333,"12":0.1393103448,"13":0.1623794212,"14":0.1217948718,"15":0.2290322581,"16":0.0918836141,"17":0.0792377131,"18":0.3251121076,"19":0.0541871921,"20":0.0},"soybean_Gmax.la3.HPI3.Chr02.g029750":{"0":0.1379754997,"1":0.0663109756,"2":0.0466798159,"3":0.0537913156,"4":0.0324773414,"5":0.022745098,"6":0.0424671385,"7":0.055408971,"8":0.0323218997,"9":0.0582524272,"10":0.0769230769,"11":0.0,"12":0.0319148936,"13":0.0,"14":0.0,"15":0.0666666667,"16":0.0595744681,"17":0.0,"18":0.0,"19":0.0448979592,"20":0.0},"soybean_Gmax.la3.HPI3.Chr01.g006830":{"0":0.0857511283,"1":0.0304878049,"2":0.0355029586,"3":0.0499027868,"4":0.0271903323,"5":0.0125490196,"6":0.0212335693,"7":0.0277044855,"8":0.0178100264,"9":0.0517799353,"10":0.0,"11":0.0,"12":0.0265957447,"13":0.0,"14":0.0,"15":0.05,"16":0.0425531915,"17":0.12,"18":0.0,"19":0.0040816327,"20":0.0},"pennycress_Tarv.1014.HPI3.1.g017890":{"0":0.0051020408,"1":0.0058876812,"2":0.0115384615,"3":0.0037688442,"4":0.0,"5":0.0064516129,"6":0.0019697965,"7":0.0065876153,"8":0.0011013216,"9":0.0025157233,"10":0.0019023462,"11":0.0,"12":0.0048275862,"13":0.0209003215,"14":0.0056980057,"15":0.0080645161,"16":0.0076569678,"17":0.0130391174,"18":0.0022421525,"19":0.0024630542,"20":0.0},"arabidopsis_AT1G25560":{"0":0.0113851992,"1":0.0154302671,"2":0.0218145761,"3":0.0170496664,"4":0.0290570175,"5":0.0162107396,"6":0.0148367953,"7":0.0282685512,"8":0.0,"9":0.0300429185,"10":0.0086767896,"11":0.0144840072,"12":0.0169491525,"13":0.0552631579,"14":0.0086206897,"15":0.018115942,"16":0.0058823529,"17":0.0556962025,"18":0.0318021201,"19":0.0125,"20":0.0075},"pennycress_Tarv.1014.HPI3.6.g228550":{"0":0.0,"1":0.0018115942,"2":0.0028846154,"3":0.0037688442,"4":0.0082644628,"5":0.0025806452,"6":0.0065659882,"7":0.0,"8":0.0022026432,"9":0.0031446541,"10":0.0076093849,"11":0.0,"12":0.0034482759,"13":0.0104501608,"14":0.0085470085,"15":0.0016129032,"16":0.0015313936,"17":0.0,"18":0.0022421525,"19":0.0024630542,"20":0.0},"arabidopsis_AT1G13260":{"0":0.0537634409,"1":0.0255192878,"2":0.0738720873,"3":0.0177909563,"4":0.0345394737,"5":0.0131712259,"6":0.0267062315,"7":0.0070671378,"8":0.0104712042,"9":0.0472103004,"10":0.021691974,"11":0.0392275196,"12":0.0508474576,"13":0.0210526316,"14":0.0129310345,"15":0.0579710145,"16":0.0352941176,"17":0.0227848101,"18":0.0494699647,"19":0.0,"20":0.005},"arabidopsis_AT2G31862":{"0":0.0006325111,"1":0.0005934718,"2":0.0,"3":0.0,"4":0.0,"5":0.0,"6":0.0,"7":0.0,"8":0.0,"9":0.0,"10":0.0,"11":0.0,"12":0.0,"13":0.0,"14":0.0,"15":0.0,"16":0.0,"17":0.0025316456,"18":0.0,"19":0.0,"20":0.0},"pennycress_Tarv.1014.HPI3.3.g108750":{"0":0.0,"1":0.0009057971,"2":0.0,"3":0.0,"4":0.0055096419,"5":0.0,"6":0.0013131976,"7":0.0013175231,"8":0.0,"9":0.0,"10":0.0,"11":0.0,"12":0.0,"13":0.0008038585,"14":0.0007122507,"15":0.0,"16":0.0,"17":0.001003009,"18":0.0,"19":0.0,"20":0.0},"pennycress_Tarv.1014.HPI3.3.g122260":{"0":0.0,"1":0.0,"2":0.0,"3":0.0,"4":0.0027548209,"5":0.0,"6":0.0006565988,"7":0.0,"8":0.0,"9":0.0,"10":0.0006341154,"11":0.0,"12":0.0,"13":0.0,"14":0.0,"15":0.0,"16":0.0,"17":0.0,"18":0.0,"19":0.0,"20":0.0},"pennycress_Tarv.1014.HPI3.3.g108290":{"0":0.0,"1":0.0,"2":0.0,"3":0.0,"4":0.0,"5":0.0,"6":0.0,"7":0.0,"8":0.0,"9":0.0,"10":0.0,"11":0.0,"12":0.0034482759,"13":0.0,"14":0.0,"15":0.0,"16":0.0,"17":0.0,"18":0.0,"19":0.0,"20":0.0},"arabidopsis_AT2G13985":{"0":0.0,"1":0.0,"2":0.0,"3":0.0,"4":0.0,"5":0.0,"6":0.0,"7":0.0,"8":0.0,"9":0.0,"10":0.0,"11":0.0,"12":0.0,"13":0.0,"14":0.0,"15":0.0,"16":0.0,"17":0.0,"18":0.0,"19":0.0,"20":0.0},"arabidopsis_AT4G03170":{"0":0.0,"1":0.0,"2":0.0,"3":0.0,"4":0.0,"5":0.0,"6":0.0,"7":0.0,"8":0.0,"9":0.0,"10":0.0,"11":0.0,"12":0.0,"13":0.0,"14":0.0,"15":0.0,"16":0.0,"17":0.0,"18":0.0,"19":0.0,"20":0.0},"arabidopsis_AT3G49610":{"0":0.0,"1":0.0,"2":0.0,"3":0.0,"4":0.0,"5":0.0,"6":0.0,"7":0.0,"8":0.0,"9":0.0,"10":0.0,"11":0.0,"12":0.0,"13":0.0,"14":0.0,"15":0.0,"16":0.0,"17":0.0,"18":0.0,"19":0.0,"20":0.0},"arabidopsis_AT1G50220":{"0":0.0,"1":0.0,"2":0.0,"3":0.0,"4":0.0,"5":0.0,"6":0.0,"7":0.0,"8":0.0,"9":0.0,"10":0.0,"11":0.0,"12":0.0,"13":0.0,"14":0.0,"15":0.0,"16":0.0,"17":0.0,"18":0.0,"19":0.0,"20":0.0},"arabidopsis_AT1G05615":{"0":0.0,"1":0.0,"2":0.0,"3":0.0,"4":0.0,"5":0.0,"6":0.0,"7":0.0,"8":0.0,"9":0.0,"10":0.0,"11":0.0,"12":0.0,"13":0.0,"14":0.0,"15":0.0,"16":0.0,"17":0.0,"18":0.0,"19":0.0,"20":0.0},"arabidopsis_AT2G18810":{"0":0.0,"1":0.0,"2":0.0,"3":0.0,"4":0.0,"5":0.0,"6":0.0,"7":0.0,"8":0.0,"9":0.0,"10":0.0,"11":0.0,"12":0.0,"13":0.0,"14":0.0,"15":0.0,"16":0.0,"17":0.0,"18":0.0,"19":0.0,"20":0.0},"pennycress_Tarv.1014.HPI3.3.g118680":{"0":0.0,"1":0.0,"2":0.0,"3":0.0,"4":0.0,"5":0.0,"6":0.0,"7":0.0,"8":0.0,"9":0.0,"10":0.0,"11":0.0,"12":0.0,"13":0.0,"14":0.0,"15":0.0,"16":0.0,"17":0.0,"18":0.0,"19":0.0,"20":0.0},"arabidopsis_AT2G32645":{"0":0.0,"1":0.0,"2":0.0,"3":0.0,"4":0.0,"5":0.0,"6":0.0,"7":0.0,"8":0.0,"9":0.0,"10":0.0,"11":0.0,"12":0.0,"13":0.0,"14":0.0,"15":0.0,"16":0.0,"17":0.0,"18":0.0,"19":0.0,"20":0.0},"pennycress_Tarv.1014.HPI3.5.g218430":{"0":0.0,"1":0.0,"2":0.0,"3":0.0,"4":0.0,"5":0.0,"6":0.0,"7":0.0,"8":0.0,"9":0.0,"10":0.0,"11":0.0,"12":0.0,"13":0.0,"14":0.0,"15":0.0,"16":0.0,"17":0.0,"18":0.0,"19":0.0,"20":0.0},"arabidopsis_AT1G78635":{"0":0.0,"1":0.0,"2":0.0,"3":0.0,"4":0.0,"5":0.0,"6":0.0,"7":0.0,"8":0.0,"9":0.0,"10":0.0,"11":0.0,"12":0.0,"13":0.0,"14":0.0,"15":0.0,"16":0.0,"17":0.0,"18":0.0,"19":0.0,"20":0.0},"pennycress_Tarv.1014.HPI3.1.g006520":{"0":0.0,"1":0.0,"2":0.0,"3":0.0,"4":0.0,"5":0.0,"6":0.0,"7":0.0,"8":0.0,"9":0.0,"10":0.0,"11":0.0,"12":0.0,"13":0.0,"14":0.0,"15":0.0,"16":0.0,"17":0.0,"18":0.0,"19":0.0,"20":0.0},"pennycress_Tarv.1014.HPI3.1.g019740":{"0":0.0,"1":0.0004528986,"2":0.0,"3":0.0,"4":0.0,"5":0.0012903226,"6":0.0,"7":0.0,"8":0.0,"9":0.0,"10":0.0,"11":0.0,"12":0.0,"13":0.001607717,"14":0.0,"15":0.0,"16":0.0,"17":0.001003009,"18":0.0,"19":0.0,"20":0.0},"pennycress_Tarv.1014.HPI3.5.g197730":{"0":0.0,"1":0.0,"2":0.0,"3":0.0,"4":0.0,"5":0.0,"6":0.0,"7":0.0,"8":0.0,"9":0.0,"10":0.0,"11":0.0,"12":0.0,"13":0.0,"14":0.0,"15":0.0,"16":0.0,"17":0.0,"18":0.0,"19":0.0,"20":0.0},"pennycress_Tarv.1014.HPI3.3.g118710":{"0":0.0,"1":0.0,"2":0.0,"3":0.0,"4":0.0,"5":0.0,"6":0.0,"7":0.0,"8":0.0,"9":0.0,"10":0.0,"11":0.0,"12":0.0,"13":0.0,"14":0.0,"15":0.0,"16":0.0015313936,"17":0.0,"18":0.0,"19":0.0,"20":0.0},"arabidopsis_AT1G78640":{"0":0.0,"1":0.0,"2":0.0,"3":0.0,"4":0.0,"5":0.0,"6":0.0,"7":0.0,"8":0.0,"9":0.0,"10":0.0,"11":0.0,"12":0.0,"13":0.0,"14":0.0,"15":0.0,"16":0.0,"17":0.0,"18":0.0,"19":0.0,"20":0.0},"arabidopsis_AT4G03160":{"0":0.0,"1":0.0,"2":0.0,"3":0.0,"4":0.0,"5":0.0,"6":0.0,"7":0.0,"8":0.0,"9":0.0,"10":0.0,"11":0.0,"12":0.0,"13":0.0,"14":0.0,"15":0.0,"16":0.0,"17":0.0,"18":0.0,"19":0.0,"20":0.0},"arabidopsis_AT1G20600":{"0":0.0,"1":0.0,"2":0.0,"3":0.0,"4":0.0,"5":0.0,"6":0.0,"7":0.0,"8":0.0,"9":0.0,"10":0.0,"11":0.0,"12":0.0,"13":0.0,"14":0.0,"15":0.0,"16":0.0,"17":0.0,"18":0.0,"19":0.0,"20":0.0},"pennycress_Tarv.1014.HPI3.3.g119260":{"0":0.0,"1":0.0,"2":0.0,"3":0.0,"4":0.0,"5":0.0,"6":0.0,