{"soybean_Gmax.la3.HPI3.Chr08.g170020":{"0":0.10896196,"1":0.1158536585,"2":0.2103879027,"3":0.1108230719,"4":0.1110271903,"5":0.2345098039,"6":0.1183013145,"7":0.0692612137,"8":0.1464379947,"9":0.0663430421,"10":0.0769230769,"11":0.2857142857,"12":0.1223404255,"13":0.0,"14":0.0,"15":0.3833333333,"16":0.0553191489,"17":0.08,"18":0.0,"19":0.0979591837,"20":0.0909090909},"soybean_Gmax.la3.HPI3.Chr17.g404460":{"0":0.0483558994,"1":0.0533536585,"2":0.0966469428,"3":0.0440699935,"4":0.0339879154,"5":0.2956862745,"6":0.0333670374,"7":0.0375989446,"8":0.036939314,"9":0.0647249191,"10":0.0,"11":0.0,"12":0.0478723404,"13":0.0,"14":0.0,"15":0.1166666667,"16":0.029787234,"17":0.0,"18":0.0,"19":0.0530612245,"20":0.3636363636},"soybean_Gmax.la3.HPI3.Chr09.g210770":{"0":0.0245003224,"1":0.0342987805,"2":0.0414201183,"3":0.023331173,"4":0.0234138973,"5":0.0729411765,"6":0.0151668352,"7":0.2961741425,"8":0.0158311346,"9":0.0323624595,"10":0.0,"11":0.2857142857,"12":0.0265957447,"13":0.0,"14":0.0,"15":0.0666666667,"16":0.029787234,"17":0.44,"18":0.0,"19":0.1959183673,"20":0.9090909091},"soybean_Gmax.la3.HPI3.Chr18.g434960":{"0":0.0103159252,"1":0.0213414634,"2":0.0092044707,"3":0.0116655865,"4":0.0113293051,"5":0.0109803922,"6":0.0141557128,"7":0.3324538259,"8":0.0085751979,"9":0.0113268608,"10":0.0,"11":0.0,"12":0.0,"13":0.0,"14":0.0,"15":0.0166666667,"16":0.0276595745,"17":0.4,"18":0.0,"19":0.0204081633,"20":0.0909090909},"soybean_Gmax.la3.HPI3.Chr07.g157180":{"0":0.0077369439,"1":0.0114329268,"2":0.006574622,"3":0.004536617,"4":0.002265861,"5":0.0062745098,"6":0.0080889788,"7":0.1965699208,"8":0.0092348285,"9":0.0113268608,"10":0.0,"11":0.0,"12":0.0,"13":0.0,"14":0.0,"15":0.0,"16":0.0021276596,"17":0.36,"18":0.0,"19":0.0040816327,"20":0.0},"soybean_Gmax.la3.HPI3.Chr05.g112170":{"0":0.1379754997,"1":0.0228658537,"2":0.0282708744,"3":0.0667530784,"4":0.0347432024,"5":0.1074509804,"6":0.0343781598,"7":0.1431398417,"8":0.0725593668,"9":0.069579288,"10":0.0,"11":0.0,"12":0.0265957447,"13":0.0,"14":0.0,"15":0.0666666667,"16":0.0425531915,"17":0.12,"18":0.0,"19":0.093877551,"20":0.0},"soybean_Gmax.la3.HPI3.Chr05.g095660":{"0":0.0103159252,"1":0.0388719512,"2":0.0558842867,"3":0.0252754375,"4":0.0407854985,"5":0.1937254902,"6":0.0333670374,"7":0.0204485488,"8":0.0191292876,"9":0.072815534,"10":0.0,"11":0.0,"12":0.0478723404,"13":0.0,"14":0.0,"15":0.1666666667,"16":0.0255319149,"17":0.0,"18":0.3333333333,"19":0.0081632653,"20":0.4545454545},"soybean_Gmax.la3.HPI3.Chr05.g110830":{"0":0.0380399742,"1":0.0327743902,"2":0.0683760684,"3":0.1153596889,"4":0.0188821752,"5":0.0698039216,"6":0.026289181,"7":0.0204485488,"8":0.0362796834,"9":0.0161812298,"10":0.0769230769,"11":0.0,"12":0.0478723404,"13":0.0,"14":0.0,"15":0.15,"16":0.0340425532,"17":0.04,"18":0.0,"19":0.0326530612,"20":0.0909090909},"soybean_Gmax.la3.HPI3.Chr11.g256620":{"0":0.2011605416,"1":0.0365853659,"2":0.0986193294,"3":0.1419313027,"4":0.0422960725,"5":0.1843137255,"6":0.0687563195,"7":0.0646437995,"8":0.0521108179,"9":0.0469255663,"10":0.0,"11":0.0,"12":0.0372340426,"13":0.5,"14":0.0,"15":0.1,"16":0.070212766,"17":0.12,"18":0.3333333333,"19":0.093877551,"20":0.0},"arabidopsis_AT1G64060":{"0":0.2460468058,"1":0.140652819,"2":0.4680218146,"3":0.1630837658,"4":0.0816885965,"5":0.295845998,"6":0.0890207715,"7":0.0830388693,"8":0.1832460733,"9":0.0987124464,"10":0.295010846,"11":0.2456246228,"12":0.186440678,"13":0.3578947368,"14":0.1465517241,"15":0.5144927536,"16":0.0941176471,"17":0.3443037975,"18":0.4734982332,"19":0.1125,"20":0.16},"soybean_Gmax.la3.HPI3.Chr15.g370760":{"0":0.0083816892,"1":0.006097561,"2":0.0144641683,"3":0.0051847051,"4":0.003021148,"5":0.031372549,"6":0.0040444894,"7":0.0395778364,"8":0.0079155673,"9":0.0064724919,"10":0.0,"11":0.1428571429,"12":0.0,"13":0.0,"14":0.0,"15":0.0,"16":0.0,"17":0.08,"18":0.0,"19":0.0489795918,"20":0.2727272727},"pennycress_Tarv.1014.HPI3.5.g204050":{"0":0.175170068,"1":0.1467391304,"2":0.2326923077,"3":0.0577889447,"4":0.0275482094,"5":0.16,"6":0.0400525279,"7":0.2924901186,"8":0.0473568282,"9":0.0383647799,"10":0.0431198478,"11":0.1,"12":0.0586206897,"13":0.286977492,"14":0.0313390313,"15":0.1975806452,"16":0.0627871363,"17":0.6439317954,"18":0.1726457399,"19":0.1699507389,"20":1.0},"soybean_Gmax.la3.HPI3.Chr04.g088350":{"0":0.0373952289,"1":0.0205792683,"2":0.0315581854,"3":0.0291639663,"4":0.0120845921,"5":0.0298039216,"6":0.0171890799,"7":0.0145118734,"8":0.0257255937,"9":0.0161812298,"10":0.0,"11":0.0,"12":0.0159574468,"13":0.0,"14":0.0,"15":0.0,"16":0.0127659574,"17":0.0,"18":0.0,"19":0.0204081633,"20":0.0},"pennycress_Tarv.1014.HPI3.1.g014840":{"0":0.0969387755,"1":0.1951992754,"2":0.0538461538,"3":0.1306532663,"4":0.0247933884,"5":0.1419354839,"6":0.0321733421,"7":0.3675889328,"8":0.0616740088,"9":0.0440251572,"10":0.045022194,"11":0.0666666667,"12":0.0420689655,"13":0.3118971061,"14":0.0398860399,"15":0.1693548387,"16":0.0704441041,"17":0.5877632899,"18":0.1502242152,"19":0.0591133005,"20":0.0},"soybean_Gmax.la3.HPI3.Chr06.g130940":{"0":0.0251450677,"1":0.006097561,"2":0.0203813281,"3":0.0259235256,"4":0.0060422961,"5":0.0141176471,"6":0.0121334681,"7":0.0098944591,"8":0.0197889182,"9":0.0080906149,"10":0.0,"11":0.0,"12":0.0053191489,"13":0.0,"14":0.0,"15":0.0,"16":0.0106382979,"17":0.0,"18":0.0,"19":0.012244898,"20":0.0},"soybean_Gmax.la3.HPI3.Chr15.g370780":{"0":0.0032237266,"1":0.0030487805,"2":0.0052596976,"3":0.0025923526,"4":0.0,"5":0.0125490196,"6":0.0010111223,"7":0.02176781,"8":0.0019788918,"9":0.0,"10":0.0,"11":0.0,"12":0.0,"13":0.0,"14":0.0,"15":0.0,"16":0.0021276596,"17":0.0,"18":0.0,"19":0.012244898,"20":0.0909090909},"pennycress_Tarv.1014.HPI3.5.g214750":{"0":0.0544217687,"1":0.0828804348,"2":0.3769230769,"3":0.0540201005,"4":0.0055096419,"5":0.6206451613,"6":0.0177281681,"7":0.0382081686,"8":0.0286343612,"9":0.0238993711,"10":0.0374128091,"11":0.0333333333,"12":0.02,"13":0.0192926045,"14":0.0128205128,"15":0.164516129,"16":0.0581929556,"17":0.0230692076,"18":0.0403587444,"19":0.0467980296,"20":0.0},"arabidopsis_AT4G25090":{"0":0.1084756483,"1":0.0433234421,"2":0.0961824492,"3":0.0214974055,"4":0.0191885965,"5":0.0283687943,"6":0.0118694362,"7":0.1802120141,"8":0.0104712042,"9":0.025751073,"10":0.0086767896,"11":0.0929390465,"12":0.0169491525,"13":0.1026315789,"14":0.0086206897,"15":0.0507246377,"16":0.0205882353,"17":0.4405063291,"18":0.1307420495,"19":0.05,"20":0.0225},"arabidopsis_AT1G19230":{"0":0.073371284,"1":0.0379821958,"2":0.038671294,"3":0.0214974055,"4":0.014254386,"5":0.0891590679,"6":0.0118694362,"7":0.1996466431,"8":0.0209424084,"9":0.0128755365,"10":0.0238611714,"11":0.0247435124,"12":0.0,"13":0.2394736842,"14":0.0129310345,"15":0.0471014493,"16":0.0235294118,"17":0.5291139241,"18":0.074204947,"19":0.125,"20":0.3725},"arabidopsis_AT5G51060":{"0":0.0660974067,"1":0.046884273,"2":0.0104115022,"3":0.0274277242,"4":0.0405701754,"5":0.0293819656,"6":0.0059347181,"7":0.2826855124,"8":0.0209424084,"9":0.0300429185,"10":0.0368763557,"11":0.025950513,"12":0.0169491525,"13":0.5,"14":0.0301724138,"15":0.0615942029,"16":0.0264705882,"17":0.6050632911,"18":0.2261484099,"19":0.0125,"20":0.0175},"arabidopsis_AT5G47910":{"0":0.1056293485,"1":0.059347181,"2":0.0629647992,"3":0.1393624907,"4":0.0158991228,"5":0.0395136778,"6":0.0623145401,"7":0.0141342756,"8":0.1047120419,"9":0.017167382,"10":0.0412147505,"11":0.0814725407,"12":0.0,"13":0.0184210526,"14":0.025862069,"15":0.0652173913,"16":0.0382352941,"17":0.0253164557,"18":0.0706713781,"19":0.025,"20":0.0325},"arabidopsis_AT5G07390":{"0":0.0673624288,"1":0.0100890208,"2":0.0069410015,"3":0.0163083766,"4":0.0054824561,"5":0.0577507599,"6":0.0089020772,"7":0.0053003534,"8":0.0,"9":0.008583691,"10":0.0065075922,"11":0.0181050091,"12":0.0,"13":0.0315789474,"14":0.0215517241,"15":0.0072463768,"16":0.0088235294,"17":0.0379746835,"18":0.0106007067,"19":0.0,"20":0.09},"pennycress_Tarv.1014.HPI3.4.g156520":{"0":0.0204081633,"1":0.0552536232,"2":0.0048076923,"3":0.0138190955,"4":0.0027548209,