{"pennycress_Tarv.1014.HPI3.5.g209760":{"0":0.324829932,"1":0.4057971014,"2":0.2028846154,"3":0.1331658291,"4":0.2672176309,"5":0.1664516129,"6":0.2186474064,"7":0.2121212121,"8":0.1156387665,"9":0.5943396226,"10":0.1090678503,"11":0.1666666667,"12":0.1462068966,"13":0.5562700965,"14":0.5413105413,"15":0.1838709677,"16":0.1439509954,"17":0.1685055165,"18":0.7174887892,"19":0.1822660099,"20":0.0},"arabidopsis_AT1G17285":{"0":0.0037950664,"1":0.0112759644,"2":0.0024789291,"3":0.0044477391,"4":0.1348684211,"5":0.0081053698,"6":0.0504451039,"7":0.0035335689,"8":0.0052356021,"9":0.0901287554,"10":0.0390455531,"11":0.0024140012,"12":0.3389830508,"13":0.1,"14":0.1034482759,"15":0.0072463768,"16":0.0117647059,"17":0.0025316456,"18":0.0636042403,"19":0.0,"20":0.005},"arabidopsis_AT2G07722":{"0":0.0,"1":0.0,"2":0.0,"3":0.0,"4":0.0,"5":0.0,"6":0.0,"7":0.0,"8":0.0,"9":0.0,"10":0.0,"11":0.0,"12":0.0,"13":0.0,"14":0.0,"15":0.0,"16":0.0,"17":0.0,"18":0.0,"19":0.0,"20":0.0},"soybean_Gmax.la3.HPI3.Chr08.g202490":{"0":0.0154738878,"1":0.0182926829,"2":0.0138067061,"3":0.0226830849,"4":0.0083081571,"5":0.0219607843,"6":0.0182002022,"7":0.0098944591,"8":0.0092348285,"9":0.0242718447,"10":0.0769230769,"11":0.0,"12":0.0106382979,"13":0.0,"14":0.0,"15":0.0,"16":0.0319148936,"17":0.0,"18":0.0,"19":0.0285714286,"20":0.0},"pennycress_Tarv.1014.HPI3.1.g011100":{"0":0.0,"1":0.0,"2":0.0,"3":0.0037688442,"4":0.0,"5":0.0,"6":0.0,"7":0.0,"8":0.0,"9":0.0,"10":0.0,"11":0.0,"12":0.0,"13":0.0,"14":0.0,"15":0.0,"16":0.0,"17":0.0,"18":0.0,"19":0.0,"20":0.0},"soybean_Gmax.la3.HPI3.Chr13.g319040":{"0":0.0,"1":0.0,"2":0.0006574622,"3":0.0,"4":0.000755287,"5":0.0,"6":0.0010111223,"7":0.0,"8":0.0,"9":0.003236246,"10":0.0,"11":0.0,"12":0.0,"13":0.0,"14":0.0,"15":0.0,"16":0.0,"17":0.0,"18":0.0,"19":0.0,"20":0.0},"arabidopsis_AT5G14330":{"0":0.064516129,"1":0.1097922849,"2":0.0327218642,"3":0.042994811,"4":0.0877192982,"5":0.0557244174,"6":0.0356083086,"7":0.8939929329,"8":0.0418848168,"9":0.0386266094,"10":0.0477223427,"11":0.0331925166,"12":0.0508474576,"13":0.1789473684,"14":0.0431034483,"15":0.0724637681,"16":0.0411764706,"17":0.4658227848,"18":0.1413427562,"19":0.0625,"20":0.07},"pennycress_Tarv.1014.HPI3.2.g065810":{"0":0.0,"1":0.0027173913,"2":0.0,"3":0.0087939698,"4":0.0,"5":0.0038709677,"6":0.007222587,"7":0.0,"8":0.0121145374,"9":0.0018867925,"10":0.0088776157,"11":0.0,"12":0.004137931,"13":0.0024115756,"14":0.0085470085,"15":0.0024193548,"16":0.02143951,"17":0.0020060181,"18":0.0044843049,"19":0.0024630542,"20":0.0},"pennycress_Tarv.1014.HPI3.1.g048170":{"0":0.0,"1":0.0,"2":0.0,"3":0.0,"4":0.0,"5":0.0,"6":0.0,"7":0.0,"8":0.0,"9":0.0,"10":0.0,"11":0.0,"12":0.0,"13":0.0,"14":0.0,"15":0.0,"16":0.0,"17":0.0,"18":0.0,"19":0.0,"20":0.0},"soybean_Gmax.la3.HPI3.Chr15.g363080":{"0":0.0006447453,"1":0.0,"2":0.0,"3":0.0012961763,"4":0.000755287,"5":0.0,"6":0.0010111223,"7":0.0,"8":0.0019788918,"9":0.001618123,"10":0.0,"11":0.0,"12":0.0,"13":0.0,"14":0.0,"15":0.0,"16":0.0,"17":0.0,"18":0.0,"19":0.0040816327,"20":0.0},"arabidopsis_AT2G23445":{"0":0.0,"1":0.0,"2":0.0,"3":0.0,"4":0.0,"5":0.0,"6":0.0,"7":0.0,"8":0.0,"9":0.0,"10":0.0,"11":0.0,"12":0.0,"13":0.0,"14":0.0,"15":0.0,"16":0.0,"17":0.0,"18":0.0,"19":0.0,"20":0.0},"pennycress_Tarv.1014.HPI3.3.g113470":{"0":0.0,"1":0.0004528986,"2":0.0,"3":0.0,"4":0.0,"5":0.0,"6":0.0,"7":0.0,"8":0.0,"9":0.0,"10":0.0,"11":0.0,"12":0.0,"13":0.0,"14":0.0,"15":0.0,"16":0.0,"17":0.001003009,"18":0.0,"19":0.0,"20":0.0},"soybean_Gmax.la3.HPI3.Chr05.g104670":{"0":0.0,"1":0.0,"2":0.0,"3":0.0006480881,"4":0.0,"5":0.0007843137,"6":0.0010111223,"7":0.0,"8":0.0,"9":0.0,"10":0.0,"11":0.0,"12":0.0,"13":0.0,"14":0.0,"15":0.0,"16":0.0,"17":0.0,"18":0.0,"19":0.0040816327,"20":0.0},"pennycress_Tarv.1014.HPI3.7.g300600":{"0":0.0,"1":0.0018115942,"2":0.0009615385,"3":0.0012562814,"4":0.0,"5":0.0025806452,"6":0.0026263953,"7":0.0,"8":0.0,"9":0.0006289308,"10":0.003170577,"11":0.0,"12":0.0006896552,"13":0.0,"14":0.0028490028,"15":0.0008064516,"16":0.0321592649,"17":0.001003009,"18":0.0,"19":0.0049261084,"20":0.0},"arabidopsis_AT5G64667":{"0":0.0,"1":0.0,"2":0.0,"3":0.0,"4":0.0,"5":0.0,"6":0.0029673591,"7":0.0,"8":0.0,"9":0.0,"10":0.0,"11":0.0,"12":0.0,"13":0.0,"14":0.0,"15":0.0,"16":0.0,"17":0.0,"18":0.0,"19":0.0,"20":0.0},"arabidopsis_AT1G69970":{"0":0.0,"1":0.0023738872,"2":0.0009915716,"3":0.0022238695,"4":0.0027412281,"5":0.0020263425,"6":0.0,"7":0.0,"8":0.0,"9":0.0,"10":0.0021691974,"11":0.0006035003,"12":0.0,"13":0.0,"14":0.0,"15":0.0,"16":0.0294117647,"17":0.0,"18":0.0035335689,"19":0.0,"20":0.0},"arabidopsis_AT4G18335":{"0":0.0,"1":0.0,"2":0.0,"3":0.0,"4":0.0027412281,"5":0.0,"6":0.0,"7":0.0,"8":0.0,"9":0.0,"10":0.0,"11":0.0,"12":0.0,"13":0.0,"14":0.0,"15":0.0,"16":0.0,"17":0.0,"18":0.0,"19":0.0,"20":0.0},"soybean_Gmax.la3.HPI3.Chr07.g162960":{"0":0.0,"1":0.0,"2":0.0,"3":0.0058327933,"4":0.0,"5":0.0,"6":0.0010111223,"7":0.0,"8":0.0,"9":0.0,"10":0.0,"11":0.0,"12":0.0,"13":0.0,"14":0.0,"15":0.0,"16":0.0,"17":0.0,"18":0.0,"19":0.0,"20":0.0},"pennycress_Tarv.1014.HPI3.2.g053980":{"0":0.0017006803,"1":0.0,"2":0.0009615385,"3":0.0,"4":0.0,"5":0.0,"6":0.0,"7":0.0013175231,"8":0.0044052863,"9":0.0,"10":0.0006341154,"11":0.0,"12":0.0,"13":0.0,"14":0.0,"15":0.0,"16":0.0,"17":0.0,"18":0.0022421525,"19":0.0,"20":0.0},"pennycress_Tarv.1014.HPI3.4.g148070":{"0":0.0,"1":0.0022644928,"2":0.0009615385,"3":0.0,"4":0.0,"5":0.0,"6":0.0019697965,"7":0.0,"8":0.0022026432,"9":0.0094339623,"10":0.0,"11":0.0,"12":0.0,"13":0.0,"14":0.0,"15":0.0,"16":0.0,"17":0.0,"18":0.0,"19":0.0,"20":0.0},"soybean_Gmax.la3.HPI3.Chr08.g179980":{"0":0.0,"1":0.0030487805,"2":0.0006574622,"3":0.0012961763,"4":0.001510574,"5":0.0023529412,"6":0.0020222447,"7":0.0006596306,"8":0.0,"9":0.0,"10":0.0,"11":0.0,"12":0.0,"13":0.0,"14":0.0,"15":0.0,"16":0.0,"17":0.0,"18":0.0,"19":0.0,"20":0.0},"arabidopsis_AT5G03120":{"0":0.0,"1":0.0005934718,"2":0.0014873575,"3":0.0007412898,"4":0.0,"5":0.0010131712,"6":0.0029673591,"7":0.0,"8":0.0,"9":0.0,"10":0.0,"11":0.0,"12":0.0,"13":0.0,"14":0.0,"15":0.0,"16":0.0,"17":0.0,"18":0.0,"19":0.0,"20":0.0},"pennycress_Tarv.1014.HPI3.1.g041170":{"0":0.0051020408,"1":0.0009057971,"2":0.0057692308,"3":0.0025125628,"4":0.0055096419,"5":0.0038709677,"6":0.0,"7":0.0013175231,"8":0.0,"9":0.0006289308,"10":0.0,"11":0.0333333333,"12":0.0013793103,"13":0.0,"14":0.0,"15":0.0,"16":0.0,"17":0.0,"18":0.0,"19":0.0,"20":0.0},"pennycress_Tarv.1014.HPI3.6.g243270":{"0":0.0,"1":0.0013586957,"2":0.0019230769,"3":0.0113065327,"4":0.0,"5":0.0038709677,"6":0.0,"7":0.0039525692,"8":0.0143171806,"9":0.0,"10":0.0006341154,"11":0.0,"12":0.0020689655,"13":0.0008038585,"14":0.0021367521,"15":0.0016129032,"16":0.0,"17":0.0,"18":0.0,"19":0.0,"20":0.0},"arabidopsis_AT5G09805":{"0":0.0003162555,"1":0.0,"2":0.0,"3":0.0007412898,"4":0.0,"5":0.0,"6":0.0,"7":0.0,"8":0.0,"9":0.0,"10":0.0,"11":0.0006035003,"12":0.0,"13":0.0,"14":0.0,"15":0.0,"16":0.0,"17":0.0,"18":0.0,"19":0.0,"20":0.0},"arabidopsis_AT2G31083":{"0":0.0015812777,"1":0.0041543027,"2":0.0009915716,"3":0.0022238695,"4":0.0010964912,"5":0.0040526849,"6":0.0029673591,"7":0.0,"8":0.0052356021,"9":0.0,"10":0.032537961,"11":0.0006035003,"12":0.0,"13":0.0052631579,"14":0.0,"15":0.0036231884,"16":0.0,"17":0.0151898734,"18":0.0,"19":0.0125,"20":0.0025},"arabidopsis_AT3G18715":{"0":0.0003162555,"1":0.0029673591,"2":0.0004957858,"3":0.0007412898,"4":0.0027412281,"5":0.0020263425,"6":0.0089020772,"7":0.0,"8":0.0209424084,"9":0.0,"10":0.0021691974,"11":0.0,"12":0.0,"13":0.0,"14":0.0,"15":0.0,"16":0.0,"17":0.0,"18":0.0,"19":0.0,"20":0.0},"arabidopsis_AT2G07776":{"0":0.0037950664,"1":0.0083086053,"2":0.0034705007,"3":0.009636768,"4":0.0279605263,"5":0.0050658561,"6":0.0296735905,"7":0.0017667845,"8":0.0104712042,"9":0.008583691,"10":0.010845987,"11":0.0024140012,"12":0.0169491525,"13":0.0052631579,"14":0.0431034483,"15":0.0072463768,"16":0.0058823529,"17":0.0101265823,"18":0.0035335689,"19":0.0,"20":0.005}}