{"arabidopsis_AT5G37740":{"0":0.3247944339,"1":0.1893175074,"2":0.4744670302,"3":0.1230541142,"4":0.125,"5":0.2441742655,"6":0.0741839763,"7":0.1378091873,"8":0.0732984293,"9":0.2060085837,"10":0.1062906725,"11":0.4206397103,"12":0.0677966102,"13":0.35,"14":0.2413793103,"15":0.4601449275,"16":0.1264705882,"17":0.2481012658,"18":0.4169611307,"19":0.1,"20":0.1625},"soybean_Gmax.la3.HPI3.Chr03.g049880":{"0":0.0992907801,"1":0.081554878,"2":0.0223537147,"3":0.0408295528,"4":0.0234138973,"5":0.0243137255,"6":0.0242669363,"7":0.1154353562,"8":0.0395778364,"9":0.0647249191,"10":0.0769230769,"11":0.0,"12":0.0106382979,"13":0.0,"14":0.0,"15":0.0833333333,"16":0.0787234043,"17":0.04,"18":0.3333333333,"19":0.0612244898,"20":0.0},"pennycress_Tarv.1014.HPI3.2.g090410":{"0":0.1088435374,"1":0.3496376812,"2":0.0836538462,"3":0.108040201,"4":0.1129476584,"5":0.1096774194,"6":0.1037426133,"7":0.4927536232,"8":0.1607929515,"9":0.127672956,"10":0.1179454661,"11":0.0666666667,"12":0.1213793103,"13":0.4196141479,"14":0.1588319088,"15":0.289516129,"16":0.1577335375,"17":0.2708124373,"18":0.2600896861,"19":0.1625615764,"20":0.0},"soybean_Gmax.la3.HPI3.Chr07.g152540":{"0":0.0386847195,"1":0.0670731707,"2":0.0170940171,"3":0.0200907323,"4":0.0219033233,"5":0.0125490196,"6":0.0384226491,"7":0.073878628,"8":0.0277044855,"9":0.0404530744,"10":0.0,"11":0.0,"12":0.0212765957,"13":0.0,"14":0.0,"15":0.0333333333,"16":0.0191489362,"17":0.04,"18":0.0,"19":0.0653061224,"20":0.0909090909},"pennycress_Tarv.1014.HPI3.3.g092500":{"0":0.2891156463,"1":0.4524456522,"2":0.3057692308,"3":0.3027638191,"4":0.2093663912,"5":0.3032258065,"6":0.3276428102,"7":0.3820816864,"8":0.2962555066,"9":0.2622641509,"10":0.310082435,"11":0.3666666667,"12":0.3179310345,"13":0.384244373,"14":0.2670940171,"15":0.3709677419,"16":0.3874425727,"17":0.3209628887,"18":0.2937219731,"19":0.1822660099,"20":0.0},"pennycress_Tarv.1014.HPI3.7.g296500":{"0":0.0340136054,"1":0.0711050725,"2":0.0125,"3":0.0175879397,"4":0.0055096419,"5":0.0141935484,"6":0.021667761,"7":0.1884057971,"8":0.0198237885,"9":0.0150943396,"10":0.017121116,"11":0.0333333333,"12":0.0096551724,"13":0.0731511254,"14":0.0156695157,"15":0.0137096774,"16":0.0137825421,"17":0.3570712136,"18":0.0112107623,"19":0.0197044335,"20":0.0},"soybean_Gmax.la3.HPI3.Chr17.g407400":{"0":0.192134107,"1":0.068597561,"2":0.1268902038,"3":0.1302657161,"4":0.0906344411,"5":0.0949019608,"6":0.1203235592,"7":0.0897097625,"8":0.1055408971,"9":0.0906148867,"10":0.0769230769,"11":0.0,"12":0.1010638298,"13":0.0,"14":0.0,"15":0.1333333333,"16":0.114893617,"17":0.16,"18":0.3333333333,"19":0.1428571429,"20":0.0909090909},"soybean_Gmax.la3.HPI3.Chr20.g484490":{"0":0.0128949065,"1":0.0038109756,"2":0.0052596976,"3":0.0025923526,"4":0.0173716012,"5":0.0047058824,"6":0.0101112235,"7":0.0857519789,"8":0.0105540897,"9":0.0177993528,"10":0.0,"11":0.0,"12":0.0106382979,"13":0.0,"14":0.0,"15":0.0166666667,"16":0.0106382979,"17":0.08,"18":0.0,"19":0.012244898,"20":0.0},"arabidopsis_AT1G63220":{"0":0.0471220746,"1":0.0385756677,"2":0.0267724343,"3":0.0296515938,"4":0.0860745614,"5":0.0253292806,"6":0.0237388724,"7":0.2632508834,"8":0.0471204188,"9":0.0515021459,"10":0.0260303688,"11":0.0325890163,"12":0.0338983051,"13":0.2815789474,"14":0.0431034483,"15":0.0398550725,"16":0.0235294118,"17":0.2886075949,"18":0.1766784452,"19":0.0375,"20":0.02},"arabidopsis_AT2G20990":{"0":0.0923466161,"1":0.1056379822,"2":0.0823004462,"3":0.0896960712,"4":0.1781798246,"5":0.071935157,"6":0.1216617211,"7":0.1819787986,"8":0.0890052356,"9":0.1158798283,"10":0.1540130152,"11":0.0675920338,"12":0.0677966102,"13":0.1842105263,"14":0.0862068966,"15":0.152173913,"16":0.1647058824,"17":0.1974683544,"18":0.1660777385,"19":0.1375,"20":0.0925},"arabidopsis_AT3G55470":{"0":0.1907020873,"1":0.0504451039,"2":0.1125433813,"3":0.0318754633,"4":0.0328947368,"5":0.0557244174,"6":0.0237388724,"7":0.0424028269,"8":0.0,"9":0.0643776824,"10":0.032537961,"11":0.1478575739,"12":0.0,"13":0.1210526316,"14":0.1034482759,"15":0.1304347826,"16":0.05,"17":0.1746835443,"18":0.2332155477,"19":0.025,"20":0.06},"soybean_Gmax.la3.HPI3.Chr10.g246090":{"0":0.0367504836,"1":0.0045731707,"2":0.0052596976,"3":0.0071289695,"4":0.0052870091,"5":0.0078431373,"6":0.0050556117,"7":0.0527704485,"8":0.0059366755,"9":0.0242718447,"10":0.0,"11":0.1428571429,"12":0.0,"13":0.0,"14":0.0,"15":0.0,"16":0.0595744681,"17":0.12,"18":0.0,"19":0.0367346939,"20":0.0909090909},"arabidopsis_AT2G01540":{"0":0.0702087287,"1":0.0326409496,"2":0.0381755082,"3":0.0214974055,"4":0.0268640351,"5":0.053698075,"6":0.0089020772,"7":0.2137809187,"8":0.0314136126,"9":0.025751073,"10":0.0173535792,"11":0.0555220278,"12":0.0169491525,"13":0.3578947368,"14":0.0,"15":0.097826087,"16":0.0235294118,"17":0.2658227848,"18":0.0777385159,"19":0.025,"20":0.03},"pennycress_Tarv.1014.HPI3.2.g071110":{"0":0.0816326531,"1":0.0661231884,"2":0.0576923077,"3":0.0251256281,"4":0.0247933884,"5":0.0387096774,"6":0.0229809586,"7":0.1212121212,"8":0.0242290749,"9":0.0371069182,"10":0.0183893469,"11":0.0333333333,"12":0.0282758621,"13":0.1535369775,"14":0.0477207977,"15":0.0564516129,"16":0.0168453292,"17":0.146439318,"18":0.0919282511,"19":0.0320197044,"20":0.0},"arabidopsis_AT5G04220":{"0":0.0471220746,"1":0.0189910979,"2":0.0411502231,"3":0.0126019274,"4":0.0104166667,"5":0.022289767,"6":0.0178041543,"7":0.0035335689,"8":0.0157068063,"9":0.0,"10":0.0086767896,"11":0.0850935425,"12":0.0,"13":0.0026315789,"14":0.0129310345,"15":0.0072463768,"16":0.0117647059,"17":0.0101265823,"18":0.0106007067,"19":0.025,"20":0.3275},"soybean_Gmax.la3.HPI3.Chr19.g452000":{"0":0.0354609929,"1":0.0266768293,"2":0.0131492439,"3":0.0187945561,"4":0.0052870091,"5":0.017254902,"6":0.0141557128,"7":0.0164907652,"8":0.0092348285,"9":0.0113268608,"10":0.0,"11":0.0,"12":0.0053191489,"13":0.0,"14":0.0,"15":0.0,"16":0.0191489362,"17":0.0,"18":0.0,"19":0.0244897959,"20":0.0},"pennycress_Tarv.1014.HPI3.4.g135390":{"0":0.268707483,"1":0.1023550725,"2":0.2375,"3":0.0577889447,"4":0.041322314,"5":0.144516129,"6":0.0407091267,"7":0.0790513834,"8":0.063876652,"9":0.0440251572,"10":0.0374128091,"11":0.1,"12":0.0517241379,"13":0.0594855305,"14":0.0405982906,"15":0.0822580645,"16":0.0719754977,"17":0.0641925777,"18":0.2107623318,"19":0.0418719212,"20":0.0},"soybean_Gmax.la3.HPI3.Chr09.g217990":{"0":0.0180528691,"1":0.0236280488,"2":0.006574622,"3":0.0084251458,"4":0.0067975831,"5":0.0031372549,"6":0.0070778564,"7":0.0290237467,"8":0.0052770449,"9":0.0145631068,"10":0.0,"11":0.0,"12":0.0,"13":0.0,"14":0.0,"15":0.0,"16":0.0,"17":0.0,"18":0.0,"19":0.012244898,"20":0.0},"pennycress_Tarv.1014.HPI3.7.g299600":{"0":0.137755102,"1":0.0597826087,"2":0.0403846154,"3":0.0251256281,"4":0.0027548209,"5":0.0567741935,"6":0.0137885752,"7":0.1146245059,"8":0.018722467,"9":0.0301886792,"10":0.0088776157,"11":0.0,"12":0.0117241379,"13":0.0217041801,"14":0.0128205128,"15":0.014516129,"16":0.0245022971,"17":0.112337011,"18":0.0470852018,"19":0.0197044335,"20":0.0},"pennycress_Tarv.1014.HPI3.5.g218580":{"0":0.1003401361,"1":0.1951992754,"2":0.1288461538,"3":0.1457286432,"4":0.1404958678,"5":0.1161290323,"6":0.1818778726,"7":0.1357048748,"8":0.1464757709,"9":0.1528301887,"10":0.1629676601,"11":0.0666666667,"12":0.1551724138,"13":0.1881028939,"14":0.188034188,"15":0.2161290323,"16":0.1592649311,"17":0.1263791374,"18":0.1434977578,"19":0.1157635468,"20":1.0},"arabidopsis_AT1G05500":{"0":0.0382669197,"1":0.0451038576,"2":0.0376797224,"3":0.0407709414,"4":0.069627193,"5":0.0526849037,"6":0.0771513353,"7":0.0689045936,"8":0.0366492147,"9":0.0772532189,"10":0.0585683297,"11":0.0350030175,"12":0.0508474576,"13":0.0894736842,"14":0.0775862069,"15":0.0507246377,"16":0.0588235294,"17":0.1164556962,"18":0.0883392226,"19":0.0625,"20":0.0375},"soybean_Gmax.la3.HPI3.Chr06.g121990":{"0":0.0012894907,"1":0.0022865854,"2":0.0013149244,"3":0.0025923526,"4":0.001510574,"5":0.0062745098,"6":0.0020222447,"7":0.003298153,"8":0.0204485488,"9":0.001618123,"10":0.0,"11":0.1428571429,