{"arabidopsis_AT1G56220":{"0":0.1451612903,"1":0.2089020772,"2":0.4348041646,"3":0.3254262417,"4":0.2088815789,"5":0.2786220871,"6":0.1661721068,"7":0.2685512367,"8":0.3036649215,"9":0.2446351931,"10":0.1843817787,"11":0.191913096,"12":0.3728813559,"13":0.3947368421,"14":0.2370689655,"15":0.3442028986,"16":0.1764705882,"17":0.5518987342,"18":0.1625441696,"19":0.25,"20":0.195},"soybean_Gmax.la3.HPI3.Chr09.g210360":{"0":0.0412637008,"1":0.0381097561,"2":0.0407626561,"3":0.120544394,"4":0.0332326284,"5":0.0368627451,"6":0.0728008089,"7":0.0303430079,"8":0.1332453826,"9":0.0258899676,"10":0.0,"11":0.0,"12":0.0212765957,"13":0.0,"14":0.0,"15":0.0166666667,"16":0.085106383,"17":0.04,"18":0.0,"19":0.0775510204,"20":0.0},"pennycress_Tarv.1014.HPI3.1.g030060":{"0":0.0884353741,"1":0.0330615942,"2":0.1173076923,"3":0.0577889447,"4":0.0027548209,"5":0.0361290323,"6":0.0249507551,"7":0.0171277997,"8":0.1960352423,"9":0.0132075472,"10":0.0488268865,"11":0.1,"12":0.0096551724,"13":0.0297427653,"14":0.00997151,"15":0.0137096774,"16":0.0398162328,"17":0.1173520562,"18":0.1053811659,"19":0.0344827586,"20":0.0},"soybean_Gmax.la3.HPI3.Chr10.g240540":{"0":0.0638297872,"1":0.0487804878,"2":0.063773833,"3":0.0311082307,"4":0.0098187311,"5":0.0298039216,"6":0.0151668352,"7":0.0197889182,"8":0.0138522427,"9":0.0210355987,"10":0.0,"11":0.0,"12":0.0106382979,"13":0.0,"14":0.0,"15":0.0333333333,"16":0.0191489362,"17":0.12,"18":0.0,"19":0.0244897959,"20":0.0},"soybean_Gmax.la3.HPI3.Chr15.g370090":{"0":0.0083816892,"1":0.012195122,"2":0.0164365549,"3":0.0537913156,"4":0.0120845921,"5":0.0180392157,"6":0.0313447927,"7":0.0085751979,"8":0.0580474934,"9":0.0113268608,"10":0.0,"11":0.0,"12":0.0053191489,"13":0.0,"14":0.0,"15":0.0,"16":0.0127659574,"17":0.0,"18":0.0,"19":0.0204081633,"20":0.0},"pennycress_Tarv.1014.HPI3.6.g237820":{"0":0.0136054422,"1":0.0507246377,"2":0.0201923077,"3":0.0238693467,"4":0.0385674931,"5":0.0219354839,"6":0.1175311884,"7":0.0144927536,"8":0.045154185,"9":0.1710691824,"10":0.069752695,"11":0.0,"12":0.1096551724,"13":0.0691318328,"14":0.1111111111,"15":0.0758064516,"16":0.0535987749,"17":0.0050150451,"18":0.0246636771,"19":0.0320197044,"20":0.0},"soybean_Gmax.la3.HPI3.Chr03.g068680":{"0":0.0341715023,"1":0.0419207317,"2":0.0282708744,"3":0.0311082307,"4":0.0083081571,"5":0.0384313725,"6":0.0171890799,"7":0.0158311346,"8":0.0204485488,"9":0.0161812298,"10":0.0,"11":0.0,"12":0.0212765957,"13":0.0,"14":0.0,"15":0.0,"16":0.029787234,"17":0.0,"18":0.0,"19":0.0285714286,"20":0.0},"soybean_Gmax.la3.HPI3.Chr20.g490020":{"0":0.031592521,"1":0.0221036585,"2":0.0315581854,"3":0.0187945561,"4":0.0075528701,"5":0.0156862745,"6":0.0131445905,"7":0.0092348285,"8":0.0105540897,"9":0.0048543689,"10":0.0,"11":0.0,"12":0.0053191489,"13":0.0,"14":0.0,"15":0.0333333333,"16":0.014893617,"17":0.0,"18":0.0,"19":0.0816326531,"20":0.0},"pennycress_Tarv.1014.HPI3.5.g174820":{"0":0.018707483,"1":0.0511775362,"2":0.025,"3":0.0515075377,"4":0.0771349862,"5":0.0425806452,"6":0.14445174,"7":0.0092226614,"8":0.1795154185,"9":0.1157232704,"10":0.0951173114,"11":0.0,"12":0.1165517241,"13":0.0675241158,"14":0.1004273504,"15":0.1459677419,"16":0.0352220521,"17":0.0150451354,"18":0.0448430493,"19":0.0320197044,"20":0.0},"pennycress_Tarv.1014.HPI3.3.g113440":{"0":0.0085034014,"1":0.0058876812,"2":0.0134615385,"3":0.0175879397,"4":0.0,"5":0.0116129032,"6":0.0111621799,"7":0.0065876153,"8":0.1101321586,"9":0.0025157233,"10":0.0158528852,"11":0.0,"12":0.0062068966,"13":0.0032154341,"14":0.0014245014,"15":0.0064516129,"16":0.0367534456,"17":0.0070210632,"18":0.0044843049,"19":0.0246305419,"20":0.0},"soybean_Gmax.la3.HPI3.Chr13.g308380":{"0":0.0051579626,"1":0.006097561,"2":0.0046022354,"3":0.0116655865,"4":0.0060422961,"5":0.0031372549,"6":0.0182002022,"7":0.0006596306,"8":0.0507915567,"9":0.0048543689,"10":0.0,"11":0.0,"12":0.0,"13":0.0,"14":0.0,"15":0.0,"16":0.0021276596,"17":0.0,"18":0.0,"19":0.0244897959,"20":0.0},"soybean_Gmax.la3.HPI3.Chr16.g386120":{"0":0.0006447453,"1":0.0007621951,"2":0.0013149244,"3":0.0077770577,"4":0.001510574,"5":0.0015686275,"6":0.0070778564,"7":0.0013192612,"8":0.0059366755,"9":0.0,"10":0.0,"11":0.0,"12":0.0,"13":0.0,"14":0.0,"15":0.0,"16":0.0659574468,"17":0.0,"18":0.0,"19":0.0,"20":0.0},"soybean_Gmax.la3.HPI3.Chr16.g384070":{"0":0.001934236,"1":0.0030487805,"2":0.0026298488,"3":0.0038885288,"4":0.001510574,"5":0.0,"6":0.0070778564,"7":0.0019788918,"8":0.0059366755,"9":0.001618123,"10":0.0,"11":0.1428571429,"12":0.0,"13":0.0,"14":0.0,"15":0.0,"16":0.029787234,"17":0.0,"18":0.0,"19":0.0,"20":0.0},"soybean_Gmax.la3.HPI3.Chr17.g401780":{"0":0.0045132173,"1":0.0030487805,"2":0.0052596976,"3":0.0220349968,"4":0.0060422961,"5":0.0039215686,"6":0.0161779575,"7":0.0052770449,"8":0.0494722955,"9":0.003236246,"10":0.0,"11":0.0,"12":0.0053191489,"13":0.0,"14":0.0,"15":0.0,"16":0.0042553191,"17":0.0,"18":0.0,"19":0.0204081633,"20":0.0},"pennycress_Tarv.1014.HPI3.5.g185850":{"0":0.0119047619,"1":0.0022644928,"2":0.0067307692,"3":0.0012562814,"4":0.0027548209,"5":0.0077419355,"6":0.0039395929,"7":0.0,"8":0.0022026432,"9":0.0018867925,"10":0.0057070387,"11":0.0666666667,"12":0.0006896552,"13":0.0024115756,"14":0.0014245014,"15":0.0024193548,"16":0.0842266462,"17":0.0030090271,"18":0.0,"19":0.0024630542,"20":0.0},"arabidopsis_AT5G20540":{"0":0.0566097407,"1":0.0765578635,"2":0.0699058007,"3":0.0704225352,"4":0.0263157895,"5":0.0567375887,"6":0.0445103858,"7":0.0265017668,"8":0.2565445026,"9":0.017167382,"10":0.0477223427,"11":0.0428485214,"12":0.0,"13":0.05,"14":0.0344827586,"15":0.1195652174,"16":0.1441176471,"17":0.1417721519,"18":0.0706713781,"19":0.0625,"20":0.0175},"soybean_Gmax.la3.HPI3.Chr09.g221450":{"0":0.0,"1":0.0015243902,"2":0.0006574622,"3":0.0019442644,"4":0.000755287,"5":0.0015686275,"6":0.0050556117,"7":0.0006596306,"8":0.0006596306,"9":0.0,"10":0.0,"11":0.0,"12":0.0,"13":0.0,"14":0.0,"15":0.0,"16":0.0425531915,"17":0.0,"18":0.0,"19":0.0,"20":0.0},"arabidopsis_AT3G14000":{"0":0.0082226439,"1":0.024925816,"2":0.0203272186,"3":0.0259451446,"4":0.0964912281,"5":0.0151975684,"6":0.1216617211,"7":0.0017667845,"8":0.1256544503,"9":0.0772532189,"10":0.0911062907,"11":0.0078455039,"12":0.1355932203,"13":0.0763157895,"14":0.1163793103,"15":0.0217391304,"16":0.0411764706,"17":0.0050632911,"18":0.038869258,"19":0.0375,"20":0.0125},"soybean_Gmax.la3.HPI3.Chr01.g010970":{"0":0.0012894907,"1":0.0007621951,"2":0.0026298488,"3":0.0019442644,"4":0.0,"5":0.0,"6":0.003033367,"7":0.0013192612,"8":0.0013192612,"9":0.003236246,"10":0.0,"11":0.0,"12":0.0,"13":0.0,"14":0.0,"15":0.0,"16":0.0468085106,"17":0.0,"18":0.0,"19":0.0040816327,"20":0.0},"arabidopsis_AT2G35600":{"0":0.0037950664,"1":0.0225519288,"2":0.0049578582,"3":0.0074128984,"4":0.0065789474,"5":0.0060790274,"6":0.0118694362,"7":0.0017667845,"8":0.0994764398,"9":0.0,"10":0.0021691974,"11":0.0018105009,"12":0.0,"13":0.0,"14":0.0,"15":0.0,"16":0.0117647059,"17":0.0,"18":0.0,"19":0.0125,"20":0.005},"arabidopsis_AT1G54180":{"0":0.0031625553,"1":0.0106824926,"2":0.0089241448,"3":0.0111193477,"4":0.0252192982,"5":0.0070921986,"6":0.056379822,"7":0.0017667845,"8":0.0366492147,"9":0.0472103004,"10":0.0433839479,"11":0.0024140012,"12":0.0169491525,"13":0.0736842105,"14":0.0560344828,"15":0.0036231884,"16":0.0088235294,"17":0.0050632911,"18":0.0035335689,"19":0.0,"20":0.0075},"arabidopsis_AT1G31880":{"0":0.0012650221,"1":0.0047477745,"2":0.0009915716,"3":0.0007412898,"4":0.0060307018,"5":0.0182370821,"6":0.0207715134,"7":0.0,"8":0.0104712042,"9":0.0,"10":0.0021691974,"11":0.0,"12":0.0,"13":0.0,"14":0.0043103448,"15":0.0,"16":0.0205882353,"17":0.0,"18":0.0,"19":0.0,"20":0.01},"arabidopsis_AT2G21030":{"0":0.0044275775,"1":0.0005934718,"2":0.0,"3":0.0,"4":0.0005482456,"5":0.0,"6":0.0,"7":0.0035335689,"8":0.0,"9":0.0,"10":0.0,"11":0.0012070006,"12":0.0,"13":0.0052631579,"14":0.0,"15":0.0,"16":0.0,"17":0.017721519,"18":0.0035335689,"19":0.0,"20":0.0}}