{"soybean_Gmax.la3.HPI3.Chr15.g376410":{"0":0.415860735,"1":0.0053353659,"2":0.0690335306,"3":0.0816591056,"4":0.0098187311,"5":0.017254902,"6":0.0252780586,"7":0.1596306069,"8":0.0145118734,"9":0.1375404531,"10":0.0,"11":0.0,"12":0.0106382979,"13":0.5,"14":0.0,"15":0.0,"16":0.1085106383,"17":0.08,"18":0.6666666667,"19":0.0448979592,"20":0.2727272727},"arabidopsis_AT1G28580":{"0":0.224857685,"1":0.1293768546,"2":0.2553296976,"3":0.1541882876,"4":0.0663377193,"5":0.1621073961,"6":0.0534124629,"7":0.0512367491,"8":0.109947644,"9":0.0987124464,"10":0.1062906725,"11":0.248038624,"12":0.0847457627,"13":0.0973684211,"14":0.125,"15":0.3007246377,"16":0.1352941176,"17":0.0708860759,"18":0.1590106007,"19":0.1125,"20":0.0975},"arabidopsis_AT2G27360":{"0":0.0600885515,"1":0.037388724,"2":0.1075855231,"3":0.014084507,"4":0.016995614,"5":0.0476190476,"6":0.0178041543,"7":0.0689045936,"8":0.0104712042,"9":0.0214592275,"10":0.0390455531,"11":0.082076041,"12":0.0,"13":0.1921052632,"14":0.0215517241,"15":0.2355072464,"16":0.0205882353,"17":0.1772151899,"18":0.1519434629,"19":0.025,"20":0.025},"arabidopsis_AT1G28660":{"0":0.0806451613,"1":0.046884273,"2":0.1383242439,"3":0.0170496664,"4":0.0175438596,"5":0.0830800405,"6":0.0178041543,"7":0.019434629,"8":0.0052356021,"9":0.0300429185,"10":0.0195227766,"11":0.178032589,"12":0.0,"13":0.0289473684,"14":0.025862069,"15":0.1557971014,"16":0.0264705882,"17":0.017721519,"18":0.0671378092,"19":0.0125,"20":0.0325},"arabidopsis_AT1G53990":{"0":0.0648323846,"1":0.0172106825,"2":0.0589985126,"3":0.0103780578,"4":0.0027412281,"5":0.0070921986,"6":0.0,"7":0.0017667845,"8":0.0104712042,"9":0.0042918455,"10":0.0065075922,"11":0.0808690404,"12":0.0,"13":0.0052631579,"14":0.0129310345,"15":0.018115942,"16":0.0058823529,"17":0.0050632911,"18":0.0106007067,"19":0.0,"20":0.005},"arabidopsis_AT1G53920":{"0":0.0268817204,"1":0.0136498516,"2":0.0118988597,"3":0.0118606375,"4":0.0076754386,"5":0.0101317123,"6":0.0029673591,"7":0.0265017668,"8":0.0,"9":0.025751073,"10":0.0065075922,"11":0.0356065178,"12":0.0169491525,"13":0.2052631579,"14":0.0129310345,"15":0.018115942,"16":0.0058823529,"17":0.0936708861,"18":0.0424028269,"19":0.0125,"20":0.005},"pennycress_Tarv.1014.HPI3.5.g182150":{"0":0.0510204082,"1":0.018115942,"2":0.0365384615,"3":0.0087939698,"4":0.0055096419,"5":0.0090322581,"6":0.0052527905,"7":0.0065876153,"8":0.0110132159,"9":0.0119496855,"10":0.0076093849,"11":0.0666666667,"12":0.0020689655,"13":0.0522508039,"14":0.0698005698,"15":0.0209677419,"16":0.0076569678,"17":0.0070210632,"18":0.3968609865,"19":0.0073891626,"20":0.0},"pennycress_Tarv.1014.HPI3.1.g008640":{"0":0.112244898,"1":0.1331521739,"2":0.0259615385,"3":0.0238693467,"4":0.0082644628,"5":0.0335483871,"6":0.0295469468,"7":0.0685111989,"8":0.0330396476,"9":0.020754717,"10":0.0272669626,"11":0.2,"12":0.0179310345,"13":0.0329581994,"14":0.0199430199,"15":0.0241935484,"16":0.0229709035,"17":0.0411233701,"18":0.230941704,"19":0.0172413793,"20":0.0},"pennycress_Tarv.1014.HPI3.5.g182120":{"0":0.0357142857,"1":0.1132246377,"2":0.0365384615,"3":0.1092964824,"4":0.0495867769,"5":0.0670967742,"6":0.0709126724,"7":0.0382081686,"8":0.1585903084,"9":0.0402515723,"10":0.1712111604,"11":0.0,"12":0.0848275862,"13":0.2049839228,"14":0.1851851852,"15":0.1427419355,"16":0.1041347626,"17":0.0341023069,"18":0.1995515695,"19":0.0443349754,"20":0.0},"pennycress_Tarv.1014.HPI3.5.g182090":{"0":0.074829932,"1":0.1598731884,"2":0.1086538462,"3":0.1394472362,"4":0.0330578512,"5":0.1638709677,"6":0.0945502298,"7":0.0566534914,"8":0.0726872247,"9":0.0666666667,"10":0.0951173114,"11":0.0333333333,"12":0.0655172414,"13":0.0868167203,"14":0.0733618234,"15":0.1322580645,"16":0.1056661562,"17":0.0300902708,"18":0.0784753363,"19":0.0640394089,"20":0.0},"soybean_Gmax.la3.HPI3.Chr13.g320580":{"0":0.0303030303,"1":0.0167682927,"2":0.0440499671,"3":0.0220349968,"4":0.0098187311,"5":0.0258823529,"6":0.0141557128,"7":0.015171504,"8":0.0125329815,"9":0.0129449838,"10":0.0,"11":0.0,"12":0.0159574468,"13":0.0,"14":0.0,"15":0.0166666667,"16":0.0191489362,"17":0.0,"18":0.0,"19":0.0244897959,"20":0.0909090909},"pennycress_Tarv.1014.HPI3.5.g182170":{"0":0.0697278912,"1":0.0480072464,"2":0.0538461538,"3":0.0113065327,"4":0.0082644628,"5":0.0180645161,"6":0.0059093894,"7":0.0711462451,"8":0.0110132159,"9":0.0094339623,"10":0.0126823082,"11":0.1,"12":0.0055172414,"13":0.2017684887,"14":0.0256410256,"15":0.0298387097,"16":0.0153139357,"17":0.1173520562,"18":0.130044843,"19":0.0123152709,"20":0.0},"arabidopsis_AT1G28670":{"0":0.0148640101,"1":0.012462908,"2":0.0302429351,"3":0.0118606375,"4":0.0109649123,"5":0.0192502533,"6":0.0089020772,"7":0.0035335689,"8":0.0052356021,"9":0.008583691,"10":0.0065075922,"11":0.0271575136,"12":0.0169491525,"13":0.0789473684,"14":0.0172413793,"15":0.0326086957,"16":0.0147058824,"17":0.0025316456,"18":0.0600706714,"19":0.0125,"20":0.005},"pennycress_Tarv.1014.HPI3.2.g068810":{"0":0.0476190476,"1":0.1136775362,"2":0.0490384615,"3":0.0326633166,"4":0.0247933884,"5":0.0477419355,"6":0.0269205515,"7":0.2635046113,"8":0.0198237885,"9":0.0496855346,"10":0.0323398859,"11":0.0,"12":0.0310344828,"13":0.0610932476,"14":0.0242165242,"15":0.0491935484,"16":0.1286370597,"17":0.4794383149,"18":0.4103139013,"19":0.0418719212,"20":0.0},"arabidopsis_AT1G53940":{"0":0.0028462998,"1":0.0077151335,"2":0.0084283589,"3":0.0007412898,"4":0.0005482456,"5":0.0709219858,"6":0.0029673591,"7":0.0,"8":0.0,"9":0.0,"10":0.0,"11":0.0042245021,"12":0.0,"13":0.0026315789,"14":0.0,"15":0.018115942,"16":0.0,"17":0.0075949367,"18":0.0,"19":0.0,"20":0.01},"arabidopsis_AT2G19060":{"0":0.0101201771,"1":0.0035608309,"2":0.0019831433,"3":0.0014825797,"4":0.0049342105,"5":0.0050658561,"6":0.0029673591,"7":0.054770318,"8":0.0,"9":0.0042918455,"10":0.0021691974,"11":0.0048280024,"12":0.0,"13":0.0526315789,"14":0.0086206897,"15":0.0,"16":0.0,"17":0.1949367089,"18":0.0318021201,"19":0.0,"20":0.0025},"soybean_Gmax.la3.HPI3.Chr15.g361740":{"0":0.0058027079,"1":0.0045731707,"2":0.0059171598,"3":0.0032404407,"4":0.002265861,"5":0.008627451,"6":0.0040444894,"7":0.0026385224,"8":0.0046174142,"9":0.003236246,"10":0.0,"11":0.0,"12":0.0,"13":0.0,"14":0.0,"15":0.0,"16":0.0085106383,"17":0.0,"18":0.0,"19":0.012244898,"20":0.0},"soybean_Gmax.la3.HPI3.Chr15.g362500":{"0":0.0,"1":0.0068597561,"2":0.003287311,"3":0.0012961763,"4":0.003776435,"5":0.0101960784,"6":0.0050556117,"7":0.0112137203,"8":0.0026385224,"9":0.0,"10":0.0,"11":0.0,"12":0.0053191489,"13":0.0,"14":0.0,"15":0.0,"16":0.0,"17":0.0,"18":0.0,"19":0.0,"20":0.0},"soybean_Gmax.la3.HPI3.Chr15.g370830":{"0":0.0,"1":0.0007621951,"2":0.0,"3":0.0,"4":0.0,"5":0.0,"6":0.0,"7":0.0,"8":0.0,"9":0.0,"10":0.0,"11":0.0,"12":0.0,"13":0.0,"14":0.0,"15":0.0,"16":0.0,"17":0.0,"18":0.0,"19":0.0,"20":0.0909090909},"pennycress_Tarv.1014.HPI3.6.g238140":{"0":0.0663265306,"1":0.0298913043,"2":0.0605769231,"3":0.0050251256,"4":0.0,"5":0.0064516129,"6":0.0045961917,"7":0.0092226614,"8":0.0033039648,"9":0.0081761006,"10":0.0019023462,"11":0.0,"12":0.0013793103,"13":0.0088424437,"14":0.0021367521,"15":0.0112903226,"16":0.0076569678,"17":0.0040120361,"18":0.0313901345,"19":0.0221674877,"20":0.0},"soybean_Gmax.la3.HPI3.Chr03.g068150":{"0":0.0045132173,"1":0.0099085366,"2":0.0078895464,"3":0.0129617628,"4":0.0135951662,"5":0.0117647059,"6":0.0333670374,"7":0.0052770449,"8":0.0211081794,"9":0.0097087379,"10":0.0,"11":0.0,"12":0.0212765957,"13":0.0,"14":0.0,"15":0.0166666667,"16":0.0106382979,"17":0.0,"18":0.0,"19":0.0204081633,"20":0.0},"soybean_Gmax.la3.HPI3.Chr17.g412510":{"0":0.0032237266,"1":0.0,"2":0.0019723866,"3":0.0051847051,"4":0.001510574,"5":0.0015686275,"6":0.003033367,"7":0.0006596306,"8":0.003298153,"9":0.0129449838,"10":0.0,"11":0.0,"12":0.0,"13":0.0,"14":0.0,"15":0.0,"16":0.0021276596,"17":0.0,"18":0.0,"19":0.0,"20":0.0},"soybean_Gmax.la3.HPI3.Chr13.g320620":{"0":0.001934236,"1":0.0038109756,"2":0.0013149244,"3":0.0012961763,"4":0.001510574,"5":0.0070588235,"6":0.0,"7":0.0039577836,"8":0.0006596306,