{"pennycress_Tarv.1014.HPI3.1.g000820":{"0":0.037414966,"1":0.1299818841,"2":0.0182692308,"3":0.0376884422,"4":0.1074380165,"5":0.0541935484,"6":0.1319763624,"7":0.0303030303,"8":0.0264317181,"9":0.3314465409,"10":0.027901078,"11":0.0,"12":0.0393103448,"13":0.1784565916,"14":0.3696581197,"15":0.0274193548,"16":0.0275650842,"17":0.0190571715,"18":0.1479820628,"19":0.0640394089,"20":0.0},"arabidopsis_AT4G00730":{"0":0.0177103099,"1":0.0207715134,"2":0.0178482895,"3":0.0088954781,"4":0.1085526316,"5":0.0060790274,"6":0.0890207715,"7":0.0017667845,"8":0.0,"9":0.1545064378,"10":0.0021691974,"11":0.0205190103,"12":0.0,"13":0.1,"14":0.224137931,"15":0.0,"16":0.0029411765,"17":0.0025316456,"18":0.0777385159,"19":0.0,"20":0.01},"arabidopsis_AT4G04890":{"0":0.0025300443,"1":0.0183976261,"2":0.0114030739,"3":0.0059303188,"4":0.0208333333,"5":0.0070921986,"6":0.0356083086,"7":0.0053003534,"8":0.0,"9":0.0729613734,"10":0.0021691974,"11":0.0036210018,"12":0.0,"13":0.0052631579,"14":0.3146551724,"15":0.0036231884,"16":0.0,"17":0.0,"18":0.0070671378,"19":0.0,"20":0.0025},"soybean_Gmax.la3.HPI3.Chr07.g152670":{"0":0.0045132173,"1":0.0053353659,"2":0.0046022354,"3":0.0019442644,"4":0.0181268882,"5":0.0047058824,"6":0.0151668352,"7":0.0026385224,"8":0.0065963061,"9":0.0145631068,"10":0.0,"11":0.0,"12":0.0212765957,"13":0.0,"14":0.0,"15":0.0166666667,"16":0.0,"17":0.0,"18":0.0,"19":0.0040816327,"20":0.0},"arabidopsis_AT4G21750":{"0":0.0022137887,"1":0.0077151335,"2":0.005453644,"3":0.0044477391,"4":0.0158991228,"5":0.0050658561,"6":0.0385756677,"7":0.0053003534,"8":0.0052356021,"9":0.0901287554,"10":0.0,"11":0.0024140012,"12":0.0,"13":0.0078947368,"14":0.2112068966,"15":0.0,"16":0.0,"17":0.0025316456,"18":0.0141342756,"19":0.0,"20":0.0},"soybean_Gmax.la3.HPI3.Chr03.g050000":{"0":0.0012894907,"1":0.0022865854,"2":0.0052596976,"3":0.0006480881,"4":0.0128398792,"5":0.0015686275,"6":0.0121334681,"7":0.0019788918,"8":0.0013192612,"9":0.0048543689,"10":0.0,"11":0.0,"12":0.0265957447,"13":0.0,"14":0.0,"15":0.0,"16":0.0042553191,"17":0.0,"18":0.0,"19":0.0,"20":0.0},"soybean_Gmax.la3.HPI3.Chr20.g482050":{"0":0.0006447453,"1":0.0030487805,"2":0.0,"3":0.0019442644,"4":0.0060422961,"5":0.0007843137,"6":0.0050556117,"7":0.0,"8":0.0013192612,"9":0.0048543689,"10":0.0,"11":0.0,"12":0.0053191489,"13":0.0,"14":0.0,"15":0.0,"16":0.0042553191,"17":0.0,"18":0.0,"19":0.0,"20":0.0},"soybean_Gmax.la3.HPI3.Chr10.g248660":{"0":0.0012894907,"1":0.0007621951,"2":0.0039447732,"3":0.0038885288,"4":0.0120845921,"5":0.0023529412,"6":0.0080889788,"7":0.003298153,"8":0.0026385224,"9":0.0,"10":0.0,"11":0.0,"12":0.0,"13":0.0,"14":0.0,"15":0.0166666667,"16":0.0063829787,"17":0.0,"18":0.0,"19":0.0,"20":0.0},"arabidopsis_AT3G61150":{"0":0.0056925996,"1":0.0053412463,"2":0.0218145761,"3":0.0014825797,"4":0.0257675439,"5":0.0050658561,"6":0.0118694362,"7":0.0053003534,"8":0.0,"9":0.0386266094,"10":0.0021691974,"11":0.0054315027,"12":0.0,"13":0.0473684211,"14":0.0862068966,"15":0.0108695652,"16":0.0029411765,"17":0.0025316456,"18":0.0247349823,"19":0.0125,"20":0.0},"soybean_Gmax.la3.HPI3.Chr01.g001430":{"0":0.0,"1":0.0,"2":0.0013149244,"3":0.0,"4":0.0,"5":0.0,"6":0.0,"7":0.0,"8":0.0,"9":0.0,"10":0.0,"11":0.0,"12":0.0,"13":0.0,"14":0.0,"15":0.0,"16":0.0,"17":0.0,"18":0.0,"19":0.0,"20":0.0},"soybean_Gmax.la3.HPI3.Chr13.g328080":{"0":0.0,"1":0.0,"2":0.0,"3":0.0,"4":0.0,"5":0.0,"6":0.0,"7":0.0,"8":0.0006596306,"9":0.0,"10":0.0,"11":0.0,"12":0.0,"13":0.0,"14":0.0,"15":0.0,"16":0.0,"17":0.0,"18":0.0,"19":0.0,"20":0.0},"soybean_Gmax.la3.HPI3.Chr12.g295530":{"0":0.0,"1":0.0007621951,"2":0.0013149244,"3":0.0006480881,"4":0.0,"5":0.0,"6":0.0,"7":0.0006596306,"8":0.0,"9":0.0,"10":0.0,"11":0.0,"12":0.0,"13":0.0,"14":0.0,"15":0.0,"16":0.0,"17":0.0,"18":0.0,"19":0.0,"20":0.0},"soybean_Gmax.la3.HPI3.Chr09.g220990":{"0":0.0006447453,"1":0.0,"2":0.0013149244,"3":0.0,"4":0.000755287,"5":0.0,"6":0.0,"7":0.0,"8":0.0,"9":0.0,"10":0.0,"11":0.0,"12":0.0,"13":0.0,"14":0.0,"15":0.0,"16":0.0,"17":0.0,"18":0.0,"19":0.0,"20":0.0},"soybean_Gmax.la3.HPI3.Chr05.g115780":{"0":0.0006447453,"1":0.0,"2":0.0,"3":0.0,"4":0.0,"5":0.0,"6":0.0010111223,"7":0.0006596306,"8":0.0,"9":0.0,"10":0.0,"11":0.0,"12":0.0,"13":0.0,"14":0.0,"15":0.0,"16":0.0,"17":0.0,"18":0.0,"19":0.0,"20":0.0},"soybean_Gmax.la3.HPI3.Chr06.g135110":{"0":0.0,"1":0.0007621951,"2":0.0,"3":0.0,"4":0.0,"5":0.0007843137,"6":0.0010111223,"7":0.0,"8":0.0,"9":0.0,"10":0.0,"11":0.0,"12":0.0,"13":0.0,"14":0.0,"15":0.0,"16":0.0021276596,"17":0.0,"18":0.0,"19":0.0,"20":0.0},"soybean_Gmax.la3.HPI3.Chr09.g226520":{"0":0.0161186331,"1":0.0137195122,"2":0.0131492439,"3":0.0064808814,"4":0.0135951662,"5":0.0070588235,"6":0.0151668352,"7":0.0085751979,"8":0.0052770449,"9":0.0048543689,"10":0.0,"11":0.0,"12":0.0265957447,"13":0.0,"14":0.0,"15":0.0,"16":0.0,"17":0.0,"18":0.0,"19":0.0,"20":0.0},"soybean_Gmax.la3.HPI3.Chr01.g019910":{"0":0.0,"1":0.0,"2":0.0,"3":0.0006480881,"4":0.0,"5":0.0,"6":0.0,"7":0.0,"8":0.0,"9":0.0,"10":0.0,"11":0.0,"12":0.0,"13":0.0,"14":0.0,"15":0.0,"16":0.0,"17":0.0,"18":0.0,"19":0.0,"20":0.0},"soybean_Gmax.la3.HPI3.Chr09.g206280":{"0":0.0,"1":0.0,"2":0.0006574622,"3":0.0,"4":0.0,"5":0.0,"6":0.0,"7":0.0,"8":0.0,"9":0.0,"10":0.0,"11":0.0,"12":0.0,"13":0.0,"14":0.0,"15":0.0,"16":0.0,"17":0.0,"18":0.0,"19":0.0,"20":0.0},"soybean_Gmax.la3.HPI3.Chr08.g174940":{"0":0.0,"1":0.0,"2":0.0,"3":0.0012961763,"4":0.0,"5":0.0,"6":0.0,"7":0.0,"8":0.0,"9":0.0,"10":0.0,"11":0.0,"12":0.0,"13":0.0,"14":0.0,"15":0.0,"16":0.0,"17":0.0,"18":0.0,"19":0.0,"20":0.0},"pennycress_Tarv.1014.HPI3.7.g286130":{"0":0.0170068027,"1":0.0267210145,"2":0.0096153846,"3":0.0050251256,"4":0.0495867769,"5":0.0167741935,"6":0.0407091267,"7":0.0092226614,"8":0.0055066079,"9":0.0603773585,"10":0.0069752695,"11":0.0,"12":0.0124137931,"13":0.1905144695,"14":0.1723646724,"15":0.0120967742,"16":0.0076569678,"17":0.0090270812,"18":0.0246636771,"19":0.0270935961,"20":0.0},"arabidopsis_AT5G52170":{"0":0.0018975332,"1":0.0047477745,"2":0.0034705007,"3":0.0022238695,"4":0.0202850877,"5":0.0030395137,"6":0.0356083086,"7":0.0,"8":0.0,"9":0.0343347639,"10":0.0021691974,"11":0.0012070006,"12":0.0,"13":0.0026315789,"14":0.0732758621,"15":0.0,"16":0.0029411765,"17":0.0025316456,"18":0.0070671378,"19":0.0,"20":0.0},"soybean_Gmax.la3.HPI3.Chr06.g142790":{"0":0.0006447453,"1":0.0,"2":0.0006574622,"3":0.0,"4":0.0,"5":0.0007843137,"6":0.0,"7":0.0013192612,"8":0.0006596306,"9":0.0,"10":0.0,"11":0.0,"12":0.0,"13":0.0,"14":0.0,"15":0.0,"16":0.0021276596,"17":0.0,"18":0.0,"19":0.0,"20":0.0},"pennycress_Tarv.1014.HPI3.1.g013040":{"0":0.0051020408,"1":0.0294384058,"2":0.0048076923,"3":0.0087939698,"4":0.0358126722,"5":0.0129032258,"6":0.0610636901,"7":0.0065876153,"8":0.0088105727,"9":0.0578616352,"10":0.0082435003,"11":0.0,"12":0.0248275862,"13":0.0088424437,"14":0.2115384615,"15":0.0088709677,"16":0.0137825421,"17":0.0070210632,"18":0.0313901345,"19":0.0098522167,"20":0.0},"arabidopsis_AT1G73360":{"0":0.008855155,"1":0.0035608309,"2":0.0044620724,"3":0.0,"4":0.0082236842,"5":0.0010131712,"6":0.0237388724,"7":0.0017667845,"8":0.0,"9":0.0214592275,"10":0.0,"11":0.0084490042,"12":0.0,"13":0.0,"14":0.0086206897,"15":0.0,"16":0.0029411765,"17":0.0,"18":0.0070671378,"19":0.0,"20":0.0025},"pennycress_Tarv.1014.HPI3.7.g296670":{"0":0.0,"1":0.0067934783,"2":0.0038461538,"3":0.0037688442,"4":0.0165289256,"5":0.0012903226,"6":0.0124753775,"7":0.0013175231,"8":0.0077092511,"9":0.0264150943,"10":0.0012682308,"11":0.0,"12":0.0055172414,"13":0.001607717,"14":0.0413105413,"15":0.0008064516,"16":0.0015313936,"17":0.0020060181,"18":0.0067264574,"19":0.0073891626,"20":0.0},"arabidopsis_AT1G17920":{"0":0.0028462998,"1":0.0011869436,"2":0.0039662866,"3":0.0007412898,"4":0.0109649123,"5":0.0030395137,"6":0.0059347181,"7":0.0017667845,"8":0.0,"9":0.0042918455,"10":0.0021691974,"11":0.0030175015,"12":0.0,"13":0.0078947368,"14":0.0129310345,"15":0.0,"16":0.0,"17":0.0,"18":0.0035335689,"19":0.0,"20":0.0},"arabidopsis_AT1G05230":{"0":0.0196078431,"1":0.0035608309,