{"soybean_Gmax.la3.HPI3.Chr13.g320390":{"0":0.2185686654,"1":0.0480182927,"2":0.1203155819,"3":0.1237848347,"4":0.0762839879,"5":0.1019607843,"6":0.0889787664,"7":0.1306068602,"8":0.0890501319,"9":0.1537216828,"10":0.0769230769,"11":0.0,"12":0.0585106383,"13":0.0,"14":0.0,"15":0.1333333333,"16":0.1319148936,"17":0.04,"18":0.6666666667,"19":0.1265306122,"20":0.2727272727},"soybean_Gmax.la3.HPI3.Chr03.g055300":{"0":0.0457769181,"1":0.0388719512,"2":0.0848126233,"3":0.1257290992,"4":0.085347432,"5":0.2133333333,"6":0.0960566229,"7":0.0745382586,"8":0.0910290237,"9":0.0388349515,"10":0.2307692308,"11":0.0,"12":0.1276595745,"13":0.0,"14":0.0,"15":0.15,"16":0.0744680851,"17":0.04,"18":0.0,"19":0.3510204082,"20":0.1818181818},"arabidopsis_AT5G05550":{"0":0.0126502214,"1":0.0183976261,"2":0.0475954388,"3":0.04744255,"4":0.0520833333,"5":0.0141843972,"6":0.1038575668,"7":0.0017667845,"8":0.0366492147,"9":0.008583691,"10":0.0607375271,"11":0.0175015088,"12":0.0508474576,"13":0.0236842105,"14":0.0689655172,"15":0.0144927536,"16":0.0382352941,"17":0.0126582278,"18":0.0070671378,"19":0.025,"20":0.01},"arabidopsis_AT3G54390":{"0":0.0085388994,"1":0.0284866469,"2":0.0104115022,"3":0.1482579689,"4":0.0098684211,"5":0.0111448835,"6":0.0504451039,"7":0.0035335689,"8":0.0261780105,"9":0.0128755365,"10":0.0390455531,"11":0.0024140012,"12":0.0,"13":0.0105263158,"14":0.0172413793,"15":0.0144927536,"16":0.1264705882,"17":0.0025316456,"18":0.0035335689,"19":0.05,"20":0.025},"soybean_Gmax.la3.HPI3.Chr16.g385370":{"0":0.0225660864,"1":0.0259146341,"2":0.0210387903,"3":0.0356448477,"4":0.0302114804,"5":0.0815686275,"6":0.0192113246,"7":0.0323218997,"8":0.0323218997,"9":0.0194174757,"10":0.0769230769,"11":0.0,"12":0.0,"13":0.0,"14":0.0,"15":0.05,"16":0.014893617,"17":0.04,"18":0.0,"19":0.0612244898,"20":0.0},"arabidopsis_AT2G38250":{"0":0.0932953827,"1":0.0154302671,"2":0.0099157164,"3":0.0066716086,"4":0.0087719298,"5":0.0131712259,"6":0.0148367953,"7":0.0141342756,"8":0.0261780105,"9":0.0429184549,"10":0.0130151844,"11":0.0356065178,"12":0.0,"13":0.0026315789,"14":0.0,"15":0.0036231884,"16":0.0117647059,"17":0.0278481013,"18":0.0212014134,"19":0.0,"20":0.0125},"soybean_Gmax.la3.HPI3.Chr08.g180260":{"0":0.0431979368,"1":0.0304878049,"2":0.0407626561,"3":0.0408295528,"4":0.0317220544,"5":0.0407843137,"6":0.0374115268,"7":0.0441952507,"8":0.0415567282,"9":0.0355987055,"10":0.0,"11":0.0,"12":0.0319148936,"13":0.0,"14":0.0,"15":0.05,"16":0.0574468085,"17":0.0,"18":0.0,"19":0.0408163265,"20":0.0},"pennycress_Tarv.1014.HPI3.6.g253390":{"0":0.0527210884,"1":0.0783514493,"2":0.0605769231,"3":0.0527638191,"4":0.0771349862,"5":0.0335483871,"6":0.1221273802,"7":0.0685111989,"8":0.0429515419,"9":0.0742138365,"10":0.0970196576,"11":0.0,"12":0.1165517241,"13":0.1205787781,"14":0.0982905983,"15":0.0508064516,"16":0.0520673813,"17":0.0782347041,"18":0.0470852018,"19":0.0295566502,"20":0.0},"soybean_Gmax.la3.HPI3.Chr12.g297120":{"0":0.025789813,"1":0.0152439024,"2":0.0203813281,"3":0.0155541154,"4":0.0188821752,"5":0.0164705882,"6":0.0212335693,"7":0.0138522427,"8":0.0257255937,"9":0.0080906149,"10":0.0769230769,"11":0.0,"12":0.0159574468,"13":0.0,"14":0.0,"15":0.0166666667,"16":0.0191489362,"17":0.0,"18":0.0,"19":0.0040816327,"20":0.0},"arabidopsis_AT3G14180":{"0":0.0192915876,"1":0.0272997033,"2":0.0168567179,"3":0.0214974055,"4":0.0471491228,"5":0.0243161094,"6":0.0207715134,"7":0.0159010601,"8":0.0366492147,"9":0.0300429185,"10":0.0195227766,"11":0.0205190103,"12":0.0508474576,"13":0.0421052632,"14":0.0474137931,"15":0.0144927536,"16":0.0235294118,"17":0.0556962025,"18":0.038869258,"19":0.0,"20":0.025},"arabidopsis_AT3G58630":{"0":0.0284629981,"1":0.0195845697,"2":0.0406544373,"3":0.0326167532,"4":0.0350877193,"5":0.0253292806,"6":0.0385756677,"7":0.0088339223,"8":0.0471204188,"9":0.025751073,"10":0.0281995662,"11":0.0307785154,"12":0.0508474576,"13":0.05,"14":0.0301724138,"15":0.0144927536,"16":0.0294117647,"17":0.0379746835,"18":0.0247349823,"19":0.0125,"20":0.0175},"soybean_Gmax.la3.HPI3.Chr05.g106490":{"0":0.0941328175,"1":0.0381097561,"2":0.0618014464,"3":0.0777705768,"4":0.0407854985,"5":0.0588235294,"6":0.0485338726,"7":0.0633245383,"8":0.0395778364,"9":0.0517799353,"10":0.0,"11":0.1428571429,"12":0.0425531915,"13":0.5,"14":0.0,"15":0.1,"16":0.0872340426,"17":0.12,"18":0.3333333333,"19":0.0653061224,"20":0.0909090909},"soybean_Gmax.la3.HPI3.Chr09.g224650":{"0":0.0541586074,"1":0.0289634146,"2":0.0131492439,"3":0.0181464679,"4":0.0098187311,"5":0.0156862745,"6":0.0111223458,"7":0.0270448549,"8":0.0164907652,"9":0.0194174757,"10":0.0,"11":0.0,"12":0.0159574468,"13":0.0,"14":0.0,"15":0.0333333333,"16":0.0234042553,"17":0.0,"18":0.0,"19":0.0244897959,"20":0.0},"soybean_Gmax.la3.HPI3.Chr18.g440880":{"0":0.0431979368,"1":0.0137195122,"2":0.0131492439,"3":0.0265716137,"4":0.0166163142,"5":0.0360784314,"6":0.0202224469,"7":0.0336411609,"8":0.0171503958,"9":0.0307443366,"10":0.0769230769,"11":0.0,"12":0.0159574468,"13":0.0,"14":0.0,"15":0.0333333333,"16":0.014893617,"17":0.0,"18":0.0,"19":0.0530612245,"20":0.0},"pennycress_Tarv.1014.HPI3.6.g234540":{"0":0.0340136054,"1":0.0561594203,"2":0.0346153846,"3":0.0326633166,"4":0.044077135,"5":0.0348387097,"6":0.0538411031,"7":0.0421607378,"8":0.0242290749,"9":0.0396226415,"10":0.0393151554,"11":0.0,"12":0.0572413793,"13":0.0329581994,"14":0.042022792,"15":0.0427419355,"16":0.045941807,"17":0.0290872618,"18":0.0313901345,"19":0.0197044335,"20":1.0},"soybean_Gmax.la3.HPI3.Chr15.g374310":{"0":0.0025789813,"1":0.0198170732,"2":0.006574622,"3":0.0466623461,"4":0.0105740181,"5":0.0219607843,"6":0.0070778564,"7":0.0019788918,"8":0.02176781,"9":0.0048543689,"10":0.0,"11":0.0,"12":0.0106382979,"13":0.0,"14":0.0,"15":0.0166666667,"16":0.0191489362,"17":0.04,"18":0.0,"19":0.0204081633,"20":0.0},"arabidopsis_AT2G33550":{"0":0.0328905756,"1":0.0296735905,"2":0.0456122955,"3":0.0415122313,"4":0.0202850877,"5":0.0212765957,"6":0.0385756677,"7":0.0229681979,"8":0.0104712042,"9":0.0128755365,"10":0.0086767896,"11":0.0205190103,"12":0.0,"13":0.0105263158,"14":0.0129310345,"15":0.0108695652,"16":0.0176470588,"17":0.0556962025,"18":0.0,"19":0.0125,"20":0.05},"soybean_Gmax.la3.HPI3.Chr10.g254640":{"0":0.0283687943,"1":0.0144817073,"2":0.0184089415,"3":0.0200907323,"4":0.0113293051,"5":0.0164705882,"6":0.0212335693,"7":0.0138522427,"8":0.0098944591,"9":0.0177993528,"10":0.0,"11":0.0,"12":0.0,"13":0.0,"14":0.0,"15":0.0166666667,"16":0.0106382979,"17":0.0,"18":0.0,"19":0.0081632653,"20":0.0},"soybean_Gmax.la3.HPI3.Chr07.g167460":{"0":0.0199871051,"1":0.0221036585,"2":0.0131492439,"3":0.0110174984,"4":0.0219033233,"5":0.017254902,"6":0.0192113246,"7":0.0138522427,"8":0.0125329815,"9":0.0113268608,"10":0.0769230769,"11":0.0,"12":0.0159574468,"13":0.0,"14":0.0,"15":0.0166666667,"16":0.0106382979,"17":0.04,"18":0.0,"19":0.0040816327,"20":0.0},"soybean_Gmax.la3.HPI3.Chr08.g194030":{"0":0.0199871051,"1":0.0091463415,"2":0.0157790927,"3":0.0272197019,"4":0.0105740181,"5":0.0156862745,"6":0.0171890799,"7":0.0131926121,"8":0.0270448549,"9":0.0097087379,"10":0.0,"11":0.0,"12":0.0212765957,"13":0.0,"14":0.0,"15":0.0333333333,"16":0.0106382979,"17":0.04,"18":0.3333333333,"19":0.0244897959,"20":0.0},"soybean_Gmax.la3.HPI3.Chr08.g174450":{"0":0.0128949065,"1":0.0167682927,"2":0.0092044707,"3":0.009073234,"4":0.0135951662,"5":0.0156862745,"6":0.0171890799,"7":0.0125329815,"8":0.0145118734,"9":0.0064724919,"10":0.0,"11":0.0,"12":0.0159574468,"13":0.0,"14":0.0,"15":0.0,"16":0.0127659574,"17":0.0,"18":0.0,"19":0.012244898,"20":0.0},"soybean_Gmax.la3.HPI3.Chr13.g316900":{"0":0.0070921986,"1":0.0236280488,"2":0.0164365549,"3":0.0401814647,"4":0.0098187311,"5":0.0250980392,"6":0.0131445905,"7":0.0065963061,"8":0.015171504,"9":0.0080906149,"10":0.0769230769,"11":0.0,"12":0.0053191489,"13":0.0,"14":0.0,"15":0.0166666667,"16":0.0276595745,"17":0.04,"18":0.0,"19":0.0163265306,"20":0.0},"soybean_Gmax.la3.HPI3.Chr18.g444420":{"0":0.0096711799,"1":0.0053353659,"2":0.0085470085,"3":0.0155541154,