{"pennycress_Tarv.1014.HPI3.7.g298300":{"0":0.0408163265,"1":0.1000905797,"2":0.0403846154,"3":0.3668341709,"4":0.0055096419,"5":0.1109677419,"6":0.0610636901,"7":0.0395256917,"8":0.4185022026,"9":0.0440251572,"10":0.181357007,"11":0.0333333333,"12":0.0606896552,"13":0.0409967846,"14":0.0213675214,"15":0.2056451613,"16":0.4578866769,"17":0.0280842528,"18":0.0493273543,"19":0.0492610837,"20":0.0},"pennycress_Tarv.1014.HPI3.5.g185680":{"0":0.0493197279,"1":0.1218297101,"2":0.0528846154,"3":0.4886934673,"4":0.0165289256,"5":0.1380645161,"6":0.0623768877,"7":0.0395256917,"8":0.4416299559,"9":0.0377358491,"10":0.223208624,"11":0.0666666667,"12":0.0386206897,"13":0.2435691318,"14":0.0405982906,"15":0.0588709677,"16":0.3583460949,"17":0.0792377131,"18":0.1502242152,"19":0.0837438424,"20":1.0},"arabidopsis_AT1G31770":{"0":0.0202403542,"1":0.0991097923,"2":0.024789291,"3":0.2920681987,"4":0.0476973684,"5":0.0597771023,"6":0.0860534125,"7":0.0247349823,"8":0.1308900524,"9":0.0429184549,"10":0.147505423,"11":0.0271575136,"12":0.1525423729,"13":0.0763157895,"14":0.0301724138,"15":0.0434782609,"16":0.4852941176,"17":0.0683544304,"18":0.0530035336,"19":0.1125,"20":0.07},"arabidopsis_AT1G71960":{"0":0.008855155,"1":0.0385756677,"2":0.0069410015,"3":0.1593773165,"4":0.007127193,"5":0.0202634245,"6":0.0356083086,"7":0.0141342756,"8":0.0680628272,"9":0.0042918455,"10":0.0498915401,"11":0.0090525045,"12":0.0,"13":0.0210526316,"14":0.0086206897,"15":0.0036231884,"16":0.2470588235,"17":0.0126582278,"18":0.0212014134,"19":0.0375,"20":0.02},"soybean_Gmax.la3.HPI3.Chr01.g011490":{"0":0.001934236,"1":0.0099085366,"2":0.0026298488,"3":0.0395333765,"4":0.003021148,"5":0.0031372549,"6":0.0131445905,"7":0.0026385224,"8":0.0230870712,"9":0.001618123,"10":0.0,"11":0.0,"12":0.0,"13":0.0,"14":0.0,"15":0.0,"16":0.0361702128,"17":0.0,"18":0.0,"19":0.012244898,"20":0.0},"soybean_Gmax.la3.HPI3.Chr11.g263450":{"0":0.0051579626,"1":0.0167682927,"2":0.006574622,"3":0.1147116008,"4":0.0143504532,"5":0.0149019608,"6":0.0182002022,"7":0.0065963061,"8":0.0705804749,"9":0.0097087379,"10":0.2307692308,"11":0.0,"12":0.0053191489,"13":0.0,"14":0.0,"15":0.0166666667,"16":0.0531914894,"17":0.0,"18":0.0,"19":0.0163265306,"20":0.0},"soybean_Gmax.la3.HPI3.Chr20.g484810":{"0":0.0006447453,"1":0.0083841463,"2":0.0026298488,"3":0.0239792612,"4":0.0045317221,"5":0.0054901961,"6":0.0141557128,"7":0.0026385224,"8":0.0277044855,"9":0.0048543689,"10":0.0,"11":0.0,"12":0.0,"13":0.0,"14":0.0,"15":0.0,"16":0.0574468085,"17":0.0,"18":0.0,"19":0.0040816327,"20":0.0},"soybean_Gmax.la3.HPI3.Chr10.g245700":{"0":0.0006447453,"1":0.0038109756,"2":0.003287311,"3":0.0285158782,"4":0.003021148,"5":0.0015686275,"6":0.0060667341,"7":0.0052770449,"8":0.003298153,"9":0.0080906149,"10":0.0,"11":0.0,"12":0.0,"13":0.0,"14":0.0,"15":0.0,"16":0.0680851064,"17":0.0,"18":0.0,"19":0.0040816327,"20":0.0},"soybean_Gmax.la3.HPI3.Chr16.g384270":{"0":0.0,"1":0.0038109756,"2":0.0006574622,"3":0.0032404407,"4":0.0,"5":0.0,"6":0.0020222447,"7":0.0,"8":0.0019788918,"9":0.0,"10":0.0,"11":0.0,"12":0.0,"13":0.0,"14":0.0,"15":0.0,"16":0.0276595745,"17":0.0,"18":0.0,"19":0.0,"20":0.0},"soybean_Gmax.la3.HPI3.Chr20.g483870":{"0":0.0012894907,"1":0.0129573171,"2":0.0138067061,"3":0.041477641,"4":0.0120845921,"5":0.0125490196,"6":0.0171890799,"7":0.0026385224,"8":0.0290237467,"9":0.0080906149,"10":0.0769230769,"11":0.0,"12":0.0053191489,"13":0.0,"14":0.0,"15":0.0,"16":0.014893617,"17":0.0,"18":0.0,"19":0.0040816327,"20":0.0},"soybean_Gmax.la3.HPI3.Chr10.g246720":{"0":0.0045132173,"1":0.0221036585,"2":0.0052596976,"3":0.0550874919,"4":0.0120845921,"5":0.0039215686,"6":0.0192113246,"7":0.0052770449,"8":0.0474934037,"9":0.003236246,"10":0.0769230769,"11":0.0,"12":0.0,"13":0.0,"14":0.0,"15":0.0,"16":0.0510638298,"17":0.04,"18":0.0,"19":0.012244898,"20":0.0},"soybean_Gmax.la3.HPI3.Chr09.g216390":{"0":0.0006447453,"1":0.0007621951,"2":0.0013149244,"3":0.0012961763,"4":0.0,"5":0.0015686275,"6":0.0010111223,"7":0.0006596306,"8":0.0013192612,"9":0.0,"10":0.0,"11":0.0,"12":0.0,"13":0.0,"14":0.0,"15":0.0,"16":0.0021276596,"17":0.0,"18":0.0,"19":0.0,"20":0.0},"pennycress_Tarv.1014.HPI3.2.g071350":{"0":0.0,"1":0.0067934783,"2":0.0009615385,"3":0.027638191,"4":0.0055096419,"5":0.015483871,"6":0.0085357846,"7":0.0,"8":0.0033039648,"9":0.0062893082,"10":0.0114140774,"11":0.0,"12":0.0103448276,"13":0.0144694534,"14":0.0035612536,"15":0.0040322581,"16":0.0045941807,"17":0.0070210632,"18":0.0044843049,"19":0.0,"20":0.0},"arabidopsis_AT5G06530":{"0":0.0022137887,"1":0.0100890208,"2":0.0297471492,"3":0.0044477391,"4":0.0010964912,"5":0.0141843972,"6":0.0,"7":0.0,"8":0.0157068063,"9":0.0,"10":0.0173535792,"11":0.0150875075,"12":0.0,"13":0.0,"14":0.0043103448,"15":0.0869565217,"16":0.0088235294,"17":0.0025316456,"18":0.0,"19":0.0125,"20":0.0025},"arabidopsis_AT1G53270":{"0":0.0009487666,"1":0.0035608309,"2":0.0004957858,"3":0.0007412898,"4":0.0005482456,"5":0.0202634245,"6":0.0,"7":0.0017667845,"8":0.0,"9":0.0,"10":0.0021691974,"11":0.0018105009,"12":0.0,"13":0.0026315789,"14":0.0,"15":0.0036231884,"16":0.0058823529,"17":0.0050632911,"18":0.0,"19":0.0,"20":0.1},"soybean_Gmax.la3.HPI3.Chr16.g386420":{"0":0.0012894907,"1":0.0022865854,"2":0.0,"3":0.0,"4":0.0,"5":0.0,"6":0.0,"7":0.0006596306,"8":0.0,"9":0.0,"10":0.0,"11":0.0,"12":0.0,"13":0.0,"14":0.0,"15":0.0,"16":0.0021276596,"17":0.0,"18":0.0,"19":0.0,"20":0.0},"pennycress_Tarv.1014.HPI3.5.g200640":{"0":0.0,"1":0.0,"2":0.0,"3":0.0,"4":0.0,"5":0.0,"6":0.0,"7":0.0,"8":0.0,"9":0.0,"10":0.0006341154,"11":0.0,"12":0.0,"13":0.0,"14":0.0,"15":0.0,"16":0.0,"17":0.0,"18":0.0,"19":0.0,"20":0.0},"pennycress_Tarv.1014.HPI3.1.g044450":{"0":0.0,"1":0.0,"2":0.0,"3":0.0050251256,"4":0.0,"5":0.0,"6":0.0013131976,"7":0.0,"8":0.0033039648,"9":0.0,"10":0.0,"11":0.0,"12":0.0,"13":0.0,"14":0.0,"15":0.0,"16":0.0,"17":0.0,"18":0.0,"19":0.0,"20":0.0},"arabidopsis_AT5G52860":{"0":0.0,"1":0.0005934718,"2":0.0004957858,"3":0.0,"4":0.0,"5":0.0,"6":0.0029673591,"7":0.0,"8":0.0,"9":0.0,"10":0.0,"11":0.0,"12":0.0,"13":0.0,"14":0.0043103448,"15":0.0,"16":0.0,"17":0.0,"18":0.0,"19":0.0,"20":0.0},"arabidopsis_AT4G25750":{"0":0.0,"1":0.0,"2":0.0,"3":0.0,"4":0.0,"5":0.0,"6":0.0,"7":0.0,"8":0.0,"9":0.0,"10":0.0,"11":0.0,"12":0.0,"13":0.0,"14":0.0,"15":0.0,"16":0.0,"17":0.0,"18":0.0,"19":0.0,"20":0.0},"arabidopsis_AT4G27420":{"0":0.0,"1":0.0,"2":0.0,"3":0.0,"4":0.0,"5":0.0,"6":0.0,"7":0.0,"8":0.0,"9":0.0,"10":0.0,"11":0.0,"12":0.0,"13":0.0,"14":0.0,"15":0.0,"16":0.0,"17":0.0,"18":0.0,"19":0.0,"20":0.0},"pennycress_Tarv.1014.HPI3.4.g159190":{"0":0.0,"1":0.0,"2":0.0,"3":0.0,"4":0.0,"5":0.0,"6":0.0,"7":0.0,"8":0.0,"9":0.0,"10":0.0,"11":0.0,"12":0.0,"13":0.0,"14":0.0,"15":0.0,"16":0.0,"17":0.0,"18":0.0,"19":0.0,"20":0.0},"arabidopsis_AT3G13220":{"0":0.0,"1":0.0,"2":0.0,"3":0.0,"4":0.0,"5":0.0,"6":0.0,"7":0.0,"8":0.0,"9":0.0,"10":0.0,"11":0.0,"12":0.0,"13":0.0,"14":0.0,"15":0.0,"16":0.0,"17":0.0,"18":0.0,"19":0.0,"20":0.0},"pennycress_Tarv.1014.HPI3.6.g236760":{"0":0.0,"1":0.0,"2":0.0,"3":0.0,"4":0.0,"5":0.0,"6":0.0,"7":0.0,"8":0.0,"9":0.0,"10":0.0,"11":0.0,"12":0.0,"13":0.0,"14":0.0,"15":0.0,"16":0.0,"17":0.0,"18":0.0,"19":0.0,"20":0.0},"pennycress_Tarv.1014.HPI3.6.g246220":{"0":0.0017006803,"1":0.0,"2":0.0,"3":0.0,"4":0.0,"5":0.0,"6":0.0006565988,"7":0.0,"8":0.0,"9":0.0006289308,"10":0.0,"11":0.0,"12":0.0006896552,"13":0.0,"14":0.0007122507,"15":0.0008064516,"16":0.0,"17":0.001003009,"18":0.0,"19":0.0,"20":0.0},"pennycress_Tarv.1014.HPI3.5.g198460":{"0":0.0,"1":0.0,"2":0.0,"3":0.0012562814,"4":0.0,"5":0.0,"6":0.0,"7":0.0,"8":0.0,"9":0.0018867925,"10":0.0012682308,"11":0.0,"12":0.0013793103,"13":0.001607717,"14":0.0007122507,"15":0.0016129032,"16":0.0,"17":0.0,"18":0.0,"19":0.0,"20":0.0},"arabidopsis_AT1G51460":{"0":0.0009487666,"1":0.0011869436,"2":0.0,"3":0.0007412898,"4":0.0021929825,"5":0.0010131712,"6":0.0,"7":0.0,"8":0.0,"9":0.0042918455,"10":0.0,"11":0.0006035003,"12":0.0,"13":0.0026315789,"14":0.0474137931,"15":0.0,"16":0.0,"17":0.0,"18":0.0,"19":0.0,