{"pennycress_Tarv.1014.HPI3.5.g205700":{"0":0.0051020408,"1":0.0149456522,"2":0.0067307692,"3":0.0201005025,"4":0.0055096419,"5":0.0129032258,"6":0.0085357846,"7":0.0039525692,"8":0.031938326,"9":0.0817610063,"10":0.024730501,"11":0.0333333333,"12":0.02,"13":0.0064308682,"14":0.0064102564,"15":0.0467741935,"16":0.0183767228,"17":0.0060180542,"18":0.0067264574,"19":0.0049261084,"20":0.0},"soybean_Gmax.la3.HPI3.Chr13.g320320":{"0":0.0747904578,"1":0.0609756098,"2":0.1236028928,"3":0.1380427738,"4":0.0332326284,"5":0.12,"6":0.1061678463,"7":0.0488126649,"8":0.157651715,"9":0.0485436893,"10":0.1538461538,"11":0.0,"12":0.0372340426,"13":0.0,"14":0.0,"15":0.0,"16":0.0659574468,"17":0.08,"18":0.0,"19":0.0897959184,"20":0.0},"arabidopsis_AT1G72490":{"0":0.0072738773,"1":0.0142433234,"2":0.0064452157,"3":0.0103780578,"4":0.0334429825,"5":0.0445795339,"6":0.0178041543,"7":0.0070671378,"8":0.0,"9":0.0300429185,"10":0.0954446855,"11":0.0048280024,"12":0.1694915254,"13":0.0210526316,"14":0.0172413793,"15":0.018115942,"16":0.0,"17":0.0379746835,"18":0.0459363958,"19":0.0,"20":0.0075},"pennycress_Tarv.1014.HPI3.7.g297550":{"0":0.0017006803,"1":0.0004528986,"2":0.0009615385,"3":0.0037688442,"4":0.0027548209,"5":0.0012903226,"6":0.0019697965,"7":0.0,"8":0.0,"9":0.0440251572,"10":0.0012682308,"11":0.0,"12":0.0013793103,"13":0.0,"14":0.0028490028,"15":0.0,"16":0.0015313936,"17":0.001003009,"18":0.0022421525,"19":0.0,"20":0.0},"soybean_Gmax.la3.HPI3.Chr18.g432570":{"0":0.001934236,"1":0.0045731707,"2":0.0026298488,"3":0.0025923526,"4":0.002265861,"5":0.0007843137,"6":0.0070778564,"7":0.0006596306,"8":0.0237467018,"9":0.001618123,"10":0.0,"11":0.0,"12":0.0,"13":0.0,"14":0.0,"15":0.0,"16":0.0106382979,"17":0.0,"18":0.0,"19":0.0163265306,"20":0.0909090909},"pennycress_Tarv.1014.HPI3.4.g148620":{"0":0.0085034014,"1":0.0362318841,"2":0.0144230769,"3":0.0891959799,"4":0.0055096419,"5":0.2129032258,"6":0.0091923835,"7":0.0250329381,"8":0.0682819383,"9":0.0062893082,"10":0.0209258085,"11":0.0333333333,"12":0.0131034483,"13":0.0225080386,"14":0.0106837607,"15":0.0314516129,"16":0.0137825421,"17":0.0561685055,"18":0.0448430493,"19":0.0123152709,"20":0.0},"pennycress_Tarv.1014.HPI3.1.g036920":{"0":0.0051020408,"1":0.0031702899,"2":0.0038461538,"3":0.0113065327,"4":0.0,"5":0.0529032258,"6":0.0013131976,"7":0.0039525692,"8":0.0,"9":0.0012578616,"10":0.0,"11":0.0,"12":0.0006896552,"13":0.0008038585,"14":0.0007122507,"15":0.0016129032,"16":0.0,"17":0.0020060181,"18":0.0,"19":0.0,"20":0.0},"soybean_Gmax.la3.HPI3.Chr08.g201790":{"0":0.0006447453,"1":0.0038109756,"2":0.0019723866,"3":0.0038885288,"4":0.0045317221,"5":0.0007843137,"6":0.0080889788,"7":0.0006596306,"8":0.0323218997,"9":0.001618123,"10":0.0,"11":0.0,"12":0.0,"13":0.0,"14":0.0,"15":0.0,"16":0.0021276596,"17":0.0,"18":0.0,"19":0.0163265306,"20":0.0},"soybean_Gmax.la3.HPI3.Chr12.g297140":{"0":0.0,"1":0.0007621951,"2":0.0006574622,"3":0.0006480881,"4":0.0,"5":0.0,"6":0.0010111223,"7":0.0019788918,"8":0.0,"9":0.001618123,"10":0.0,"11":0.0,"12":0.0,"13":0.0,"14":0.0,"15":0.0,"16":0.014893617,"17":0.0,"18":0.0,"19":0.0,"20":0.0},"pennycress_Tarv.1014.HPI3.2.g074050":{"0":0.0017006803,"1":0.0036231884,"2":0.0009615385,"3":0.0012562814,"4":0.0027548209,"5":0.0064516129,"6":0.0078791858,"7":0.0013175231,"8":0.0209251101,"9":0.0050314465,"10":0.003170577,"11":0.0,"12":0.0268965517,"13":0.0024115756,"14":0.0,"15":0.0,"16":0.0030627871,"17":0.0020060181,"18":0.0022421525,"19":0.0270935961,"20":0.0},"pennycress_Tarv.1014.HPI3.5.g204160":{"0":0.0,"1":0.0004528986,"2":0.0009615385,"3":0.0,"4":0.0,"5":0.0,"6":0.0,"7":0.0,"8":0.0011013216,"9":0.0150943396,"10":0.0006341154,"11":0.0,"12":0.0,"13":0.0,"14":0.0021367521,"15":0.0,"16":0.0,"17":0.0,"18":0.0,"19":0.0,"20":0.0},"soybean_Gmax.la3.HPI3.Chr18.g444700":{"0":0.0006447453,"1":0.0091463415,"2":0.006574622,"3":0.0038885288,"4":0.001510574,"5":0.0415686275,"6":0.0010111223,"7":0.0019788918,"8":0.0013192612,"9":0.0,"10":0.0,"11":0.0,"12":0.0,"13":0.0,"14":0.0,"15":0.0,"16":0.0,"17":0.0,"18":0.0,"19":0.0,"20":0.0},"arabidopsis_AT1G29240":{"0":0.0,"1":0.0017804154,"2":0.0059494298,"3":0.0007412898,"4":0.0021929825,"5":0.0030395137,"6":0.0029673591,"7":0.0,"8":0.0052356021,"9":0.0042918455,"10":0.0,"11":0.0018105009,"12":0.0,"13":0.0,"14":0.0043103448,"15":0.0362318841,"16":0.0,"17":0.0,"18":0.0,"19":0.0,"20":0.0025},"soybean_Gmax.la3.HPI3.Chr07.g149110":{"0":0.0,"1":0.0015243902,"2":0.0,"3":0.0006480881,"4":0.003776435,"5":0.0023529412,"6":0.0020222447,"7":0.0006596306,"8":0.0006596306,"9":0.0,"10":0.0769230769,"11":0.0,"12":0.0212765957,"13":0.0,"14":0.0,"15":0.0,"16":0.0042553191,"17":0.0,"18":0.0,"19":0.0,"20":0.0},"arabidopsis_AT2G04480":{"0":0.0,"1":0.0005934718,"2":0.0009915716,"3":0.0007412898,"4":0.0098684211,"5":0.0,"6":0.0148367953,"7":0.0,"8":0.0,"9":0.0,"10":0.0021691974,"11":0.0006035003,"12":0.0,"13":0.0,"14":0.0,"15":0.0,"16":0.0,"17":0.0,"18":0.0,"19":0.0,"20":0.0},"arabidopsis_AT2G30990":{"0":0.0309930424,"1":0.0201780415,"2":0.0426375806,"3":0.0244625649,"4":0.0504385965,"5":0.0324214792,"6":0.0267062315,"7":0.0176678445,"8":0.0418848168,"9":0.0300429185,"10":0.169197397,"11":0.0343995172,"12":0.1186440678,"13":0.2263157895,"14":0.0603448276,"15":0.2862318841,"16":0.0382352941,"17":0.0430379747,"18":0.2544169611,"19":0.0375,"20":0.0175},"arabidopsis_AT5G14090":{"0":0.0003162555,"1":0.0011869436,"2":0.0009915716,"3":0.0014825797,"4":0.0016447368,"5":0.0030395137,"6":0.0,"7":0.0,"8":0.0,"9":0.0,"10":0.0043383948,"11":0.0,"12":0.0169491525,"13":0.0,"14":0.0043103448,"15":0.0,"16":0.0,"17":0.0,"18":0.0,"19":0.0,"20":0.0},"pennycress_Tarv.1014.HPI3.3.g126520":{"0":0.0,"1":0.0,"2":0.0,"3":0.0,"4":0.0,"5":0.0,"6":0.0,"7":0.0,"8":0.0,"9":0.0,"10":0.0,"11":0.0,"12":0.0,"13":0.0,"14":0.0,"15":0.0,"16":0.0,"17":0.0,"18":0.0,"19":0.0,"20":0.0},"soybean_Gmax.la3.HPI3.Chr03.g071570":{"0":0.0,"1":0.0015243902,"2":0.0,"3":0.0,"4":0.003021148,"5":0.0015686275,"6":0.003033367,"7":0.0026385224,"8":0.0006596306,"9":0.0,"10":0.0,"11":0.0,"12":0.0053191489,"13":0.0,"14":0.0,"15":0.0,"16":0.0021276596,"17":0.0,"18":0.0,"19":0.0,"20":0.0},"pennycress_Tarv.1014.HPI3.6.g255860":{"0":0.0,"1":0.0,"2":0.0,"3":0.0,"4":0.0,"5":0.0,"6":0.0006565988,"7":0.0013175231,"8":0.0,"9":0.0,"10":0.0006341154,"11":0.0,"12":0.0,"13":0.0008038585,"14":0.0,"15":0.0016129032,"16":0.0,"17":0.0,"18":0.0,"19":0.0,"20":0.0},"arabidopsis_AT5G45850":{"0":0.0,"1":0.0,"2":0.0,"3":0.0,"4":0.0010964912,"5":0.0070921986,"6":0.0,"7":0.0,"8":0.0,"9":0.0,"10":0.0043383948,"11":0.0,"12":0.0338983051,"13":0.0,"14":0.0,"15":0.0,"16":0.0,"17":0.0,"18":0.0,"19":0.0,"20":0.0025},"soybean_Gmax.la3.HPI3.Chr19.g469250":{"0":0.0006447453,"1":0.0,"2":0.0013149244,"3":0.0006480881,"4":0.0,"5":0.0023529412,"6":0.0,"7":0.0092348285,"8":0.0019788918,"9":0.0,"10":0.0769230769,"11":0.0,"12":0.0,"13":0.0,"14":0.0,"15":0.0,"16":0.0,"17":0.0,"18":0.0,"19":0.0,"20":0.0},"soybean_Gmax.la3.HPI3.Chr19.g453340":{"0":0.0006447453,"1":0.0099085366,"2":0.0098619329,"3":0.0084251458,"4":0.003021148,"5":0.1301960784,"6":0.0060667341,"7":0.0039577836,"8":0.0046174142,"9":0.003236246,"10":0.0,"11":0.0,"12":0.0,"13":0.0,"14":0.0,"15":0.0,"16":0.0085106383,"17":0.0,"18":0.0,"19":0.012244898,"20":0.0},"arabidopsis_AT2G46640":{"0":0.0003162555,"1":0.0,"2":0.0,"3":0.0,"4":0.0,"5":0.0,"6":0.0,"7":0.0,"8":0.0,"9":0.0,"10":0.0,"11":0.0,"12":0.0,"13":0.0,"14":0.0,"15":0.0,"16":0.0029411765,"17":0.0,"18":0.0,"19":0.0,"20":0.0},"arabidopsis_AT1G17400":{"0":0.0009487666,"1":0.0011869436,"2":0.0004957858,"3":0.0,"4":0.0021929825,"5":0.0081053698,"6":0.0,"7":0.0,"8":0.0,"9":0.0042918455,"10":0.0,"11":0.0006035003,"12":0.0,"13":0.0,"14":0.0,"15":0.0,"16":0.0,"17":0.0,"18":0.0,"19":0.0,"20":0.0025},"soybean_Gmax.la3.HPI3.Chr08.g199900":{"0":0.0006447453,"1":0.0,"2":0.0,"3":0.0,"4":0.001510574,"5":0.0,"6":0.0040444894,"7":0.0,"8":0.0006596306,"9":0.0,"10":0.0,"11":0.0,"12":0.0,"13":0.0,"14":0.0,"15":0.0,"16":0.0,"17":0.0,"18":0.0,"19":0.0,"20":0.0},