{"arabidopsis_AT1G54000":{"0":0.1037318153,"1":0.1347181009,"2":0.1755081805,"3":0.0563380282,"4":0.3393640351,"5":0.1236068896,"6":0.1068249258,"7":0.0883392226,"8":0.057591623,"9":0.4892703863,"10":0.0542299349,"11":0.1973445987,"12":0.1186440678,"13":0.4421052632,"14":0.3879310345,"15":0.0652173913,"16":0.0794117647,"17":0.053164557,"18":0.2332155477,"19":0.0875,"20":0.0875},"pennycress_Tarv.1014.HPI3.5.g201760":{"0":0.4472789116,"1":0.6856884058,"2":0.5923076923,"3":0.3203517588,"4":0.4214876033,"5":0.4451612903,"6":0.426132633,"7":0.3741765481,"8":0.2411894273,"9":0.6339622642,"10":0.2593532023,"11":0.6,"12":0.3517241379,"13":0.5707395498,"14":0.7037037037,"15":0.5032258065,"16":0.3307810107,"17":0.2447342026,"18":0.4753363229,"19":0.3891625616,"20":0.0},"arabidopsis_AT1G54030":{"0":0.1160657812,"1":0.0753709199,"2":0.1750123946,"3":0.0452186805,"4":0.1052631579,"5":0.0830800405,"6":0.0474777448,"7":0.0477031802,"8":0.0,"9":0.2103004292,"10":0.0173535792,"11":0.2969221485,"12":0.0,"13":0.1657894737,"14":0.2025862069,"15":0.1050724638,"16":0.0470588235,"17":0.0151898734,"18":0.1378091873,"19":0.05,"20":0.05},"pennycress_Tarv.1014.HPI3.5.g201780":{"0":0.1989795918,"1":0.272192029,"2":0.2067307692,"3":0.1055276382,"4":0.1597796143,"5":0.1341935484,"6":0.1562705187,"7":0.117259552,"8":0.0594713656,"9":0.2987421384,"10":0.0634115409,"11":0.4,"12":0.1234482759,"13":0.2122186495,"14":0.2770655271,"15":0.1040322581,"16":0.0704441041,"17":0.0832497492,"18":0.1322869955,"19":0.0738916256,"20":0.0},"pennycress_Tarv.1014.HPI3.5.g201740":{"0":0.0425170068,"1":0.1689311594,"2":0.0317307692,"3":0.0452261307,"4":0.0247933884,"5":0.0567741935,"6":0.0472751149,"7":0.1264822134,"8":0.0561674009,"9":0.0559748428,"10":0.0380469245,"11":0.1,"12":0.0434482759,"13":0.5916398714,"14":0.0548433048,"15":0.0612903226,"16":0.0581929556,"17":0.0902708124,"18":0.0605381166,"19":0.0763546798,"20":0.0},"pennycress_Tarv.1014.HPI3.6.g238130":{"0":0.0595238095,"1":0.1526268116,"2":0.075,"3":0.0590452261,"4":0.1129476584,"5":0.0903225806,"6":0.1188443861,"7":0.0487483531,"8":0.1178414097,"9":0.1427672956,"10":0.0982878884,"11":0.0333333333,"12":0.1331034483,"13":0.2620578778,"14":0.1858974359,"15":0.2258064516,"16":0.0934150077,"17":0.0581745236,"18":0.2040358744,"19":0.0541871921,"20":0.0},"arabidopsis_AT1G54010":{"0":0.008855155,"1":0.0189910979,"2":0.0168567179,"3":0.0081541883,"4":0.0581140351,"5":0.0101317123,"6":0.0118694362,"7":0.0088339223,"8":0.0052356021,"9":0.1716738197,"10":0.0043383948,"11":0.0404345202,"12":0.0,"13":0.0131578947,"14":0.0862068966,"15":0.0,"16":0.0058823529,"17":0.0025316456,"18":0.0282685512,"19":0.025,"20":0.0125},"soybean_Gmax.la3.HPI3.Chr15.g367360":{"0":0.0058027079,"1":0.006097561,"2":0.0124917817,"3":0.0051847051,"4":0.000755287,"5":0.008627451,"6":0.0020222447,"7":0.003298153,"8":0.0019788918,"9":0.003236246,"10":0.0,"11":0.0,"12":0.0,"13":0.0,"14":0.0,"15":0.0166666667,"16":0.0063829787,"17":0.0,"18":0.0,"19":0.0081632653,"20":0.0},"soybean_Gmax.la3.HPI3.Chr15.g361760":{"0":0.0051579626,"1":0.0045731707,"2":0.003287311,"3":0.0019442644,"4":0.003776435,"5":0.0054901961,"6":0.0060667341,"7":0.0019788918,"8":0.0026385224,"9":0.001618123,"10":0.0,"11":0.0,"12":0.0,"13":0.0,"14":0.0,"15":0.0,"16":0.0063829787,"17":0.0,"18":0.0,"19":0.0,"20":0.0},"soybean_Gmax.la3.HPI3.Chr02.g031820":{"0":0.0,"1":0.0,"2":0.0,"3":0.0,"4":0.0,"5":0.0007843137,"6":0.0010111223,"7":0.0,"8":0.0,"9":0.0,"10":0.0,"11":0.0,"12":0.0,"13":0.0,"14":0.0,"15":0.0,"16":0.0,"17":0.0,"18":0.0,"19":0.0,"20":0.0},"soybean_Gmax.la3.HPI3.Chr07.g151080":{"0":0.0012894907,"1":0.0015243902,"2":0.0006574622,"3":0.0012961763,"4":0.0,"5":0.0031372549,"6":0.0,"7":0.0,"8":0.0013192612,"9":0.003236246,"10":0.0,"11":0.0,"12":0.0053191489,"13":0.0,"14":0.0,"15":0.0,"16":0.0,"17":0.0,"18":0.0,"19":0.0,"20":0.0},"soybean_Gmax.la3.HPI3.Chr19.g447230":{"0":0.0,"1":0.0022865854,"2":0.0026298488,"3":0.0012961763,"4":0.000755287,"5":0.0023529412,"6":0.0010111223,"7":0.0039577836,"8":0.0046174142,"9":0.0048543689,"10":0.0,"11":0.0,"12":0.0,"13":0.0,"14":0.0,"15":0.0333333333,"16":0.0,"17":0.0,"18":0.0,"19":0.0244897959,"20":0.0},"soybean_Gmax.la3.HPI3.Chr10.g245490":{"0":0.0,"1":0.0,"2":0.0019723866,"3":0.0012961763,"4":0.0,"5":0.0,"6":0.0,"7":0.0013192612,"8":0.0,"9":0.0,"10":0.0,"11":0.0,"12":0.0,"13":0.0,"14":0.0,"15":0.0,"16":0.0,"17":0.0,"18":0.0,"19":0.0,"20":0.0},"soybean_Gmax.la3.HPI3.Chr03.g070680":{"0":0.0,"1":0.0,"2":0.0,"3":0.0,"4":0.000755287,"5":0.0,"6":0.0,"7":0.0,"8":0.0,"9":0.0,"10":0.0,"11":0.0,"12":0.0,"13":0.0,"14":0.0,"15":0.0,"16":0.0,"17":0.0,"18":0.0,"19":0.0,"20":0.0},"arabidopsis_AT3G14220":{"0":0.0050600886,"1":0.0118694362,"2":0.013882003,"3":0.014084507,"4":0.0389254386,"5":0.0050658561,"6":0.0207715134,"7":0.0176678445,"8":0.0157068063,"9":0.0343347639,"10":0.021691974,"11":0.0030175015,"12":0.0338983051,"13":0.0342105263,"14":0.025862069,"15":0.0072463768,"16":0.0147058824,"17":0.0126582278,"18":0.0247349823,"19":0.0125,"20":0.0175},"pennycress_Tarv.1014.HPI3.6.g238150":{"0":0.156462585,"1":0.0067934783,"2":0.0942307692,"3":0.0037688442,"4":0.0082644628,"5":0.0064516129,"6":0.0045961917,"7":0.0065876153,"8":0.0055066079,"9":0.041509434,"10":0.0012682308,"11":0.0,"12":0.0096551724,"13":0.0040192926,"14":0.0078347578,"15":0.0112903226,"16":0.0137825421,"17":0.0170511535,"18":0.0291479821,"19":0.0123152709,"20":0.0},"arabidopsis_AT2G03980":{"0":0.0180265655,"1":0.0053412463,"2":0.005453644,"3":0.0037064492,"4":0.0054824561,"5":0.0030395137,"6":0.0148367953,"7":0.1007067138,"8":0.0,"9":0.0,"10":0.0043383948,"11":0.0030175015,"12":0.0,"13":0.0078947368,"14":0.0560344828,"15":0.0108695652,"16":0.0117647059,"17":0.2101265823,"18":0.0565371025,"19":0.0,"20":0.005},"arabidopsis_AT5G03590":{"0":0.0,"1":0.0,"2":0.0,"3":0.0,"4":0.0,"5":0.0,"6":0.0,"7":0.0,"8":0.0,"9":0.0,"10":0.0,"11":0.0,"12":0.0,"13":0.0,"14":0.0,"15":0.0,"16":0.0,"17":0.0,"18":0.0,"19":0.0,"20":0.0},"arabidopsis_AT1G28610":{"0":0.0006325111,"1":0.0029673591,"2":0.0059494298,"3":0.0059303188,"4":0.0016447368,"5":0.0020263425,"6":0.0,"7":0.0017667845,"8":0.0052356021,"9":0.0042918455,"10":0.0412147505,"11":0.0066385033,"12":0.0,"13":0.0,"14":0.0,"15":0.1014492754,"16":0.0,"17":0.0,"18":0.0,"19":0.0,"20":0.0025},"arabidopsis_AT4G01130":{"0":0.0,"1":0.0,"2":0.0004957858,"3":0.0,"4":0.0,"5":0.0,"6":0.0,"7":0.0017667845,"8":0.0,"9":0.0,"10":0.0,"11":0.0,"12":0.0,"13":0.0,"14":0.0,"15":0.0036231884,"16":0.0,"17":0.0,"18":0.0,"19":0.0,"20":0.0},"arabidopsis_AT3G14210":{"0":0.0006325111,"1":0.0,"2":0.0004957858,"3":0.0007412898,"4":0.0005482456,"5":0.0010131712,"6":0.0,"7":0.0,"8":0.0,"9":0.0,"10":0.0,"11":0.0,"12":0.0,"13":0.0,"14":0.0,"15":0.0,"16":0.0,"17":0.0,"18":0.0,"19":0.0,"20":0.0},"arabidopsis_AT2G36325":{"0":0.0,"1":0.0,"2":0.0,"3":0.0,"4":0.0,"5":0.0,"6":0.0,"7":0.0,"8":0.0,"9":0.0,"10":0.0,"11":0.0,"12":0.0,"13":0.0,"14":0.0,"15":0.0,"16":0.0,"17":0.0,"18":0.0,"19":0.0,"20":0.0},"arabidopsis_AT2G04020":{"0":0.0,"1":0.0,"2":0.0,"3":0.0,"4":0.0005482456,"5":0.0,"6":0.0,"7":0.0,"8":0.0052356021,"9":0.0,"10":0.0,"11":0.0,"12":0.0,"13":0.0,"14":0.0,"15":0.0,"16":0.0,"17":0.0,"18":0.0,"19":0.0,"20":0.0},"arabidopsis_AT1G54020":{"0":0.0,"1":0.0,"2":0.0,"3":0.0,"4":0.0005482456,"5":0.0,"6":0.0,"7":0.0,"8":0.0,"9":0.0,"10":0.0,"11":0.0,"12":0.0,"13":0.0,"14":0.0043103448,"15":0.0,"16":0.0,"17":0.0,"18":0.0,"19":0.0,"20":0.0},"arabidopsis_AT5G03600":{"0":0.0,"1":0.0,"2":0.0,"3":0.0,"4":0.0,"5":0.0,"6":0.0,"7":0.0,"8":0.0,"9":0.0,"10":0.0,"11":0.0,"12":0.0,"13":0.0,"14":0.0,"15":0.0,"16":0.0,"17":0.0,"18":0.0,"19":0.0,"20":0.0},"pennycress_Tarv.1014.HPI3.2.g081350":{"0":0.0,"1":0.0,"2":0.0,"3":0.0,"4":0.0,"5":0.0,"6":0.0,"7":0.0,"8":0.0,"9":0.0,"10":0.0,"11":0.0,"12":0.0,"13":0.0,"14":0.0,"15":0.0,"16":0.0,"17":0.0,"18":0.0,"19":0.0,"20":0.0},"pennycress_Tarv.1014.HPI3.5.g182140":{"0":0.0,"1":0.0,"2":0.0,"3":0.0,"4":0.0,"5":0.0,"6":0.0,"7":0.0,"8":0.0,"9":0.0,"10":0.0,"11":0.0,"12":0.0,"13":0.0,"14":0.0,"15":0.0,