{"pennycress_Tarv.1014.HPI3.5.g197580":{"0":0.037414966,"1":0.1050724638,"2":0.1471153846,"3":0.0841708543,"4":0.0247933884,"5":0.12,"6":0.0262639527,"7":0.0276679842,"8":0.0363436123,"9":0.027672956,"10":0.0291693088,"11":0.1,"12":0.0682758621,"13":0.0305466238,"14":0.0242165242,"15":0.1225806452,"16":0.0275650842,"17":0.0260782347,"18":0.0313901345,"19":0.0344827586,"20":0.0},"pennycress_Tarv.1014.HPI3.5.g197550":{"0":0.018707483,"1":0.0398550725,"2":0.0105769231,"3":0.0125628141,"4":0.0468319559,"5":0.0464516129,"6":0.007222587,"7":0.0184453228,"8":0.0066079295,"9":0.0157232704,"10":0.0259987318,"11":0.0,"12":0.0489655172,"13":0.0176848875,"14":0.00997151,"15":0.1951612903,"16":0.0275650842,"17":0.0080240722,"18":0.0313901345,"19":0.0197044335,"20":0.0},"soybean_Gmax.la3.HPI3.Chr08.g187090":{"0":0.0058027079,"1":0.1242378049,"2":0.0341880342,"3":0.02786779,"4":0.0354984894,"5":0.128627451,"6":0.0647118301,"7":0.0178100264,"8":0.0257255937,"9":0.0161812298,"10":0.0,"11":0.0,"12":0.0372340426,"13":0.0,"14":0.0,"15":0.0,"16":0.0170212766,"17":0.0,"18":0.0,"19":0.0163265306,"20":0.0},"arabidopsis_AT3G29630":{"0":0.004743833,"1":0.0100890208,"2":0.0114030739,"3":0.057079318,"4":0.0076754386,"5":0.0810536981,"6":0.0089020772,"7":0.0053003534,"8":0.0,"9":0.0,"10":0.0195227766,"11":0.0048280024,"12":0.0,"13":0.0052631579,"14":0.0043103448,"15":0.0543478261,"16":0.0088235294,"17":0.0025316456,"18":0.0035335689,"19":0.0375,"20":0.0875},"pennycress_Tarv.1014.HPI3.1.g020240":{"0":0.0884353741,"1":0.058423913,"2":0.125,"3":0.0540201005,"4":0.0247933884,"5":0.0632258065,"6":0.0203545634,"7":0.0355731225,"8":0.0737885463,"9":0.0308176101,"10":0.0424857324,"11":0.0333333333,"12":0.0372413793,"13":0.0490353698,"14":0.0185185185,"15":0.1532258065,"16":0.0535987749,"17":0.0330992979,"18":0.1614349776,"19":0.0369458128,"20":0.0},"pennycress_Tarv.1014.HPI3.1.g010120":{"0":0.0,"1":0.0,"2":0.0,"3":0.0,"4":0.0,"5":0.0,"6":0.0,"7":0.0,"8":0.0,"9":0.0,"10":0.0,"11":0.0,"12":0.0,"13":0.0,"14":0.0,"15":0.0,"16":0.0,"17":0.0,"18":0.0,"19":0.0,"20":0.0},"arabidopsis_AT5G54010":{"0":0.0,"1":0.0,"2":0.0,"3":0.0,"4":0.0,"5":0.0,"6":0.0,"7":0.0,"8":0.0,"9":0.0,"10":0.0,"11":0.0,"12":0.0,"13":0.0,"14":0.0,"15":0.0,"16":0.0,"17":0.0,"18":0.0,"19":0.0,"20":0.0},"pennycress_Tarv.1014.HPI3.1.g010130":{"0":0.0,"1":0.0,"2":0.0,"3":0.0,"4":0.0,"5":0.0,"6":0.0,"7":0.0,"8":0.0,"9":0.0,"10":0.0,"11":0.0,"12":0.0,"13":0.0,"14":0.0,"15":0.0,"16":0.0,"17":0.0,"18":0.0,"19":0.0,"20":0.0},"arabidopsis_AT1G64910":{"0":0.0,"1":0.0005934718,"2":0.0,"3":0.0,"4":0.0027412281,"5":0.0,"6":0.0,"7":0.0,"8":0.0,"9":0.0042918455,"10":0.0,"11":0.0,"12":0.0,"13":0.0026315789,"14":0.0,"15":0.0,"16":0.0,"17":0.0,"18":0.0035335689,"19":0.0,"20":0.0},"arabidopsis_AT4G09500":{"0":0.0022137887,"1":0.0041543027,"2":0.0094199306,"3":0.0051890289,"4":0.0021929825,"5":0.0151975684,"6":0.0059347181,"7":0.0017667845,"8":0.0,"9":0.0,"10":0.0065075922,"11":0.0066385033,"12":0.0,"13":0.0263157895,"14":0.0,"15":0.0144927536,"16":0.0029411765,"17":0.0075949367,"18":0.0,"19":0.0125,"20":0.01},"pennycress_Tarv.1014.HPI3.5.g197560":{"0":0.0,"1":0.0027173913,"2":0.0086538462,"3":0.0,"4":0.0055096419,"5":0.0141935484,"6":0.0098489823,"7":0.0013175231,"8":0.0011013216,"9":0.0012578616,"10":0.003170577,"11":0.0,"12":0.0186206897,"13":0.0008038585,"14":0.0021367521,"15":0.0137096774,"16":0.0015313936,"17":0.001003009,"18":0.0022421525,"19":0.0049261084,"20":0.0},"pennycress_Tarv.1014.HPI3.1.g010190":{"0":0.0,"1":0.0013586957,"2":0.0,"3":0.0,"4":0.0,"5":0.0012903226,"6":0.0045961917,"7":0.0,"8":0.0011013216,"9":0.0025157233,"10":0.0,"11":0.0,"12":0.0020689655,"13":0.001607717,"14":0.0007122507,"15":0.0,"16":0.0015313936,"17":0.0,"18":0.0,"19":0.0,"20":0.0},"arabidopsis_AT2G22590":{"0":0.0018975332,"1":0.0023738872,"2":0.0009915716,"3":0.0214974055,"4":0.0076754386,"5":0.0050658561,"6":0.0,"7":0.0053003534,"8":0.0104712042,"9":0.0042918455,"10":0.0065075922,"11":0.0006035003,"12":0.0677966102,"13":0.0131578947,"14":0.0043103448,"15":0.0,"16":0.0058823529,"17":0.0,"18":0.0,"19":0.0,"20":0.015},"arabidopsis_AT1G64920":{"0":0.0003162555,"1":0.0023738872,"2":0.0004957858,"3":0.0,"4":0.0235745614,"5":0.0020263425,"6":0.0,"7":0.0017667845,"8":0.0,"9":0.0128755365,"10":0.0,"11":0.0,"12":0.0,"13":0.0210526316,"14":0.0086206897,"15":0.0036231884,"16":0.0,"17":0.0025316456,"18":0.0176678445,"19":0.0,"20":0.0025},"arabidopsis_AT4G27570":{"0":0.0,"1":0.0,"2":0.0,"3":0.0,"4":0.0,"5":0.0,"6":0.0,"7":0.0,"8":0.0,"9":0.0,"10":0.0043383948,"11":0.0,"12":0.0,"13":0.0,"14":0.0,"15":0.0,"16":0.0,"17":0.0,"18":0.0,"19":0.0,"20":0.0},"pennycress_Tarv.1014.HPI3.5.g187750":{"0":0.0,"1":0.0,"2":0.0,"3":0.0,"4":0.0,"5":0.0,"6":0.0,"7":0.0,"8":0.0,"9":0.0,"10":0.0,"11":0.0,"12":0.0,"13":0.0,"14":0.0,"15":0.0008064516,"16":0.0,"17":0.0,"18":0.0,"19":0.0,"20":0.0},"pennycress_Tarv.1014.HPI3.5.g197600":{"0":0.0017006803,"1":0.018115942,"2":0.0182692308,"3":0.0037688442,"4":0.0027548209,"5":0.0051612903,"6":0.0039395929,"7":0.0013175231,"8":0.0011013216,"9":0.0018867925,"10":0.0038046925,"11":0.0,"12":0.0027586207,"13":0.0040192926,"14":0.0007122507,"15":0.0137096774,"16":0.0030627871,"17":0.0030090271,"18":0.0022421525,"19":0.0024630542,"20":0.0},"arabidopsis_AT5G49690":{"0":0.0085388994,"1":0.0023738872,"2":0.0004957858,"3":0.0,"4":0.0,"5":0.0,"6":0.0,"7":0.0,"8":0.0052356021,"9":0.0,"10":0.0,"11":0.0012070006,"12":0.0,"13":0.0,"14":0.0,"15":0.0,"16":0.0029411765,"17":0.0,"18":0.0,"19":0.05,"20":0.0},"pennycress_Tarv.1014.HPI3.1.g010110":{"0":0.0,"1":0.0,"2":0.0,"3":0.0,"4":0.0,"5":0.0,"6":0.0,"7":0.0,"8":0.0,"9":0.0,"10":0.0,"11":0.0,"12":0.0,"13":0.0,"14":0.0,"15":0.0,"16":0.0,"17":0.0,"18":0.0,"19":0.0,"20":0.0},"soybean_Gmax.la3.HPI3.Chr15.g358800":{"0":0.0051579626,"1":0.006097561,"2":0.0006574622,"3":0.0006480881,"4":0.0067975831,"5":0.0054901961,"6":0.0010111223,"7":0.003298153,"8":0.0019788918,"9":0.001618123,"10":0.0,"11":0.0,"12":0.0,"13":0.0,"14":0.0,"15":0.0,"16":0.0021276596,"17":0.0,"18":0.0,"19":0.0,"20":0.0},"arabidopsis_AT5G54060":{"0":0.0003162555,"1":0.0,"2":0.0,"3":0.0,"4":0.0,"5":0.0,"6":0.0,"7":0.0,"8":0.0,"9":0.0,"10":0.0,"11":0.0,"12":0.0,"13":0.0,"14":0.0,"15":0.0,"16":0.0,"17":0.0,"18":0.0,"19":0.0,"20":0.0},"soybean_Gmax.la3.HPI3.Chr07.g151760":{"0":0.0,"1":0.0015243902,"2":0.0,"3":0.0012961763,"4":0.0,"5":0.0015686275,"6":0.0010111223,"7":0.0,"8":0.0006596306,"9":0.0,"10":0.0,"11":0.0,"12":0.0,"13":0.0,"14":0.0,"15":0.0,"16":0.0,"17":0.0,"18":0.0,"19":0.0,"20":0.0},"pennycress_Tarv.1014.HPI3.1.g010140":{"0":0.0,"1":0.0,"2":0.0,"3":0.0,"4":0.0027548209,"5":0.0,"6":0.0,"7":0.0,"8":0.0,"9":0.0,"10":0.0,"11":0.0,"12":0.0,"13":0.0,"14":0.0,"15":0.0,"16":0.0,"17":0.0,"18":0.0,"19":0.0,"20":0.0},"soybean_Gmax.la3.HPI3.Chr13.g326240":{"0":0.0012894907,"1":0.0045731707,"2":0.0019723866,"3":0.0019442644,"4":0.000755287,"5":0.0007843137,"6":0.0050556117,"7":0.0072559367,"8":0.0006596306,"9":0.001618123,"10":0.0,"11":0.0,"12":0.0,"13":0.0,"14":0.0,"15":0.0,"16":0.0021276596,"17":0.0,"18":0.0,"19":0.0,"20":0.0},"soybean_Gmax.la3.HPI3.Chr13.g322920":{"0":0.0,"1":0.0007621951,"2":0.0006574622,"3":0.0012961763,"4":0.0,"5":0.0,"6":0.0,"7":0.0006596306,"8":0.0,"9":0.0,"10":0.0,"11":0.0,"12":0.0,"13":0.0,"14":0.0,"15":0.0166666667,"16":0.0,"17":0.0,"18":0.0,"19":0.0,"20":0.0},"pennycress_Tarv.1014.HPI3.2.g052900":{"0":0.0,"1":0.0004528986,"2":0.0,"3":0.0,"4":0.0,"5":0.0025806452,"6":0.0006565988,"7":0.0,"8":0.0011013216,"9":0.0,"10":0.0006341154,"11":0.0,"12":0.0027586207,"13":0.0,"14":0.0,"15":0.0,"16":0.0,"17":0.0,"18":0.0022421525,"19":0.0,"20":0.0},"pennycress_Tarv.1014.HPI3.1.g010180":{"0":0.0034013605,"1":0.0086050725,"2":0.0076923077,"3":0.0037688442,"4":0.0082644628,"5":0.0038709677,"6":0.0065659882,"7":0.0052700922,"8":0.0011013216,"9":0.0100628931,"10":0.0057070387,"11":0.0,"12":0.02,"13":0.0080385852,"14":0.0121082621,"15":0.0225806452,"16":0.0015313936,"17":0.0020060181,"18":0.0089686099,"19":0.0073891626,"20":0.0},