{"arabidopsis_AT4G38800":{"0":0.0610373182,"1":0.0789317507,"2":0.0694100149,"3":0.0637509266,"4":0.1622807018,"5":0.0597771023,"6":0.0712166172,"7":0.2137809187,"8":0.0732984293,"9":0.0686695279,"10":0.1019522777,"11":0.0549185275,"12":0.1016949153,"13":0.1447368421,"14":0.0862068966,"15":0.0543478261,"16":0.0823529412,"17":0.1518987342,"18":0.0883392226,"19":0.075,"20":0.05},"arabidopsis_AT5G23050":{"0":0.0357368754,"1":0.0896142433,"2":0.0540406544,"3":0.2942920682,"4":0.0575657895,"5":0.0567375887,"6":0.0949554896,"7":0.0335689046,"8":0.1465968586,"9":0.0557939914,"10":0.1561822126,"11":0.051901026,"12":0.0169491525,"13":0.0342105263,"14":0.0474137931,"15":0.0760869565,"16":0.0970588235,"17":0.0481012658,"18":0.038869258,"19":0.0875,"20":0.0675},"arabidopsis_AT3G17210":{"0":0.0588235294,"1":0.0836795252,"2":0.0852751611,"3":0.0585618977,"4":0.1688596491,"5":0.0557244174,"6":0.0652818991,"7":0.2296819788,"8":0.0471204188,"9":0.0815450644,"10":0.0889370933,"11":0.0706095353,"12":0.1016949153,"13":0.1342105263,"14":0.0818965517,"15":0.0724637681,"16":0.0852941176,"17":0.146835443,"18":0.1448763251,"19":0.0875,"20":0.0575},"pennycress_Tarv.1014.HPI3.2.g062430":{"0":0.5034013605,"1":0.4823369565,"2":0.6067307692,"3":0.2550251256,"4":0.1157024793,"5":0.4,"6":0.1634931057,"7":0.417654809,"8":0.2279735683,"9":0.2490566038,"10":0.1991122384,"11":0.3,"12":0.1724137931,"13":0.4654340836,"14":0.2329059829,"15":0.4911290323,"16":0.3062787136,"17":0.4102306921,"18":0.6412556054,"19":0.2438423645,"20":1.0},"soybean_Gmax.la3.HPI3.Chr15.g372250":{"0":0.1792392005,"1":0.0594512195,"2":0.154503616,"3":0.1302657161,"4":0.0755287009,"5":0.1835294118,"6":0.0829120324,"7":0.0488126649,"8":0.092348285,"9":0.0873786408,"10":0.0769230769,"11":0.0,"12":0.1117021277,"13":0.0,"14":0.0,"15":0.15,"16":0.114893617,"17":0.0,"18":0.0,"19":0.212244898,"20":0.0909090909},"pennycress_Tarv.1014.HPI3.6.g223700":{"0":0.0612244898,"1":0.1807065217,"2":0.0884615385,"3":0.0841708543,"4":0.1377410468,"5":0.095483871,"6":0.1254103743,"7":0.1133069829,"8":0.1332599119,"9":0.1911949686,"10":0.13950539,"11":0.0,"12":0.1593103448,"13":0.2620578778,"14":0.1531339031,"15":0.2233870968,"16":0.1148545176,"17":0.1233701103,"18":0.1547085202,"19":0.0960591133,"20":0.0},"soybean_Gmax.la3.HPI3.Chr15.g371060":{"0":0.0941328175,"1":0.050304878,"2":0.1321499014,"3":0.1237848347,"4":0.0256797583,"5":0.0549019608,"6":0.0333670374,"7":0.0448548813,"8":0.040237467,"9":0.0857605178,"10":0.0,"11":0.0,"12":0.0212765957,"13":0.0,"14":0.0,"15":0.05,"16":0.0510638298,"17":0.04,"18":0.0,"19":0.0408163265,"20":0.0},"pennycress_Tarv.1014.HPI3.6.g241600":{"0":0.0833333333,"1":0.3093297101,"2":0.0798076923,"3":0.1105527638,"4":0.217630854,"5":0.1122580645,"6":0.1536441234,"7":0.2384716733,"8":0.0859030837,"9":0.0955974843,"10":0.1306277743,"11":0.0666666667,"12":0.0993103448,"13":0.4059485531,"14":0.150997151,"15":0.1443548387,"16":0.1439509954,"17":0.1554663992,"18":0.1098654709,"19":0.0738916256,"20":0.0},"soybean_Gmax.la3.HPI3.Chr08.g175910":{"0":0.1115409413,"1":0.050304878,"2":0.0808678501,"3":0.0699935191,"4":0.0173716012,"5":0.0250980392,"6":0.0182002022,"7":0.0422163588,"8":0.0395778364,"9":0.0598705502,"10":0.0,"11":0.0,"12":0.0106382979,"13":0.0,"14":0.0,"15":0.0333333333,"16":0.0553191489,"17":0.04,"18":0.3333333333,"19":0.0448979592,"20":0.0},"soybean_Gmax.la3.HPI3.Chr05.g115760":{"0":0.1566731141,"1":0.0533536585,"2":0.0631163708,"3":0.0764744005,"4":0.0392749245,"5":0.0596078431,"6":0.0576339737,"7":0.0573878628,"8":0.0573878628,"9":0.0436893204,"10":0.0,"11":0.0,"12":0.0531914894,"13":0.0,"14":0.0,"15":0.0166666667,"16":0.0659574468,"17":0.16,"18":0.0,"19":0.0530612245,"20":0.0909090909},"arabidopsis_AT5G48020":{"0":0.0426944972,"1":0.034421365,"2":0.0535448686,"3":0.0370644922,"4":0.0707236842,"5":0.0395136778,"6":0.0741839763,"7":0.0318021201,"8":0.0628272251,"9":0.0472103004,"10":0.0607375271,"11":0.044055522,"12":0.0677966102,"13":0.0973684211,"14":0.0517241379,"15":0.0652173913,"16":0.0529411765,"17":0.0329113924,"18":0.0565371025,"19":0.075,"20":0.04},"arabidopsis_AT4G17830":{"0":0.0215053763,"1":0.0189910979,"2":0.0104115022,"3":0.0103780578,"4":0.0301535088,"5":0.0162107396,"6":0.0237388724,"7":0.019434629,"8":0.0052356021,"9":0.017167382,"10":0.0238611714,"11":0.0132770066,"12":0.0,"13":0.0394736842,"14":0.0086206897,"15":0.0036231884,"16":0.0205882353,"17":0.0227848101,"18":0.0070671378,"19":0.0125,"20":0.0175},"soybean_Gmax.la3.HPI3.Chr08.g180560":{"0":0.0541586074,"1":0.0274390244,"2":0.0591715976,"3":0.0304601426,"4":0.0377643505,"5":0.0274509804,"6":0.0404448938,"7":0.0244063325,"8":0.0224274406,"9":0.0291262136,"10":0.0769230769,"11":0.0,"12":0.0478723404,"13":0.0,"14":0.0,"15":0.0833333333,"16":0.0255319149,"17":0.04,"18":0.0,"19":0.0244897959,"20":0.0909090909},"arabidopsis_AT3G01640":{"0":0.0142314991,"1":0.0142433234,"2":0.0099157164,"3":0.0088954781,"4":0.0328947368,"5":0.0060790274,"6":0.0148367953,"7":0.0318021201,"8":0.0209424084,"9":0.025751073,"10":0.0151843818,"11":0.0108630054,"12":0.0338983051,"13":0.0473684211,"14":0.0215517241,"15":0.0108695652,"16":0.0088235294,"17":0.0506329114,"18":0.0424028269,"19":0.0625,"20":0.005},"soybean_Gmax.la3.HPI3.Chr05.g093840":{"0":0.0715667311,"1":0.0274390244,"2":0.0249835634,"3":0.0259235256,"4":0.0067975831,"5":0.0101960784,"6":0.0121334681,"7":0.0389182058,"8":0.0112137203,"9":0.0776699029,"10":0.0,"11":0.0,"12":0.0053191489,"13":0.0,"14":0.0,"15":0.0333333333,"16":0.0170212766,"17":0.0,"18":0.3333333333,"19":0.0367346939,"20":0.0},"pennycress_Tarv.1014.HPI3.4.g147440":{"0":0.0799319728,"1":0.1141304348,"2":0.0509615385,"3":0.0942211055,"4":0.0716253444,"5":0.0670967742,"6":0.0952068286,"7":0.0724637681,"8":0.0572687225,"9":0.1125786164,"10":0.0830691186,"11":0.0,"12":0.0717241379,"13":0.1093247588,"14":0.0904558405,"15":0.1,"16":0.1179173047,"17":0.0842527583,"18":0.0762331839,"19":0.0665024631,"20":0.0},"arabidopsis_AT1G08460":{"0":0.023086654,"1":0.0172106825,"2":0.0163609321,"3":0.0163083766,"4":0.0180921053,"5":0.0182370821,"6":0.0178041543,"7":0.0282685512,"8":0.0157068063,"9":0.017167382,"10":0.0021691974,"11":0.0217260109,"12":0.0169491525,"13":0.0131578947,"14":0.0129310345,"15":0.0144927536,"16":0.0176470588,"17":0.0202531646,"18":0.0176678445,"19":0.0,"20":0.02},"pennycress_Tarv.1014.HPI3.5.g194410":{"0":0.0476190476,"1":0.0634057971,"2":0.0490384615,"3":0.0364321608,"4":0.0192837466,"5":0.0412903226,"6":0.0131319764,"7":0.0500658762,"8":0.0242290749,"9":0.0603773585,"10":0.0196575777,"11":0.0333333333,"12":0.015862069,"13":0.0578778135,"14":0.047008547,"15":0.0540322581,"16":0.0229709035,"17":0.0280842528,"18":0.0986547085,"19":0.0172413793,"20":0.0},"arabidopsis_AT1G55320":{"0":0.0170777989,"1":0.0148367953,"2":0.0297471492,"3":0.0222386953,"4":0.0180921053,"5":0.0293819656,"6":0.0237388724,"7":0.0123674912,"8":0.0104712042,"9":0.008583691,"10":0.0238611714,"11":0.0175015088,"12":0.0169491525,"13":0.05,"14":0.025862069,"15":0.0471014493,"16":0.0147058824,"17":0.0506329114,"18":0.0106007067,"19":0.0,"20":0.0675},"soybean_Gmax.la3.HPI3.Chr04.g083870":{"0":0.0909090909,"1":0.0137195122,"2":0.0499671269,"3":0.0434219054,"4":0.0264350453,"5":0.0337254902,"6":0.029322548,"7":0.0237467018,"8":0.0257255937,"9":0.0339805825,"10":0.0769230769,"11":0.0,"12":0.0159574468,"13":0.0,"14":0.0,"15":0.0,"16":0.0723404255,"17":0.04,"18":0.0,"19":0.0244897959,"20":0.0},"pennycress_Tarv.1014.HPI3.4.g139900":{"0":0.1870748299,"1":0.0475543478,"2":0.1490384615,"3":0.0515075377,"4":0.0165289256,"5":0.0683870968,"6":0.0584372948,"7":0.0408432148,"8":0.0583700441,"9":0.0905660377,"10":0.0526315789,"11":0.0666666667,"12":0.0593103448,"13":0.0691318328,"14":0.061965812,"15":0.0637096774,"16":0.0627871363,"17":0.0882647944,"18":0.1748878924,"19":0.145320197,"20":0.0},"pennycress_Tarv.1014.HPI3.5.g174220":{"0":0.0357142857,"1":0.1091485507,"2":0.0846153846,"3":0.1557788945,"4":0.1129476584,"5":0.1458064516,"6":0.1391989494,"7":0.0368906456,