{"pennycress_Tarv.1014.HPI3.6.g262750":{"0":0.6547619048,"1":0.7436594203,"2":0.7144230769,"3":0.6896984925,"4":0.4242424242,"5":0.6735483871,"6":0.5837163493,"7":0.5256916996,"8":0.6497797357,"9":0.627672956,"10":0.6391883323,"11":0.4666666667,"12":0.6055172414,"13":0.7226688103,"14":0.6182336182,"15":0.8040322581,"16":0.6830015314,"17":0.4613841525,"18":0.7443946188,"19":0.539408867,"20":0.0},"arabidopsis_AT2G18160":{"0":0.4645793801,"1":0.4112759644,"2":0.6162617749,"3":0.4981467754,"4":0.4555921053,"5":0.5309017224,"6":0.3857566766,"7":0.2809187279,"8":0.4502617801,"9":0.4206008584,"10":0.6702819957,"11":0.5371152686,"12":0.5254237288,"13":0.7078947368,"14":0.4353448276,"15":0.6884057971,"16":0.3176470588,"17":0.4278481013,"18":0.6042402827,"19":0.4,"20":0.3925},"soybean_Gmax.la3.HPI3.Chr10.g229780":{"0":0.2404900064,"1":0.0945121951,"2":0.063773833,"3":0.0952689566,"4":0.0400302115,"5":0.0407843137,"6":0.0586450961,"7":0.2335092348,"8":0.0382585752,"9":0.1181229773,"10":0.0,"11":0.1428571429,"12":0.0425531915,"13":0.0,"14":0.0,"15":0.05,"16":0.0872340426,"17":0.04,"18":0.0,"19":0.0816326531,"20":0.0},"soybean_Gmax.la3.HPI3.Chr19.g464690":{"0":0.0960670535,"1":0.1402439024,"2":0.0532544379,"3":0.0641607259,"4":0.0611782477,"5":0.0580392157,"6":0.0677451972,"7":0.1200527704,"8":0.0481530343,"9":0.1084142395,"10":0.0,"11":0.1428571429,"12":0.0638297872,"13":0.0,"14":0.0,"15":0.0333333333,"16":0.0446808511,"17":0.0,"18":0.0,"19":0.0612244898,"20":0.0909090909},"soybean_Gmax.la3.HPI3.Chr03.g067130":{"0":0.083172147,"1":0.0891768293,"2":0.02695595,"3":0.0330524951,"4":0.0302114804,"5":0.0250980392,"6":0.0465116279,"7":0.1253298153,"8":0.0310026385,"9":0.1003236246,"10":0.0769230769,"11":0.0,"12":0.0531914894,"13":0.0,"14":0.0,"15":0.0,"16":0.0319148936,"17":0.04,"18":0.0,"19":0.0530612245,"20":0.0},"soybean_Gmax.la3.HPI3.Chr08.g180730":{"0":0.0689877498,"1":0.1242378049,"2":0.0578566732,"3":0.0674011666,"4":0.0694864048,"5":0.0345098039,"6":0.0647118301,"7":0.0395778364,"8":0.0540897098,"9":0.067961165,"10":0.0769230769,"11":0.0,"12":0.0531914894,"13":0.0,"14":0.0,"15":0.0833333333,"16":0.0510638298,"17":0.04,"18":0.0,"19":0.0653061224,"20":0.0},"pennycress_Tarv.1014.HPI3.7.g287520":{"0":0.3724489796,"1":0.5067934783,"2":0.3163461538,"3":0.277638191,"4":0.1955922865,"5":0.3122580645,"6":0.2757715036,"7":0.6851119895,"8":0.2731277533,"9":0.2849056604,"10":0.2714013951,"11":0.2666666667,"12":0.2227586207,"13":0.3191318328,"14":0.2186609687,"15":0.3435483871,"16":0.3062787136,"17":0.5065195587,"18":0.4170403587,"19":0.2536945813,"20":1.0},"arabidopsis_AT3G62420":{"0":0.4478178368,"1":0.2735905045,"2":0.3168071393,"3":0.1964418087,"4":0.2203947368,"5":0.2695035461,"6":0.1661721068,"7":0.3374558304,"8":0.1832460733,"9":0.2618025751,"10":0.2169197397,"11":0.3946891973,"12":0.186440678,"13":0.4,"14":0.2327586207,"15":0.3007246377,"16":0.1941176471,"17":0.4405063291,"18":0.332155477,"19":0.2,"20":0.165},"soybean_Gmax.la3.HPI3.Chr02.g021620":{"0":0.0986460348,"1":0.0952743902,"2":0.036817883,"3":0.0654569021,"4":0.0287009063,"5":0.0384313725,"6":0.0414560162,"7":0.1220316623,"8":0.0329815303,"9":0.0809061489,"10":0.0769230769,"11":0.0,"12":0.0372340426,"13":0.0,"14":0.0,"15":0.05,"16":0.0595744681,"17":0.0,"18":0.0,"19":0.0653061224,"20":0.0},"soybean_Gmax.la3.HPI3.Chr04.g072700":{"0":0.0212765957,"1":0.0579268293,"2":0.0276134122,"3":0.036941024,"4":0.0649546828,"5":0.0274509804,"6":0.0505561173,"7":0.0197889182,"8":0.0382585752,"9":0.0598705502,"10":0.0,"11":0.0,"12":0.0638297872,"13":0.0,"14":0.0,"15":0.0333333333,"16":0.0787234043,"17":0.0,"18":0.0,"19":0.0204081633,"20":0.0},"soybean_Gmax.la3.HPI3.Chr11.g265870":{"0":0.0341715023,"1":0.0693597561,"2":0.0361604208,"3":0.0382372003,"4":0.0347432024,"5":0.0274509804,"6":0.0303336704,"7":0.0244063325,"8":0.018469657,"9":0.0258899676,"10":0.0,"11":0.0,"12":0.0265957447,"13":0.0,"14":0.0,"15":0.0,"16":0.0404255319,"17":0.0,"18":0.0,"19":0.0326530612,"20":0.0909090909},"soybean_Gmax.la3.HPI3.Chr12.g283180":{"0":0.0077369439,"1":0.0739329268,"2":0.0177514793,"3":0.0246273493,"4":0.0234138973,"5":0.0235294118,"6":0.0121334681,"7":0.0118733509,"8":0.0125329815,"9":0.0275080906,"10":0.0,"11":0.0,"12":0.0159574468,"13":0.0,"14":0.0,"15":0.1,"16":0.0340425532,"17":0.0,"18":0.0,"19":0.0163265306,"20":0.0},"arabidopsis_AT4G34590":{"0":0.0107526882,"1":0.0670623145,"2":0.019335647,"3":0.042994811,"4":0.0926535088,"5":0.1063829787,"6":0.1097922849,"7":0.0123674912,"8":0.1151832461,"9":0.0343347639,"10":0.1127982646,"11":0.0187085094,"12":0.2881355932,"13":0.0263157895,"14":0.0172413793,"15":0.1050724638,"16":0.2117647059,"17":0.0202531646,"18":0.038869258,"19":0.1125,"20":0.165},"soybean_Gmax.la3.HPI3.Chr06.g116710":{"0":0.0122501612,"1":0.0236280488,"2":0.0131492439,"3":0.009073234,"4":0.0188821752,"5":0.0141176471,"6":0.0111223458,"7":0.0224274406,"8":0.0112137203,"9":0.0145631068,"10":0.0,"11":0.0,"12":0.0159574468,"13":0.0,"14":0.0,"15":0.0,"16":0.0404255319,"17":0.0,"18":0.0,"19":0.0040816327,"20":0.0},"soybean_Gmax.la3.HPI3.Chr04.g074570":{"0":0.0012894907,"1":0.0137195122,"2":0.0085470085,"3":0.0077770577,"4":0.002265861,"5":0.0039215686,"6":0.0070778564,"7":0.0013192612,"8":0.003298153,"9":0.0097087379,"10":0.0,"11":0.0,"12":0.0,"13":0.0,"14":0.0,"15":0.0,"16":0.0,"17":0.0,"18":0.0,"19":0.0081632653,"20":0.0},"soybean_Gmax.la3.HPI3.Chr14.g341580":{"0":0.0025789813,"1":0.025152439,"2":0.0078895464,"3":0.0084251458,"4":0.0052870091,"5":0.0070588235,"6":0.0080889788,"7":0.0046174142,"8":0.0065963061,"9":0.0048543689,"10":0.0,"11":0.1428571429,"12":0.0053191489,"13":0.0,"14":0.0,"15":0.0166666667,"16":0.014893617,"17":0.0,"18":0.0,"19":0.0040816327,"20":0.0},"soybean_Gmax.la3.HPI3.Chr17.g419070":{"0":0.0025789813,"1":0.0221036585,"2":0.0085470085,"3":0.0168502916,"4":0.0045317221,"5":0.008627451,"6":0.0070778564,"7":0.0072559367,"8":0.0079155673,"9":0.0,"10":0.0769230769,"11":0.0,"12":0.0053191489,"13":0.0,"14":0.0,"15":0.0166666667,"16":0.0127659574,"17":0.0,"18":0.0,"19":0.0040816327,"20":0.0},"soybean_Gmax.la3.HPI3.Chr06.g118520":{"0":0.0012894907,"1":0.0022865854,"2":0.0013149244,"3":0.0,"4":0.0,"5":0.0023529412,"6":0.0,"7":0.003298153,"8":0.0019788918,"9":0.0,"10":0.0,"11":0.0,"12":0.0,"13":0.0,"14":0.0,"15":0.0,"16":0.0,"17":0.0,"18":0.0,"19":0.0,"20":0.0},"soybean_Gmax.la3.HPI3.Chr05.g102350":{"0":0.0141843972,"1":0.0007621951,"2":0.003287311,"3":0.0084251458,"4":0.000755287,"5":0.0015686275,"6":0.0020222447,"7":0.0046174142,"8":0.0026385224,"9":0.0048543689,"10":0.0,"11":0.0,"12":0.0,"13":0.0,"14":0.0,"15":0.0,"16":0.0021276596,"17":0.0,"18":0.0,"19":0.0081632653,"20":0.0},"arabidopsis_AT1G68880":{"0":0.0053763441,"1":0.0213649852,"2":0.0188398612,"3":0.1534469978,"4":0.0076754386,"5":0.0678824721,"6":0.0178041543,"7":0.0123674912,"8":0.0157068063,"9":0.017167382,"10":0.0151843818,"11":0.0048280024,"12":0.0169491525,"13":0.0078947368,"14":0.0215517241,"15":0.0108695652,"16":0.0205882353,"17":0.0025316456,"18":0.0070671378,"19":0.025,"20":0.035},"arabidopsis_AT1G75390":{"0":0.0186590765,"1":0.0284866469,"2":0.0089241448,"3":0.019273536,"4":0.0520833333,"5":0.0243161094,"6":0.0385756677,"7":0.0229681979,"8":0.0104712042,"9":0.0472103004,"10":0.0694143167,"11":0.0126735063,"12":0.1186440678,"13":0.0657894737,"14":0.0474137931,"15":0.0507246377,"16":0.2058823529,"17":0.0658227848,"18":0.0600706714,"19":0.0125,"20":0.0125},"arabidopsis_AT3G49760":{"0":0.0053763441,"1":0.0077151335,"2":0.0064452157,"3":0.0059303188,"4":0.0005482456,"5":0.0303951368,"6":0.0059347181,"7":0.0,"8":0.0052356021,"9":0.0,"10":0.0021691974,"11":0.0024140012,"12":0.0,"13":0.0,"14":0.0129310345,"15":0.018115942,"16":0.0058823529,"17":0.0025316456,"18":0.0035335689,"19":0.0,"20":0.0025},"arabidopsis_AT1G59530":{"0":0.0,"1":0.0,"2":0.0,"3":0.0,"4":0.0,"5":0.0,"6":0.0,"7":0.0,"8":0.0,"9":0.0,"10":0.0,"11":0.0,"12":0.0,"13":0.0,"14":0.0,"15":0.0,"16":0.0,"17":0.0,"18":0.0,"19":0.0,"20":0.0},"arabidopsis_AT5G08141":{"0":0.0,"1":0.0,"2":0.0,