{"arabidopsis_AT2G30040":{"0":0.0234029096,"1":0.0100890208,"2":0.0099157164,"3":0.0170496664,"4":0.0076754386,"5":0.0070921986,"6":0.0059347181,"7":0.0282685512,"8":0.0052356021,"9":0.0343347639,"10":0.0130151844,"11":0.0132770066,"12":0.0,"13":0.05,"14":0.0086206897,"15":0.0289855072,"16":0.0029411765,"17":0.0911392405,"18":0.038869258,"19":0.0,"20":0.005},"arabidopsis_AT2G32510":{"0":0.018342821,"1":0.0148367953,"2":0.0099157164,"3":0.009636768,"4":0.0076754386,"5":0.0496453901,"6":0.0059347181,"7":0.0035335689,"8":0.0157068063,"9":0.008583691,"10":0.0086767896,"11":0.0096560048,"12":0.0169491525,"13":0.0052631579,"14":0.0086206897,"15":0.0398550725,"16":0.0088235294,"17":0.0101265823,"18":0.0141342756,"19":0.15,"20":0.1175},"soybean_Gmax.la3.HPI3.Chr11.g273400":{"0":0.0025789813,"1":0.0076219512,"2":0.0098619329,"3":0.0058327933,"4":0.002265861,"5":0.0078431373,"6":0.0020222447,"7":0.0013192612,"8":0.0006596306,"9":0.001618123,"10":0.0,"11":0.0,"12":0.0,"13":0.0,"14":0.0,"15":0.0,"16":0.0042553191,"17":0.0,"18":0.0,"19":0.0040816327,"20":0.0},"pennycress_Tarv.1014.HPI3.3.g109650":{"0":0.0408163265,"1":0.022192029,"2":0.0346153846,"3":0.0075376884,"4":0.0055096419,"5":0.0180645161,"6":0.0078791858,"7":0.0184453228,"8":0.0154185022,"9":0.0050314465,"10":0.0050729233,"11":0.0666666667,"12":0.0055172414,"13":0.0088424437,"14":0.0056980057,"15":0.0137096774,"16":0.02143951,"17":0.0060180542,"18":0.0448430493,"19":0.0246305419,"20":0.0},"arabidopsis_AT4G36950":{"0":0.0006325111,"1":0.0,"2":0.0004957858,"3":0.0,"4":0.0,"5":0.0010131712,"6":0.0029673591,"7":0.0,"8":0.0,"9":0.0042918455,"10":0.0021691974,"11":0.0,"12":0.0,"13":0.0,"14":0.0,"15":0.0,"16":0.0,"17":0.0,"18":0.0,"19":0.0,"20":0.0},"arabidopsis_AT5G67080":{"0":0.0022137887,"1":0.0005934718,"2":0.0,"3":0.0,"4":0.0027412281,"5":0.0,"6":0.0,"7":0.0,"8":0.0,"9":0.008583691,"10":0.0,"11":0.0,"12":0.0,"13":0.0,"14":0.0,"15":0.0,"16":0.0,"17":0.0025316456,"18":0.0106007067,"19":0.0,"20":0.0},"pennycress_Tarv.1014.HPI3.5.g216890":{"0":0.0051020408,"1":0.0009057971,"2":0.0038461538,"3":0.0,"4":0.0,"5":0.0012903226,"6":0.0006565988,"7":0.0026350461,"8":0.0,"9":0.0018867925,"10":0.0012682308,"11":0.0,"12":0.0006896552,"13":0.0088424437,"14":0.0,"15":0.0032258065,"16":0.0015313936,"17":0.0040120361,"18":0.0089686099,"19":0.0,"20":0.0},"pennycress_Tarv.1014.HPI3.4.g169940":{"0":0.0034013605,"1":0.0,"2":0.0,"3":0.0,"4":0.0,"5":0.0012903226,"6":0.0,"7":0.0,"8":0.0,"9":0.0,"10":0.0,"11":0.0,"12":0.0006896552,"13":0.0024115756,"14":0.0,"15":0.0,"16":0.0,"17":0.0040120361,"18":0.0,"19":0.0,"20":0.0},"pennycress_Tarv.1014.HPI3.2.g077020":{"0":0.0,"1":0.0,"2":0.0,"3":0.0,"4":0.0,"5":0.0,"6":0.0,"7":0.0,"8":0.0,"9":0.0,"10":0.0,"11":0.0,"12":0.0006896552,"13":0.0008038585,"14":0.0021367521,"15":0.0,"16":0.0,"17":0.0,"18":0.0044843049,"19":0.0,"20":0.0},"arabidopsis_AT1G05100":{"0":0.0041113219,"1":0.0017804154,"2":0.0009915716,"3":0.0037064492,"4":0.0049342105,"5":0.0101317123,"6":0.0,"7":0.0035335689,"8":0.0,"9":0.0,"10":0.0021691974,"11":0.0012070006,"12":0.0,"13":0.0026315789,"14":0.0086206897,"15":0.0036231884,"16":0.0029411765,"17":0.0025316456,"18":0.0212014134,"19":0.0125,"20":0.01},"arabidopsis_AT4G26890":{"0":0.0018975332,"1":0.0005934718,"2":0.0014873575,"3":0.0,"4":0.0021929825,"5":0.0050658561,"6":0.0,"7":0.0017667845,"8":0.0052356021,"9":0.0,"10":0.0,"11":0.0006035003,"12":0.0,"13":0.0,"14":0.0,"15":0.0,"16":0.0,"17":0.0050632911,"18":0.0035335689,"19":0.0,"20":0.0025},"pennycress_Tarv.1014.HPI3.1.g008560":{"0":0.0051020408,"1":0.0144927536,"2":0.0048076923,"3":0.0050251256,"4":0.0,"5":0.0464516129,"6":0.0085357846,"7":0.0131752306,"8":0.0055066079,"9":0.0194968553,"10":0.0044388079,"11":0.0,"12":0.0048275862,"13":0.0241157556,"14":0.0085470085,"15":0.0177419355,"16":0.0245022971,"17":0.0080240722,"18":0.0246636771,"19":0.0221674877,"20":0.0},"soybean_Gmax.la3.HPI3.Chr12.g295370":{"0":0.0,"1":0.0,"2":0.0006574622,"3":0.0,"4":0.0,"5":0.0,"6":0.0,"7":0.0,"8":0.0,"9":0.0,"10":0.0,"11":0.0,"12":0.0,"13":0.0,"14":0.0,"15":0.0,"16":0.0,"17":0.0,"18":0.0,"19":0.0,"20":0.0},"pennycress_Tarv.1014.HPI3.5.g219030":{"0":0.0,"1":0.0013586957,"2":0.0019230769,"3":0.0012562814,"4":0.0,"5":0.0,"6":0.0006565988,"7":0.0,"8":0.0022026432,"9":0.0006289308,"10":0.0012682308,"11":0.0,"12":0.0006896552,"13":0.0,"14":0.0007122507,"15":0.0032258065,"16":0.0015313936,"17":0.0020060181,"18":0.0134529148,"19":0.0,"20":0.0},"pennycress_Tarv.1014.HPI3.1.g004170":{"0":0.0017006803,"1":0.0009057971,"2":0.0,"3":0.0012562814,"4":0.0,"5":0.0,"6":0.0006565988,"7":0.0,"8":0.0,"9":0.0006289308,"10":0.0025364616,"11":0.0,"12":0.0013793103,"13":0.0,"14":0.0021367521,"15":0.0,"16":0.0,"17":0.0,"18":0.0,"19":0.0,"20":0.0},"soybean_Gmax.la3.HPI3.Chr12.g288510":{"0":0.0,"1":0.0,"2":0.0013149244,"3":0.0,"4":0.0,"5":0.0007843137,"6":0.0,"7":0.0,"8":0.0006596306,"9":0.0,"10":0.0,"11":0.0,"12":0.0,"13":0.0,"14":0.0,"15":0.0,"16":0.0,"17":0.0,"18":0.0,"19":0.0,"20":0.0},"pennycress_Tarv.1014.HPI3.4.g158610":{"0":0.0,"1":0.0018115942,"2":0.0,"3":0.0012562814,"4":0.0027548209,"5":0.0012903226,"6":0.0006565988,"7":0.0,"8":0.0033039648,"9":0.0031446541,"10":0.0025364616,"11":0.0,"12":0.0006896552,"13":0.0032154341,"14":0.0,"15":0.0040322581,"16":0.0015313936,"17":0.001003009,"18":0.0022421525,"19":0.0098522167,"20":0.0},"arabidopsis_AT1G07150":{"0":0.0034788109,"1":0.0023738872,"2":0.0,"3":0.0059303188,"4":0.0043859649,"5":0.0,"6":0.0029673591,"7":0.0,"8":0.0,"9":0.008583691,"10":0.0043383948,"11":0.0,"12":0.0,"13":0.0184210526,"14":0.0,"15":0.0036231884,"16":0.0,"17":0.0253164557,"18":0.0,"19":0.0,"20":0.0},"pennycress_Tarv.1014.HPI3.1.g020120":{"0":0.0,"1":0.0,"2":0.0,"3":0.0,"4":0.0,"5":0.0,"6":0.0,"7":0.0,"8":0.0,"9":0.0,"10":0.0,"11":0.0,"12":0.0006896552,"13":0.0,"14":0.0,"15":0.0,"16":0.0,"17":0.0,"18":0.0,"19":0.0,"20":0.0},"arabidopsis_AT4G04632":{"0":0.0,"1":0.0,"2":0.0,"3":0.0,"4":0.0,"5":0.0,"6":0.0,"7":0.0,"8":0.0,"9":0.0,"10":0.0,"11":0.0,"12":0.0,"13":0.0,"14":0.0,"15":0.0,"16":0.0,"17":0.0,"18":0.0,"19":0.0,"20":0.0},"arabidopsis_AT2G18530":{"0":0.0,"1":0.0,"2":0.0,"3":0.0,"4":0.0,"5":0.0,"6":0.0,"7":0.0,"8":0.0,"9":0.0,"10":0.0,"11":0.0,"12":0.0,"13":0.0,"14":0.0,"15":0.0,"16":0.0,"17":0.0,"18":0.0,"19":0.0,"20":0.0},"arabidopsis_AT3G45790":{"0":0.0,"1":0.0005934718,"2":0.0,"3":0.0,"4":0.0,"5":0.0,"6":0.0,"7":0.0,"8":0.0,"9":0.0,"10":0.0,"11":0.0,"12":0.0,"13":0.0,"14":0.0,"15":0.0,"16":0.0,"17":0.0,"18":0.0,"19":0.0,"20":0.0},"arabidopsis_AT3G46140":{"0":0.0,"1":0.0,"2":0.0,"3":0.0,"4":0.0,"5":0.0,"6":0.0,"7":0.0,"8":0.0,"9":0.0,"10":0.0,"11":0.0,"12":0.0,"13":0.0,"14":0.0,"15":0.0,"16":0.0,"17":0.0,"18":0.0,"19":0.0,"20":0.0},"soybean_Gmax.la3.HPI3.Chr13.g328240":{"0":0.0,"1":0.0,"2":0.0,"3":0.0,"4":0.0,"5":0.0,"6":0.0,"7":0.0,"8":0.0,"9":0.0,"10":0.0,"11":0.0,"12":0.0,"13":0.0,"14":0.0,"15":0.0,"16":0.0,"17":0.0,"18":0.0,"19":0.0040816327,"20":0.0},"arabidopsis_AT2G42550":{"0":0.0,"1":0.0,"2":0.0,"3":0.0,"4":0.0,"5":0.0,"6":0.0,"7":0.0,"8":0.0,"9":0.0,"10":0.0,"11":0.0,"12":0.0,"13":0.0,"14":0.0,"15":0.0,"16":0.0,"17":0.0,"18":0.0,"19":0.0,"20":0.0},"pennycress_Tarv.1014.HPI3.7.g305160":{"0":0.0,"1":0.0,"2":0.0,"3":0.0,"4":0.0,"5":0.0,"6":0.0,"7":0.0,"8":0.0,"9":0.0,"10":0.0,"11":0.0,"12":0.0,"13":0.0,"14":0.0,"15":0.0,"16":0.0,"17":0.0,"18":0.0,"19":0.0,"20":0.0},"arabidopsis_AT2G34290":{"0":0.0,"1":0.0,"2":0.0,"3":0.0,"4":0.0,"5":0.0,"6":0.0,"7":0.0,"8":0.0,"9":0.0,"10":0.0,"11":0.0,"12":0.0,"13":0.0,"14":0.0,"15":0.0,"16":0.0,"17":0.0,"18":0.0,"19":0.0,"20":0.0},"arabidopsis_AT3G45670":{"0":0.0,"1":0.0,"2":0.0,"3":0.0,"4":0.0,"5":0.0,"6":0.0,"7":0.0,"8":0.0,"9":0.0,"10":0.0,"11":0.0,"12":0.0,"13":0.0,"14":0.0,"15":0.0,"16":0.0,"17":0.0,"18":0.0,"19":0.0,"20":0.0},"pennycress_Tarv.1014.HPI3.7.g268840":{"0":0.0,"1":0.0004528986,"2":0.0,"3":0.0,"4":0.0,"5":0.0,"6":0.0006565988,"7":0.0,"8":0.0,"9":0.0,"10":0.0019023462,"11":0.0,"12":0.0,"13":0.0,"14":0.0,"15":0.0,"16":0.0015313936,"17":0.0,"18":0.0,"19":0.0,"20":0.0},