{"pennycress_Tarv.1014.HPI3.5.g188560":{"0":0.0833333333,"1":0.1634963768,"2":0.0721153846,"3":0.0565326633,"4":0.0606060606,"5":0.0477419355,"6":0.0538411031,"7":0.0553359684,"8":0.0495594714,"9":0.2132075472,"10":0.041851617,"11":0.1666666667,"12":0.0344827586,"13":0.1607717042,"14":0.1381766382,"15":0.0669354839,"16":0.0444104135,"17":0.036108325,"18":0.1210762332,"19":0.0640394089,"20":0.0},"arabidopsis_AT5G06860":{"0":0.1489563567,"1":0.1026706231,"2":0.1735250372,"3":0.0422535211,"4":0.1875,"5":0.0547112462,"6":0.0860534125,"7":0.0689045936,"8":0.0418848168,"9":0.330472103,"10":0.0542299349,"11":0.0911285456,"12":0.0338983051,"13":0.3394736842,"14":0.2456896552,"15":0.2753623188,"16":0.0558823529,"17":0.0886075949,"18":0.593639576,"19":0.05,"20":0.0575},"soybean_Gmax.la3.HPI3.Chr05.g097400":{"0":0.0006447453,"1":0.0007621951,"2":0.006574622,"3":0.0012961763,"4":0.003021148,"5":0.0180392157,"6":0.0020222447,"7":0.0006596306,"8":0.0006596306,"9":0.001618123,"10":0.0,"11":0.0,"12":0.0053191489,"13":0.0,"14":0.0,"15":0.0,"16":0.0042553191,"17":0.04,"18":0.0,"19":0.0,"20":0.0},"soybean_Gmax.la3.HPI3.Chr17.g405330":{"0":0.0006447453,"1":0.0030487805,"2":0.0026298488,"3":0.0025923526,"4":0.002265861,"5":0.0298039216,"6":0.0050556117,"7":0.0013192612,"8":0.0019788918,"9":0.003236246,"10":0.0,"11":0.0,"12":0.0053191489,"13":0.0,"14":0.0,"15":0.0,"16":0.0,"17":0.0,"18":0.0,"19":0.0040816327,"20":0.0909090909},"soybean_Gmax.la3.HPI3.Chr06.g144220":{"0":0.0012894907,"1":0.0,"2":0.0,"3":0.0012961763,"4":0.0,"5":0.0,"6":0.0,"7":0.0,"8":0.0,"9":0.001618123,"10":0.0,"11":0.0,"12":0.0,"13":0.0,"14":0.0,"15":0.0,"16":0.0,"17":0.0,"18":0.0,"19":0.0,"20":0.0},"soybean_Gmax.la3.HPI3.Chr05.g104030":{"0":0.0,"1":0.0,"2":0.0006574622,"3":0.0,"4":0.000755287,"5":0.0,"6":0.0,"7":0.0,"8":0.0,"9":0.0,"10":0.0,"11":0.0,"12":0.0,"13":0.0,"14":0.0,"15":0.0,"16":0.0,"17":0.0,"18":0.0,"19":0.0,"20":0.0},"soybean_Gmax.la3.HPI3.Chr01.g003770":{"0":0.0,"1":0.0007621951,"2":0.0006574622,"3":0.0032404407,"4":0.001510574,"5":0.0007843137,"6":0.0020222447,"7":0.0006596306,"8":0.0052770449,"9":0.001618123,"10":0.0,"11":0.0,"12":0.0,"13":0.0,"14":0.0,"15":0.0,"16":0.0,"17":0.0,"18":0.0,"19":0.0,"20":0.0},"soybean_Gmax.la3.HPI3.Chr11.g258890":{"0":0.0012894907,"1":0.0007621951,"2":0.0052596976,"3":0.004536617,"4":0.003021148,"5":0.0250980392,"6":0.0010111223,"7":0.0013192612,"8":0.0026385224,"9":0.0,"10":0.0,"11":0.0,"12":0.0,"13":0.0,"14":0.0,"15":0.0166666667,"16":0.0,"17":0.0,"18":0.0,"19":0.0,"20":0.0},"soybean_Gmax.la3.HPI3.Chr06.g144210":{"0":0.0006447453,"1":0.0007621951,"2":0.0,"3":0.0006480881,"4":0.0,"5":0.0,"6":0.0010111223,"7":0.0013192612,"8":0.0,"9":0.001618123,"10":0.0,"11":0.0,"12":0.0,"13":0.0,"14":0.0,"15":0.0,"16":0.0,"17":0.0,"18":0.0,"19":0.0,"20":0.0},"soybean_Gmax.la3.HPI3.Chr08.g196800":{"0":0.0,"1":0.0,"2":0.0,"3":0.0006480881,"4":0.000755287,"5":0.0,"6":0.0040444894,"7":0.0,"8":0.0013192612,"9":0.0,"10":0.0,"11":0.0,"12":0.0,"13":0.0,"14":0.0,"15":0.0,"16":0.0021276596,"17":0.0,"18":0.0,"19":0.0,"20":0.0},"soybean_Gmax.la3.HPI3.Chr16.g387960":{"0":0.0,"1":0.0,"2":0.0,"3":0.0012961763,"4":0.000755287,"5":0.0,"6":0.0070778564,"7":0.0,"8":0.0013192612,"9":0.0,"10":0.0,"11":0.0,"12":0.0053191489,"13":0.0,"14":0.0,"15":0.0,"16":0.0,"17":0.0,"18":0.0,"19":0.0,"20":0.0},"soybean_Gmax.la3.HPI3.Chr20.g476510":{"0":0.0,"1":0.0015243902,"2":0.0006574622,"3":0.0012961763,"4":0.002265861,"5":0.0007843137,"6":0.0212335693,"7":0.0006596306,"8":0.0052770449,"9":0.0,"10":0.0,"11":0.0,"12":0.0053191489,"13":0.0,"14":0.0,"15":0.0,"16":0.0021276596,"17":0.0,"18":0.0,"19":0.0081632653,"20":0.0},"soybean_Gmax.la3.HPI3.Chr03.g061960":{"0":0.0,"1":0.0007621951,"2":0.0,"3":0.0006480881,"4":0.002265861,"5":0.0007843137,"6":0.0,"7":0.0,"8":0.0006596306,"9":0.0,"10":0.0,"11":0.0,"12":0.0,"13":0.0,"14":0.0,"15":0.0,"16":0.0,"17":0.0,"18":0.0,"19":0.0,"20":0.0},"soybean_Gmax.la3.HPI3.Chr04.g086720":{"0":0.0,"1":0.0,"2":0.0,"3":0.0,"4":0.000755287,"5":0.0,"6":0.0,"7":0.0,"8":0.0019788918,"9":0.0,"10":0.0,"11":0.0,"12":0.0053191489,"13":0.0,"14":0.0,"15":0.0,"16":0.0,"17":0.0,"18":0.0,"19":0.0,"20":0.0},"soybean_Gmax.la3.HPI3.Chr03.g062030":{"0":0.0,"1":0.0,"2":0.0006574622,"3":0.0,"4":0.0,"5":0.0,"6":0.0010111223,"7":0.0026385224,"8":0.0006596306,"9":0.0,"10":0.0,"11":0.0,"12":0.0,"13":0.0,"14":0.0,"15":0.0,"16":0.0,"17":0.0,"18":0.0,"19":0.0,"20":0.0},"soybean_Gmax.la3.HPI3.Chr05.g104040":{"0":0.0,"1":0.0,"2":0.0,"3":0.0,"4":0.001510574,"5":0.0007843137,"6":0.0,"7":0.0,"8":0.0006596306,"9":0.0,"10":0.0,"11":0.0,"12":0.0,"13":0.0,"14":0.0,"15":0.0,"16":0.0,"17":0.0,"18":0.0,"19":0.0,"20":0.0},"soybean_Gmax.la3.HPI3.Chr11.g265820":{"0":0.0,"1":0.0007621951,"2":0.0,"3":0.0,"4":0.000755287,"5":0.0,"6":0.0,"7":0.0,"8":0.0,"9":0.0,"10":0.0,"11":0.0,"12":0.0,"13":0.0,"14":0.0,"15":0.0,"16":0.014893617,"17":0.0,"18":0.0,"19":0.0,"20":0.0},"soybean_Gmax.la3.HPI3.Chr09.g225280":{"0":0.0006447453,"1":0.0007621951,"2":0.0013149244,"3":0.0051847051,"4":0.001510574,"5":0.0039215686,"6":0.003033367,"7":0.0019788918,"8":0.003298153,"9":0.0,"10":0.0,"11":0.0,"12":0.0053191489,"13":0.0,"14":0.0,"15":0.0,"16":0.0021276596,"17":0.0,"18":0.0,"19":0.0,"20":0.0},"pennycress_Tarv.1014.HPI3.5.g208560":{"0":0.0068027211,"1":0.0027173913,"2":0.0,"3":0.0,"4":0.0,"5":0.0,"6":0.0052527905,"7":0.0,"8":0.0022026432,"9":0.0044025157,"10":0.0006341154,"11":0.0,"12":0.004137931,"13":0.0008038585,"14":0.0128205128,"15":0.0024193548,"16":0.0,"17":0.0,"18":0.0067264574,"19":0.0024630542,"20":0.0},"soybean_Gmax.la3.HPI3.Chr10.g253600":{"0":0.0006447453,"1":0.0022865854,"2":0.0026298488,"3":0.0025923526,"4":0.003776435,"5":0.0023529412,"6":0.0374115268,"7":0.0026385224,"8":0.0046174142,"9":0.001618123,"10":0.0,"11":0.0,"12":0.0159574468,"13":0.0,"14":0.0,"15":0.0,"16":0.0042553191,"17":0.0,"18":0.0,"19":0.0,"20":0.0},"pennycress_Tarv.1014.HPI3.2.g082740":{"0":0.0068027211,"1":0.0036231884,"2":0.0019230769,"3":0.0,"4":0.0,"5":0.0,"6":0.0,"7":0.0,"8":0.0011013216,"9":0.0012578616,"10":0.0,"11":0.0,"12":0.0006896552,"13":0.0024115756,"14":0.0,"15":0.0024193548,"16":0.0045941807,"17":0.0020060181,"18":0.0022421525,"19":0.0,"20":0.0},"soybean_Gmax.la3.HPI3.Chr19.g457790":{"0":0.0070921986,"1":0.0160060976,"2":0.0098619329,"3":0.0058327933,"4":0.002265861,"5":0.0047058824,"6":0.0070778564,"7":0.0178100264,"8":0.0006596306,"9":0.0097087379,"10":0.0,"11":0.0,"12":0.0,"13":0.0,"14":0.0,"15":0.0,"16":0.0021276596,"17":0.0,"18":0.0,"19":0.0,"20":0.0},"soybean_Gmax.la3.HPI3.Chr15.g372560":{"0":0.0,"1":0.0015243902,"2":0.0006574622,"3":0.0,"4":0.0,"5":0.0015686275,"6":0.0,"7":0.0,"8":0.0,"9":0.0,"10":0.0,"11":0.0,"12":0.0,"13":0.0,"14":0.0,"15":0.0,"16":0.0021276596,"17":0.0,"18":0.0,"19":0.0,"20":0.0},"pennycress_Tarv.1014.HPI3.5.g210070":{"0":0.0,"1":0.0009057971,"2":0.0,"3":0.0,"4":0.0,"5":0.0,"6":0.0,"7":0.0,"8":0.0,"9":0.0,"10":0.0,"11":0.0,"12":0.0,"13":0.0,"14":0.0,"15":0.0,"16":0.0030627871,"17":0.0,"18":0.0,"19":0.0,"20":0.0},"pennycress_Tarv.1014.HPI3.1.g024850":{"0":0.0,"1":0.0,"2":0.0,"3":0.0,"4":0.0,"5":0.0,"6":0.0,"7":0.0,"8":0.0,"9":0.0,"10":0.0,"11":0.0,"12":0.0,"13":0.0,"14":0.0,"15":0.0,"16":0.0,"17":0.0,"18":0.0,"19":0.0,"20":0.0},"pennycress_Tarv.1014.HPI3.7.g278420":{"0":0.0255102041,"1":0.0018115942,"2":0.0038461538,"3":0.0,"4":0.0027548209,"5":0.0,"6":0.0,"7":0.0,"8":0.0,"9":0.0,"10":0.0006341154,"11":0.0,"12":0.0,"13":0.0032154341,"14":0.0007122507,"15":0.0008064516,"16":0.0,"17":0.0020060181,"18":0.0,"19":0.0,"20":0.0},"pennycress_Tarv.1014.HPI3.5.g205860":{"0":0.0017006803,"1":0.0004528986,"2":0.0019230769,"3":0.0,"4":0.0,"5":0.0,"6":0.0,"7":0.0,"8":0.0,"9":0.0006289308,"10":0.0,"11":0.0,"12":0.0,"13":0.0,"14":0.0,"15":0.0,"16":0.0,"17":0.001003009,"18":0.0067264574,"19":0.0123152709,"20":0.0},"pennycress_Tarv.1014.HPI3.1.g044020":{"0":0.0,"1":0.0004528986,"2":0.0,"3":0.0,"4":0.0,"5":0.0,"6":0.0,"7":0.0,"8":0.0,"9":0.0,"10":0.0,"11":0.0,"12":0.0,"13":0.0,"14":0.0,"15":0.0,"16":0.0,"17":0.0,"18":0.0,"19":0.0,