{"pennycress_Tarv.1014.HPI3.5.g204090":{"0":0.1581632653,"1":0.0724637681,"2":0.1355769231,"3":0.114321608,"4":0.0110192837,"5":0.1058064516,"6":0.0367695338,"7":0.0421607378,"8":0.0517621145,"9":0.0616352201,"10":0.0469245403,"11":0.2,"12":0.0406896552,"13":0.0610932476,"14":0.0227920228,"15":0.1032258065,"16":0.0658499234,"17":0.0501504514,"18":0.0986547085,"19":0.0369458128,"20":0.0},"soybean_Gmax.la3.HPI3.Chr08.g173570":{"0":0.1637653127,"1":0.0289634146,"2":0.0499671269,"3":0.0674011666,"4":0.0226586103,"5":0.0368627451,"6":0.0434782609,"7":0.0395778364,"8":0.0461741425,"9":0.0469255663,"10":0.0769230769,"11":0.0,"12":0.0212765957,"13":0.0,"14":0.0,"15":0.0166666667,"16":0.0468085106,"17":0.04,"18":0.0,"19":0.0408163265,"20":0.0909090909},"pennycress_Tarv.1014.HPI3.1.g037800":{"0":0.0442176871,"1":0.0063405797,"2":0.0221153846,"3":0.027638191,"4":0.0055096419,"5":0.0116129032,"6":0.0124753775,"7":0.0065876153,"8":0.0077092511,"9":0.0163522013,"10":0.0057070387,"11":0.0333333333,"12":0.0048275862,"13":0.0040192926,"14":0.0156695157,"15":0.0072580645,"16":0.0076569678,"17":0.0020060181,"18":0.0089686099,"19":0.0073891626,"20":1.0},"arabidopsis_AT1G19180":{"0":0.1182795699,"1":0.0735905045,"2":0.1527020327,"3":0.147516679,"4":0.0668859649,"5":0.1094224924,"6":0.0623145401,"7":0.0724381625,"8":0.0418848168,"9":0.1158798283,"10":0.1301518438,"11":0.1557030779,"12":0.0677966102,"13":0.1447368421,"14":0.099137931,"15":0.1811594203,"16":0.0441176471,"17":0.182278481,"18":0.1872791519,"19":0.05,"20":0.06},"pennycress_Tarv.1014.HPI3.7.g294960":{"0":0.0442176871,"1":0.0430253623,"2":0.0730769231,"3":0.0552763819,"4":0.0192837466,"5":0.1316129032,"6":0.036112935,"7":0.0382081686,"8":0.0330396476,"9":0.0389937107,"10":0.0304375396,"11":0.1,"12":0.0406896552,"13":0.0345659164,"14":0.0256410256,"15":0.0379032258,"16":0.0352220521,"17":0.0240722166,"18":0.0269058296,"19":0.0197044335,"20":0.0},"pennycress_Tarv.1014.HPI3.7.g297610":{"0":0.0357142857,"1":0.0058876812,"2":0.0625,"3":0.0188442211,"4":0.0,"5":0.0270967742,"6":0.0013131976,"7":0.0052700922,"8":0.0066079295,"9":0.0050314465,"10":0.0025364616,"11":0.0333333333,"12":0.0020689655,"13":0.0024115756,"14":0.0028490028,"15":0.0016129032,"16":0.0091883614,"17":0.0030090271,"18":0.0044843049,"19":0.0024630542,"20":0.0},"soybean_Gmax.la3.HPI3.Chr04.g078590":{"0":0.0625402966,"1":0.0342987805,"2":0.0624589086,"3":0.0622164614,"4":0.0332326284,"5":0.0360784314,"6":0.0606673407,"7":0.0211081794,"8":0.062005277,"9":0.0194174757,"10":0.0,"11":0.0,"12":0.0638297872,"13":0.0,"14":0.0,"15":0.0333333333,"16":0.0723404255,"17":0.04,"18":0.0,"19":0.0204081633,"20":0.0},"arabidopsis_AT1G72450":{"0":0.0243516762,"1":0.009495549,"2":0.0381755082,"3":0.0066716086,"4":0.0043859649,"5":0.0081053698,"6":0.0029673591,"7":0.0035335689,"8":0.0,"9":0.0214592275,"10":0.0021691974,"11":0.0211225106,"12":0.0169491525,"13":0.0052631579,"14":0.0043103448,"15":0.0434782609,"16":0.0029411765,"17":0.0,"18":0.0035335689,"19":0.0,"20":0.005},"soybean_Gmax.la3.HPI3.Chr05.g114430":{"0":0.0799484204,"1":0.0266768293,"2":0.0355029586,"3":0.0609202852,"4":0.0120845921,"5":0.0368627451,"6":0.0303336704,"7":0.0270448549,"8":0.0290237467,"9":0.0210355987,"10":0.0,"11":0.0,"12":0.0372340426,"13":0.0,"14":0.0,"15":0.0666666667,"16":0.0255319149,"17":0.04,"18":0.0,"19":0.0979591837,"20":0.0909090909},"soybean_Gmax.la3.HPI3.Chr06.g122550":{"0":0.0580270793,"1":0.0289634146,"2":0.0696909928,"3":0.0596241089,"4":0.0271903323,"5":0.0619607843,"6":0.0535894843,"7":0.0270448549,"8":0.0415567282,"9":0.0226537217,"10":0.0769230769,"11":0.0,"12":0.0319148936,"13":0.0,"14":0.0,"15":0.0,"16":0.0574468085,"17":0.04,"18":0.0,"19":0.0489795918,"20":0.1818181818},"pennycress_Tarv.1014.HPI3.6.g242330":{"0":0.1530612245,"1":0.0892210145,"2":0.1894230769,"3":0.0389447236,"4":0.0716253444,"5":0.0967741935,"6":0.0741956664,"7":0.0527009223,"8":0.0385462555,"9":0.1132075472,"10":0.0494610019,"11":0.1666666667,"12":0.1296551724,"13":0.2073954984,"14":0.0811965812,"15":0.1411290323,"16":0.045941807,"17":0.1384152457,"18":0.1928251121,"19":0.0517241379,"20":0.0},"pennycress_Tarv.1014.HPI3.1.g029730":{"0":0.1241496599,"1":0.1576086957,"2":0.1288461538,"3":0.1030150754,"4":0.0798898072,"5":0.16,"6":0.0748522653,"7":0.1370223979,"8":0.0825991189,"9":0.1075471698,"10":0.0925808497,"11":0.0,"12":0.0731034483,"13":0.1438906752,"14":0.0811965812,"15":0.1088709677,"16":0.1056661562,"17":0.1193580742,"18":0.1547085202,"19":0.0738916256,"20":0.0},"pennycress_Tarv.1014.HPI3.4.g164990":{"0":0.0085034014,"1":0.0384963768,"2":0.0105769231,"3":0.0326633166,"4":0.0247933884,"5":0.1212903226,"6":0.0656598818,"7":0.0052700922,"8":0.0121145374,"9":0.0163522013,"10":0.0405833862,"11":0.0,"12":0.0875862069,"13":0.0096463023,"14":0.0227920228,"15":0.0282258065,"16":0.0061255743,"17":0.0080240722,"18":0.0089686099,"19":0.0270935961,"20":0.0},"soybean_Gmax.la3.HPI3.Chr17.g401020":{"0":0.0103159252,"1":0.0144817073,"2":0.0098619329,"3":0.0097213221,"4":0.0067975831,"5":0.0282352941,"6":0.0070778564,"7":0.0098944591,"8":0.0112137203,"9":0.0129449838,"10":0.0,"11":0.0,"12":0.0053191489,"13":0.0,"14":0.0,"15":0.0,"16":0.0021276596,"17":0.0,"18":0.0,"19":0.0163265306,"20":0.0},"arabidopsis_AT3G17860":{"0":0.0496521189,"1":0.0397626113,"2":0.0560237977,"3":0.0185322461,"4":0.0751096491,"5":0.0445795339,"6":0.0207715134,"7":0.0583038869,"8":0.0261780105,"9":0.0944206009,"10":0.0563991323,"11":0.1007845504,"12":0.0847457627,"13":0.2947368421,"14":0.0862068966,"15":0.0652173913,"16":0.0147058824,"17":0.2278481013,"18":0.0706713781,"19":0.0125,"20":0.01},"pennycress_Tarv.1014.HPI3.5.g205720":{"0":0.0102040816,"1":0.0049818841,"2":0.0144230769,"3":0.0163316583,"4":0.0,"5":0.0103225806,"6":0.0039395929,"7":0.0013175231,"8":0.013215859,"9":0.0075471698,"10":0.0019023462,"11":0.0,"12":0.0020689655,"13":0.001607717,"14":0.0021367521,"15":0.0032258065,"16":0.0229709035,"17":0.0100300903,"18":0.0,"19":0.0098522167,"20":0.0},"arabidopsis_AT1G74950":{"0":0.0237191651,"1":0.0314540059,"2":0.0267724343,"3":0.0444773907,"4":0.0230263158,"5":0.0324214792,"6":0.0178041543,"7":0.0176678445,"8":0.0157068063,"9":0.025751073,"10":0.0303687636,"11":0.025950513,"12":0.0338983051,"13":0.0105263158,"14":0.0301724138,"15":0.0253623188,"16":0.0235294118,"17":0.0075949367,"18":0.0212014134,"19":0.0375,"20":0.0175},"arabidopsis_AT1G48500":{"0":0.0452245414,"1":0.0154302671,"2":0.0505701537,"3":0.0088954781,"4":0.0038377193,"5":0.0354609929,"6":0.0029673591,"7":0.0159010601,"8":0.0157068063,"9":0.0042918455,"10":0.0065075922,"11":0.0434520217,"12":0.0,"13":0.0131578947,"14":0.0129310345,"15":0.0036231884,"16":0.0147058824,"17":0.0658227848,"18":0.0106007067,"19":0.0375,"20":0.005},"arabidopsis_AT4G14720":{"0":0.0205566097,"1":0.0284866469,"2":0.0456122955,"3":0.0370644922,"4":0.0334429825,"5":0.0324214792,"6":0.0356083086,"7":0.0,"8":0.0680628272,"9":0.017167382,"10":0.0281995662,"11":0.0289680145,"12":0.0169491525,"13":0.0131578947,"14":0.0431034483,"15":0.0217391304,"16":0.0264705882,"17":0.0075949367,"18":0.0141342756,"19":0.0125,"20":0.045},"arabidopsis_AT4G32570":{"0":0.004743833,"1":0.012462908,"2":0.0158651463,"3":0.0185322461,"4":0.0290570175,"5":0.0435663627,"6":0.0267062315,"7":0.0017667845,"8":0.0366492147,"9":0.0214592275,"10":0.0195227766,"11":0.0030175015,"12":0.0338983051,"13":0.0131578947,"14":0.0043103448,"15":0.018115942,"16":0.0205882353,"17":0.0075949367,"18":0.0035335689,"19":0.0,"20":0.0075},"pennycress_Tarv.1014.HPI3.4.g142640":{"0":0.0425170068,"1":0.0384963768,"2":0.0778846154,"3":0.0728643216,"4":0.0606060606,"5":0.0606451613,"6":0.0787918582,"7":0.0065876153,"8":0.0682819383,"9":0.0402515723,"10":0.0786303107,"11":0.1,"12":0.0779310345,"13":0.038585209,"14":0.0605413105,"15":0.1096774194,"16":0.0627871363,"17":0.0110330993,"18":0.0784753363,"19":0.0172413793,"20":0.0},"pennycress_Tarv.1014.HPI3.5.g183610":{"0":0.0119047619,"1":0.0049818841,"2":0.0057692308,"3":0.0012562814,"4":0.0,"5":0.0025806452,