{"soybean_Gmax.la3.HPI3.Chr08.g186860":{"0":0.0006447453,"1":0.006097561,"2":0.0046022354,"3":0.0064808814,"4":0.001510574,"5":0.0031372549,"6":0.0010111223,"7":0.003298153,"8":0.0039577836,"9":0.0,"10":0.0,"11":0.0,"12":0.0053191489,"13":0.0,"14":0.0,"15":0.0,"16":0.214893617,"17":0.0,"18":0.0,"19":0.0081632653,"20":0.0},"arabidopsis_AT5G64240":{"0":0.0142314991,"1":0.0189910979,"2":0.0109072881,"3":0.0133432172,"4":0.0137061404,"5":0.0151975684,"6":0.0089020772,"7":0.0141342756,"8":0.0314136126,"9":0.0343347639,"10":0.0151843818,"11":0.0066385033,"12":0.0169491525,"13":0.0473684211,"14":0.0129310345,"15":0.018115942,"16":0.4970588235,"17":0.0278481013,"18":0.038869258,"19":0.0,"20":0.0125},"soybean_Gmax.la3.HPI3.Chr08.g176340":{"0":0.0012894907,"1":0.0030487805,"2":0.0026298488,"3":0.004536617,"4":0.000755287,"5":0.0023529412,"6":0.0010111223,"7":0.0013192612,"8":0.003298153,"9":0.003236246,"10":0.0,"11":0.0,"12":0.0,"13":0.0,"14":0.0,"15":0.0,"16":0.114893617,"17":0.04,"18":0.0,"19":0.0,"20":0.0},"soybean_Gmax.la3.HPI3.Chr15.g359060":{"0":0.0,"1":0.0,"2":0.0006574622,"3":0.0019442644,"4":0.0,"5":0.0,"6":0.0,"7":0.0,"8":0.0013192612,"9":0.0,"10":0.0,"11":0.0,"12":0.0,"13":0.0,"14":0.0,"15":0.0,"16":0.0617021277,"17":0.0,"18":0.0,"19":0.0,"20":0.0},"arabidopsis_AT3G18220":{"0":0.0,"1":0.0,"2":0.0,"3":0.0,"4":0.0,"5":0.0,"6":0.0,"7":0.0,"8":0.0,"9":0.0,"10":0.0,"11":0.0,"12":0.0,"13":0.0,"14":0.0,"15":0.0,"16":0.0,"17":0.0,"18":0.0,"19":0.0,"20":0.0},"pennycress_Tarv.1014.HPI3.2.g059000":{"0":0.0102040816,"1":0.0022644928,"2":0.0,"3":0.0,"4":0.0,"5":0.0,"6":0.0006565988,"7":0.0013175231,"8":0.0,"9":0.0025157233,"10":0.0006341154,"11":0.0,"12":0.0006896552,"13":0.0,"14":0.0007122507,"15":0.0,"16":0.0015313936,"17":0.0050150451,"18":0.0044843049,"19":0.0024630542,"20":0.0},"arabidopsis_AT5G23980":{"0":0.0015812777,"1":0.0,"2":0.0,"3":0.0,"4":0.0,"5":0.0,"6":0.0,"7":0.0070671378,"8":0.0,"9":0.0,"10":0.0,"11":0.0,"12":0.0,"13":0.0,"14":0.0,"15":0.0,"16":0.0,"17":0.0126582278,"18":0.0,"19":0.0,"20":0.0},"pennycress_Tarv.1014.HPI3.6.g242760":{"0":0.0,"1":0.0,"2":0.0,"3":0.0,"4":0.0,"5":0.0,"6":0.0,"7":0.0,"8":0.0,"9":0.0,"10":0.0,"11":0.0,"12":0.0,"13":0.0,"14":0.0,"15":0.0,"16":0.0,"17":0.0,"18":0.0,"19":0.0,"20":0.0},"soybean_Gmax.la3.HPI3.Chr18.g439710":{"0":0.0,"1":0.0,"2":0.0,"3":0.0,"4":0.0,"5":0.0,"6":0.0010111223,"7":0.0,"8":0.0,"9":0.0,"10":0.0,"11":0.0,"12":0.0,"13":0.0,"14":0.0,"15":0.0,"16":0.0,"17":0.0,"18":0.0,"19":0.0,"20":0.0},"soybean_Gmax.la3.HPI3.Chr08.g176330":{"0":0.0,"1":0.0,"2":0.0,"3":0.0,"4":0.0,"5":0.0,"6":0.0,"7":0.0,"8":0.0006596306,"9":0.001618123,"10":0.0,"11":0.0,"12":0.0,"13":0.0,"14":0.0,"15":0.0,"16":0.0042553191,"17":0.0,"18":0.0,"19":0.0,"20":0.0},"pennycress_Tarv.1014.HPI3.5.g222780":{"0":0.0,"1":0.0,"2":0.0009615385,"3":0.0,"4":0.0,"5":0.0025806452,"6":0.0,"7":0.0,"8":0.0,"9":0.0,"10":0.0,"11":0.0,"12":0.0,"13":0.0,"14":0.0,"15":0.0,"16":0.0,"17":0.0,"18":0.0,"19":0.0,"20":0.0},"soybean_Gmax.la3.HPI3.Chr09.g205540":{"0":0.0,"1":0.0,"2":0.0,"3":0.0,"4":0.0,"5":0.0,"6":0.0,"7":0.0,"8":0.0,"9":0.0,"10":0.0,"11":0.0,"12":0.0,"13":0.0,"14":0.0,"15":0.0,"16":0.0021276596,"17":0.0,"18":0.0,"19":0.0,"20":0.0},"soybean_Gmax.la3.HPI3.Chr07.g151790":{"0":0.0012894907,"1":0.0,"2":0.0006574622,"3":0.0,"4":0.000755287,"5":0.0,"6":0.0,"7":0.0,"8":0.0,"9":0.001618123,"10":0.0,"11":0.0,"12":0.0,"13":0.0,"14":0.0,"15":0.0166666667,"16":0.0,"17":0.0,"18":0.0,"19":0.0,"20":0.0},"arabidopsis_AT1G01590":{"0":0.0,"1":0.0,"2":0.0004957858,"3":0.0,"4":0.0,"5":0.0,"6":0.0,"7":0.0,"8":0.0,"9":0.0,"10":0.0,"11":0.0,"12":0.0,"13":0.0,"14":0.0,"15":0.0,"16":0.0,"17":0.0,"18":0.0,"19":0.0,"20":0.0},"soybean_Gmax.la3.HPI3.Chr15.g365860":{"0":0.0006447453,"1":0.0007621951,"2":0.0013149244,"3":0.0006480881,"4":0.0,"5":0.0,"6":0.0,"7":0.0006596306,"8":0.0006596306,"9":0.0,"10":0.0,"11":0.0,"12":0.0,"13":0.0,"14":0.0,"15":0.0,"16":0.0,"17":0.0,"18":0.0,"19":0.0,"20":0.0},"arabidopsis_AT4G25110":{"0":0.0341555977,"1":0.0065281899,"2":0.0064452157,"3":0.0059303188,"4":0.0021929825,"5":0.0030395137,"6":0.0,"7":0.0335689046,"8":0.0,"9":0.008583691,"10":0.0021691974,"11":0.0132770066,"12":0.0,"13":0.0263157895,"14":0.0,"15":0.0,"16":0.0029411765,"17":0.1012658228,"18":0.0459363958,"19":0.025,"20":0.0},"arabidopsis_AT5G23990":{"0":0.0,"1":0.0,"2":0.0,"3":0.0,"4":0.0,"5":0.0,"6":0.0,"7":0.0,"8":0.0,"9":0.0,"10":0.0,"11":0.0,"12":0.0,"13":0.0,"14":0.0,"15":0.0,"16":0.0,"17":0.0,"18":0.0,"19":0.0,"20":0.0},"pennycress_Tarv.1014.HPI3.7.g273120":{"0":0.0,"1":0.0,"2":0.0,"3":0.0,"4":0.0,"5":0.0,"6":0.0,"7":0.0,"8":0.0,"9":0.0006289308,"10":0.0,"11":0.0,"12":0.0,"13":0.0,"14":0.0,"15":0.0,"16":0.0,"17":0.0,"18":0.0,"19":0.0,"20":0.0},"arabidopsis_AT5G49740":{"0":0.0006325111,"1":0.0,"2":0.0004957858,"3":0.0,"4":0.0,"5":0.0,"6":0.0,"7":0.0,"8":0.0,"9":0.0,"10":0.0,"11":0.0,"12":0.0,"13":0.0,"14":0.0,"15":0.0,"16":0.0,"17":0.0,"18":0.0,"19":0.0,"20":0.0},"pennycress_Tarv.1014.HPI3.1.g016600":{"0":0.0,"1":0.0031702899,"2":0.0,"3":0.0,"4":0.0,"5":0.0,"6":0.0052527905,"7":0.0,"8":0.0011013216,"9":0.0050314465,"10":0.0063411541,"11":0.0,"12":0.0186206897,"13":0.0024115756,"14":0.0035612536,"15":0.0056451613,"16":0.0030627871,"17":0.001003009,"18":0.0022421525,"19":0.0049261084,"20":0.0},"pennycress_Tarv.1014.HPI3.2.g054460":{"0":0.0663265306,"1":0.0104166667,"2":0.0336538462,"3":0.0087939698,"4":0.0055096419,"5":0.0038709677,"6":0.0006565988,"7":0.0079051383,"8":0.0088105727,"9":0.020754717,"10":0.0019023462,"11":0.0666666667,"12":0.0034482759,"13":0.0064308682,"14":0.00997151,"15":0.0080645161,"16":0.0382848392,"17":0.0130391174,"18":0.0224215247,"19":0.0886699507,"20":0.0},"arabidopsis_AT1G01580":{"0":0.0211891208,"1":0.0118694362,"2":0.0034705007,"3":0.0051890289,"4":0.0060307018,"5":0.009118541,"6":0.0089020772,"7":0.0035335689,"8":0.0052356021,"9":0.008583691,"10":0.0021691974,"11":0.0072420036,"12":0.0,"13":0.0,"14":0.0043103448,"15":0.0072463768,"16":0.0058823529,"17":0.0,"18":0.0070671378,"19":0.025,"20":0.01},"pennycress_Tarv.1014.HPI3.5.g222770":{"0":0.0119047619,"1":0.0126811594,"2":0.0009615385,"3":0.0037688442,"4":0.0,"5":0.0038709677,"6":0.0006565988,"7":0.0013175231,"8":0.0011013216,"9":0.0786163522,"10":0.0012682308,"11":0.0,"12":0.004137931,"13":0.0024115756,"14":0.0021367521,"15":0.0024193548,"16":0.0,"17":0.0030090271,"18":0.0,"19":0.0049261084,"20":0.0},"pennycress_Tarv.1014.HPI3.2.g071470":{"0":0.1275510204,"1":0.0643115942,"2":0.0759615385,"3":0.0288944724,"4":0.0110192837,"5":0.0387096774,"6":0.0196979645,"7":0.1330698287,"8":0.0165198238,"9":0.0509433962,"10":0.0152187698,"11":0.0333333333,"12":0.0110344828,"13":0.1173633441,"14":0.0427350427,"15":0.0379032258,"16":0.0199081164,"17":0.1564694082,"18":0.1367713004,"19":0.0172413793,"20":0.0},"arabidopsis_AT2G01180":{"0":0.1293485136,"1":0.0439169139,"2":0.0907288052,"3":0.0259451446,"4":0.0389254386,"5":0.0415400203,"6":0.0207715134,"7":0.0901060071,"8":0.0209424084,"9":0.0944206009,"10":0.0347071584,"11":0.0977670489,"12":0.0,"13":0.2131578947,"14":0.0732758621,"15":0.0905797101,"16":0.0294117647,"17":0.1974683544,"18":0.1908127208,"19":0.025,"20":0.045},"arabidopsis_AT1G23020":{"0":0.21600253,"1":0.0551928783,"2":0.154685176,"3":0.0274277242,"4":0.0263157895,"5":0.0506585613,"6":0.0237388724,"7":0.0795053004,"8":0.0209424084,"9":0.025751073,"10":0.1041214751,"11":0.1285455643,"12":0.0508474576,"13":0.1131578947,"14":0.0086206897,"15":0.1884057971,"16":0.0411764706,"17":0.3594936709,"18":0.1272084806,"19":0.0125,"20":0.0325}}