{"pennycress_Tarv.1014.HPI3.5.g199320":{"0":0.1071428571,"1":0.2305253623,"2":0.0759615385,"3":0.0791457286,"4":0.0495867769,"5":0.1032258065,"6":0.1135915955,"7":0.092226614,"8":0.0759911894,"9":0.4911949686,"10":0.0792644261,"11":0.0333333333,"12":0.0855172414,"13":0.0731511254,"14":0.0819088319,"15":0.0766129032,"16":0.0918836141,"17":0.0661985958,"18":0.100896861,"19":0.1527093596,"20":0.0},"arabidopsis_AT2G39310":{"0":0.2378241619,"1":0.3091988131,"2":0.3485374318,"3":0.1497405486,"4":0.1173245614,"5":0.3242147923,"6":0.1335311573,"7":0.1113074205,"8":0.1151832461,"9":0.2145922747,"10":0.1323210412,"11":0.7531683766,"12":0.0,"13":0.1078947368,"14":0.1336206897,"15":0.1594202899,"16":0.1911764706,"17":0.1088607595,"18":0.1378091873,"19":0.1375,"20":0.1475},"pennycress_Tarv.1014.HPI3.3.g118180":{"0":0.0986394558,"1":0.1059782609,"2":0.1942307692,"3":0.0351758794,"4":0.0468319559,"5":0.0580645161,"6":0.0459619173,"7":0.0447957839,"8":0.0352422907,"9":0.2094339623,"10":0.0266328472,"11":0.2333333333,"12":0.0420689655,"13":0.1053054662,"14":0.1574074074,"15":0.0798387097,"16":0.0352220521,"17":0.0300902708,"18":0.1771300448,"19":0.0566502463,"20":0.0},"soybean_Gmax.la3.HPI3.Chr02.g040020":{"0":0.0006447453,"1":0.0083841463,"2":0.0013149244,"3":0.0012961763,"4":0.0045317221,"5":0.0047058824,"6":0.0040444894,"7":0.0026385224,"8":0.0065963061,"9":0.001618123,"10":0.0,"11":0.0,"12":0.0106382979,"13":0.0,"14":0.0,"15":0.0,"16":0.1212765957,"17":0.0,"18":0.0,"19":0.0040816327,"20":0.0},"pennycress_Tarv.1014.HPI3.5.g199380":{"0":0.0034013605,"1":0.0099637681,"2":0.0,"3":0.0050251256,"4":0.0027548209,"5":0.0025806452,"6":0.0052527905,"7":0.0065876153,"8":0.0011013216,"9":0.0125786164,"10":0.0050729233,"11":0.0333333333,"12":0.0027586207,"13":0.1663987138,"14":0.0377492877,"15":0.0040322581,"16":0.0030627871,"17":0.0060180542,"18":0.1659192825,"19":0.0073891626,"20":0.0},"pennycress_Tarv.1014.HPI3.5.g199420":{"0":0.0578231293,"1":0.0606884058,"2":0.0125,"3":0.0201005025,"4":0.0137741047,"5":0.0141935484,"6":0.0111621799,"7":0.0303030303,"8":0.0143171806,"9":0.0163522013,"10":0.010779962,"11":0.0,"12":0.0110344828,"13":0.2660771704,"14":0.037037037,"15":0.0233870968,"16":0.0260336907,"17":0.0330992979,"18":0.331838565,"19":0.0147783251,"20":0.0},"soybean_Gmax.la3.HPI3.Chr13.g332400":{"0":0.001934236,"1":0.0,"2":0.0026298488,"3":0.0025923526,"4":0.0,"5":0.0039215686,"6":0.0040444894,"7":0.0046174142,"8":0.0019788918,"9":0.0,"10":0.0,"11":0.0,"12":0.0,"13":0.0,"14":0.0,"15":0.0,"16":0.0553191489,"17":0.0,"18":0.0,"19":0.0040816327,"20":0.0},"soybean_Gmax.la3.HPI3.Chr18.g425960":{"0":0.0006447453,"1":0.0007621951,"2":0.0,"3":0.0012961763,"4":0.0,"5":0.0,"6":0.0010111223,"7":0.0,"8":0.0,"9":0.0,"10":0.0,"11":0.0,"12":0.0,"13":0.0,"14":0.0,"15":0.0,"16":0.0127659574,"17":0.0,"18":0.0,"19":0.0,"20":0.0},"soybean_Gmax.la3.HPI3.Chr11.g273650":{"0":0.0,"1":0.0007621951,"2":0.0,"3":0.0,"4":0.000755287,"5":0.0,"6":0.0,"7":0.0,"8":0.0,"9":0.0,"10":0.0,"11":0.0,"12":0.0,"13":0.0,"14":0.0,"15":0.0,"16":0.0021276596,"17":0.0,"18":0.0,"19":0.0,"20":0.0},"arabidopsis_AT1G60095":{"0":0.0034788109,"1":0.0083086053,"2":0.0123946455,"3":0.0066716086,"4":0.0054824561,"5":0.1600810537,"6":0.0089020772,"7":0.0053003534,"8":0.0052356021,"9":0.0,"10":0.0043383948,"11":0.0132770066,"12":0.0,"13":0.0026315789,"14":0.0,"15":0.0471014493,"16":0.0,"17":0.0025316456,"18":0.0035335689,"19":0.025,"20":0.0075},"pennycress_Tarv.1014.HPI3.3.g099560":{"0":0.0034013605,"1":0.0018115942,"2":0.0076923077,"3":0.0012562814,"4":0.0027548209,"5":0.0,"6":0.0052527905,"7":0.0052700922,"8":0.0011013216,"9":0.0540880503,"10":0.0006341154,"11":0.0,"12":0.0013793103,"13":0.0008038585,"14":0.0035612536,"15":0.0008064516,"16":0.0030627871,"17":0.001003009,"18":0.0,"19":0.0024630542,"20":0.0},"pennycress_Tarv.1014.HPI3.5.g199470":{"0":0.0969387755,"1":0.0942028986,"2":0.0509615385,"3":0.033919598,"4":0.0330578512,"5":0.0361290323,"6":0.0492449114,"7":0.0803689065,"8":0.0418502203,"9":0.120754717,"10":0.0323398859,"11":0.0333333333,"12":0.055862069,"13":0.1881028939,"14":0.0968660969,"15":0.0822580645,"16":0.0704441041,"17":0.1083249749,"18":0.0829596413,"19":0.0443349754,"20":0.0},"pennycress_Tarv.1014.HPI3.3.g123370":{"0":0.0,"1":0.0009057971,"2":0.0,"3":0.0,"4":0.0,"5":0.0,"6":0.0006565988,"7":0.0,"8":0.0,"9":0.0018867925,"10":0.0,"11":0.0,"12":0.0006896552,"13":0.0,"14":0.0007122507,"15":0.0,"16":0.0,"17":0.0,"18":0.0,"19":0.0,"20":0.0},"pennycress_Tarv.1014.HPI3.5.g218310":{"0":0.0,"1":0.0,"2":0.0,"3":0.0,"4":0.0,"5":0.0,"6":0.0,"7":0.0,"8":0.0,"9":0.0,"10":0.0,"11":0.0,"12":0.0,"13":0.0,"14":0.0,"15":0.0,"16":0.0015313936,"17":0.0,"18":0.0,"19":0.0049261084,"20":0.0},"pennycress_Tarv.1014.HPI3.6.g250940":{"0":0.0,"1":0.0,"2":0.0,"3":0.0,"4":0.0,"5":0.0,"6":0.0,"7":0.0,"8":0.0,"9":0.0,"10":0.0,"11":0.0,"12":0.0,"13":0.0,"14":0.0,"15":0.0,"16":0.0,"17":0.0,"18":0.0,"19":0.0,"20":0.0},"pennycress_Tarv.1014.HPI3.5.g218300":{"0":0.0,"1":0.0009057971,"2":0.0009615385,"3":0.0012562814,"4":0.0,"5":0.0,"6":0.0006565988,"7":0.0026350461,"8":0.0,"9":0.0,"10":0.0012682308,"11":0.0,"12":0.0006896552,"13":0.0008038585,"14":0.0,"15":0.0,"16":0.0321592649,"17":0.0,"18":0.0022421525,"19":0.0172413793,"20":0.0},"pennycress_Tarv.1014.HPI3.5.g199370":{"0":0.0,"1":0.0036231884,"2":0.0,"3":0.0,"4":0.0027548209,"5":0.0025806452,"6":0.0013131976,"7":0.0,"8":0.0,"9":0.0006289308,"10":0.0,"11":0.0,"12":0.0006896552,"13":0.0610932476,"14":0.0064102564,"15":0.0008064516,"16":0.0,"17":0.001003009,"18":0.0605381166,"19":0.0,"20":0.0},"pennycress_Tarv.1014.HPI3.5.g197590":{"0":0.0017006803,"1":0.0004528986,"2":0.0009615385,"3":0.0,"4":0.0,"5":0.0,"6":0.0,"7":0.0,"8":0.0,"9":0.0025157233,"10":0.0,"11":0.0,"12":0.0,"13":0.0,"14":0.0,"15":0.0,"16":0.0,"17":0.0,"18":0.0,"19":0.0,"20":0.0},"pennycress_Tarv.1014.HPI3.5.g199390":{"0":0.0017006803,"1":0.0013586957,"2":0.0,"3":0.0,"4":0.0027548209,"5":0.0,"6":0.0006565988,"7":0.0,"8":0.0,"9":0.0006289308,"10":0.0006341154,"11":0.0,"12":0.0,"13":0.0080385852,"14":0.0007122507,"15":0.0,"16":0.0,"17":0.0,"18":0.0067264574,"19":0.0,"20":0.0},"pennycress_Tarv.1014.HPI3.7.g297090":{"0":0.0017006803,"1":0.0,"2":0.0,"3":0.0,"4":0.0,"5":0.0,"6":0.0,"7":0.0013175231,"8":0.0,"9":0.0,"10":0.0006341154,"11":0.0,"12":0.0,"13":0.0,"14":0.0,"15":0.0,"16":0.0030627871,"17":0.0,"18":0.0,"19":0.0,"20":0.0},"arabidopsis_AT5G49850":{"0":0.0132827324,"1":0.0148367953,"2":0.0555280119,"3":0.0051890289,"4":0.0060307018,"5":0.0415400203,"6":0.0089020772,"7":0.0017667845,"8":0.0,"9":0.0,"10":0.0021691974,"11":0.0108630054,"12":0.0,"13":0.0052631579,"14":0.0,"15":0.0398550725,"16":0.0058823529,"17":0.0050632911,"18":0.0035335689,"19":0.0125,"20":0.06},"pennycress_Tarv.1014.HPI3.5.g199360":{"0":0.018707483,"1":0.018115942,"2":0.0057692308,"3":0.0025125628,"4":0.0,"5":0.0064516129,"6":0.0013131976,"7":0.0250329381,"8":0.0022026432,"9":0.0157232704,"10":0.0019023462,"11":0.0,"12":0.0034482759,"13":0.0546623794,"14":0.0071225071,"15":0.0056451613,"16":0.0061255743,"17":0.0411233701,"18":0.0874439462,"19":0.0123152709,"20":0.0},"pennycress_Tarv.1014.HPI3.5.g199290":{"0":0.0,"1":0.0,"2":0.0,"3":0.0012562814,"4":0.0055096419,"5":0.0,"6":0.0032829941,"7":0.0,"8":0.0088105727,"9":0.0,"10":0.0057070387,"11":0.0,"12":0.0006896552,"13":0.0,"14":0.0014245014,"15":0.0008064516,"16":0.0030627871,"17":0.001003009,"18":0.0,"19":0.0024630542,"20":0.0},"pennycress_Tarv.1014.HPI3.5.g203530":{"0":0.0051020408,"1":0.0045289855,"2":0.0038461538,"3":0.0288944724,"4":0.0082644628,"5":0.0038709677,"6":0.0085357846,"7":0.0013175231,"8":0.0044052863,"9":0.0056603774,"10":0.0082435003,"11":0.0,"12":0.0110344828,"13":0.0056270096,"14":0.0064102564,"15":0.0016129032,"16":0.0367534456,"17":0.0040120361,"18":0.0,"19":0.0049261084,"20":1.0},"pennycress_Tarv.1014.HPI3.5.g200850":{"0":0.0,"1":0.0058876812,"2":0.0076923077,"3":0.0025125628,"4":0.0,"5":0.0012903226,"6":0.0026263953,"7":0.0039525692,"8":0.0,"9":0.0125786164,"10":0.0,"11":0.0,"12":0.0027586207,