{"pennycress_Tarv.1014.HPI3.2.g056950":{"0":0.1649659864,"1":0.0788043478,"2":0.15,"3":0.1344221106,"4":0.0606060606,"5":0.0838709677,"6":0.1096520026,"7":0.04743083,"8":0.1244493392,"9":0.1050314465,"10":0.1337983513,"11":0.0666666667,"12":0.1668965517,"13":0.1840836013,"14":0.155982906,"15":0.1483870968,"16":0.1286370597,"17":0.1664994985,"18":0.1748878924,"19":0.078817734,"20":0.0},"pennycress_Tarv.1014.HPI3.1.g025580":{"0":0.0119047619,"1":0.0013586957,"2":0.0076923077,"3":0.0037688442,"4":0.0,"5":0.0051612903,"6":0.0039395929,"7":0.0013175231,"8":0.0,"9":0.0182389937,"10":0.0050729233,"11":0.0,"12":0.0013793103,"13":0.0008038585,"14":0.0,"15":0.0008064516,"16":0.0030627871,"17":0.0020060181,"18":0.0022421525,"19":0.0147783251,"20":0.0},"soybean_Gmax.la3.HPI3.Chr06.g130590":{"0":0.027724049,"1":0.0068597561,"2":0.0118343195,"3":0.0155541154,"4":0.0143504532,"5":0.0133333333,"6":0.0161779575,"7":0.0164907652,"8":0.0072559367,"9":0.0129449838,"10":0.0,"11":0.0,"12":0.0,"13":0.0,"14":0.0,"15":0.0,"16":0.0127659574,"17":0.04,"18":0.0,"19":0.0040816327,"20":0.0909090909},"arabidopsis_AT4G00890":{"0":0.0,"1":0.0,"2":0.0,"3":0.0,"4":0.0005482456,"5":0.0020263425,"6":0.0,"7":0.0,"8":0.0052356021,"9":0.0,"10":0.0,"11":0.0,"12":0.0,"13":0.0,"14":0.0,"15":0.0,"16":0.0117647059,"17":0.0,"18":0.0,"19":0.0,"20":0.0},"arabidopsis_AT1G28630":{"0":0.0,"1":0.0,"2":0.0,"3":0.0,"4":0.0,"5":0.0,"6":0.0,"7":0.0,"8":0.0,"9":0.0,"10":0.0,"11":0.0,"12":0.0,"13":0.0,"14":0.0,"15":0.0,"16":0.0,"17":0.0,"18":0.0,"19":0.0,"20":0.0},"pennycress_Tarv.1014.HPI3.7.g291750":{"0":0.0,"1":0.0,"2":0.0,"3":0.0,"4":0.0,"5":0.0,"6":0.0,"7":0.0,"8":0.0,"9":0.0,"10":0.0,"11":0.0,"12":0.0006896552,"13":0.0,"14":0.0,"15":0.0,"16":0.0,"17":0.0,"18":0.0,"19":0.0,"20":0.0},"pennycress_Tarv.1014.HPI3.4.g131990":{"0":0.0,"1":0.0,"2":0.0,"3":0.0,"4":0.0,"5":0.0,"6":0.0,"7":0.0,"8":0.0,"9":0.0,"10":0.0,"11":0.0,"12":0.0,"13":0.0,"14":0.0,"15":0.0,"16":0.0,"17":0.0,"18":0.0,"19":0.0,"20":0.0},"arabidopsis_AT2G29850":{"0":0.0,"1":0.0,"2":0.0,"3":0.0,"4":0.0,"5":0.0,"6":0.0,"7":0.0,"8":0.0,"9":0.0,"10":0.0,"11":0.0,"12":0.0,"13":0.0,"14":0.0,"15":0.0,"16":0.0,"17":0.0,"18":0.0,"19":0.0,"20":0.0},"pennycress_Tarv.1014.HPI3.1.g025590":{"0":0.0017006803,"1":0.0086050725,"2":0.0028846154,"3":0.0288944724,"4":0.0110192837,"5":0.0051612903,"6":0.0347997374,"7":0.0065876153,"8":0.0088105727,"9":0.0025157233,"10":0.0215599239,"11":0.0,"12":0.0344827586,"13":0.0128617363,"14":0.0235042735,"15":0.0072580645,"16":0.0137825421,"17":0.001003009,"18":0.0067264574,"19":0.0049261084,"20":0.0},"pennycress_Tarv.1014.HPI3.6.g256000":{"0":0.0,"1":0.0,"2":0.0,"3":0.0,"4":0.0,"5":0.0,"6":0.0,"7":0.0,"8":0.0,"9":0.0,"10":0.0,"11":0.0,"12":0.0,"13":0.0008038585,"14":0.0,"15":0.0,"16":0.0,"17":0.0,"18":0.0,"19":0.0,"20":0.0},"pennycress_Tarv.1014.HPI3.2.g076550":{"0":0.0119047619,"1":0.040307971,"2":0.0144230769,"3":0.0314070352,"4":0.0385674931,"5":0.0180645161,"6":0.0656598818,"7":0.0079051383,"8":0.013215859,"9":0.0289308176,"10":0.0443880786,"11":0.0,"12":0.0482758621,"13":0.036977492,"14":0.0584045584,"15":0.010483871,"16":0.0290964778,"17":0.0140421264,"18":0.0089686099,"19":0.0073891626,"20":0.0},"arabidopsis_AT3G45800":{"0":0.0,"1":0.0,"2":0.0,"3":0.0,"4":0.0,"5":0.0,"6":0.0,"7":0.0,"8":0.0,"9":0.0,"10":0.0,"11":0.0,"12":0.0,"13":0.0,"14":0.0,"15":0.0,"16":0.0,"17":0.0,"18":0.0,"19":0.0,"20":0.0},"arabidopsis_AT2G32310":{"0":0.0,"1":0.0,"2":0.0,"3":0.0,"4":0.0,"5":0.0010131712,"6":0.0,"7":0.0,"8":0.0,"9":0.0,"10":0.0,"11":0.0,"12":0.0,"13":0.0,"14":0.0,"15":0.0,"16":0.0,"17":0.0,"18":0.0,"19":0.0,"20":0.0},"pennycress_Tarv.1014.HPI3.2.g090840":{"0":0.0085034014,"1":0.0009057971,"2":0.0009615385,"3":0.0012562814,"4":0.0027548209,"5":0.0,"6":0.0019697965,"7":0.0,"8":0.0,"9":0.0031446541,"10":0.0,"11":0.0,"12":0.0013793103,"13":0.0048231511,"14":0.0007122507,"15":0.0,"16":0.0137825421,"17":0.0030090271,"18":0.0,"19":0.0073891626,"20":0.0},"arabidopsis_AT1G63540":{"0":0.0,"1":0.0,"2":0.0,"3":0.0,"4":0.0,"5":0.0,"6":0.0,"7":0.0,"8":0.0,"9":0.0,"10":0.0,"11":0.0,"12":0.0,"13":0.0,"14":0.0,"15":0.0,"16":0.0,"17":0.0,"18":0.0,"19":0.0,"20":0.0},"pennycress_Tarv.1014.HPI3.5.g182110":{"0":0.0,"1":0.0,"2":0.0,"3":0.0,"4":0.0,"5":0.0,"6":0.0,"7":0.0,"8":0.0,"9":0.0,"10":0.0,"11":0.0,"12":0.0,"13":0.0,"14":0.0,"15":0.0,"16":0.0,"17":0.0,"18":0.0,"19":0.0,"20":0.0},"soybean_Gmax.la3.HPI3.Chr10.g242480":{"0":0.0,"1":0.0,"2":0.0,"3":0.0006480881,"4":0.000755287,"5":0.0,"6":0.0010111223,"7":0.0006596306,"8":0.0006596306,"9":0.0145631068,"10":0.0,"11":0.0,"12":0.0,"13":0.0,"14":0.0,"15":0.0,"16":0.0127659574,"17":0.0,"18":0.0,"19":0.0040816327,"20":0.0},"arabidopsis_AT3G29033":{"0":0.0,"1":0.0,"2":0.0,"3":0.0,"4":0.0,"5":0.0,"6":0.0,"7":0.0,"8":0.0,"9":0.0,"10":0.0021691974,"11":0.0,"12":0.0,"13":0.0,"14":0.0,"15":0.0,"16":0.0,"17":0.0,"18":0.0,"19":0.0,"20":0.0},"soybean_Gmax.la3.HPI3.Chr06.g130200":{"0":0.0058027079,"1":0.0015243902,"2":0.0111768573,"3":0.0064808814,"4":0.0098187311,"5":0.0039215686,"6":0.003033367,"7":0.0,"8":0.0019788918,"9":0.001618123,"10":0.0,"11":0.0,"12":0.0053191489,"13":0.0,"14":0.0,"15":0.0166666667,"16":0.0021276596,"17":0.0,"18":0.0,"19":0.0,"20":0.0},"pennycress_Tarv.1014.HPI3.1.g025570":{"0":0.0,"1":0.0,"2":0.0,"3":0.0,"4":0.0,"5":0.0,"6":0.0,"7":0.0,"8":0.0,"9":0.0,"10":0.0,"11":0.0,"12":0.0006896552,"13":0.0008038585,"14":0.0,"15":0.0,"16":0.0,"17":0.0,"18":0.0022421525,"19":0.0,"20":0.0},"arabidopsis_AT1G22420":{"0":0.0,"1":0.0,"2":0.0,"3":0.0,"4":0.0,"5":0.0,"6":0.0,"7":0.0,"8":0.0,"9":0.0,"10":0.0,"11":0.0,"12":0.0,"13":0.0,"14":0.0,"15":0.0,"16":0.0,"17":0.0,"18":0.0,"19":0.0,"20":0.0},"pennycress_Tarv.1014.HPI3.2.g090850":{"0":0.0,"1":0.0,"2":0.0,"3":0.0,"4":0.0,"5":0.0,"6":0.0,"7":0.0,"8":0.0,"9":0.0,"10":0.0,"11":0.0,"12":0.0,"13":0.0,"14":0.0,"15":0.0,"16":0.0,"17":0.0,"18":0.0,"19":0.0,"20":0.0},"arabidopsis_AT5G61910":{"0":0.1859582543,"1":0.0830860534,"2":0.1457610312,"3":0.0971089696,"4":0.1123903509,"5":0.1013171226,"6":0.1305637982,"7":0.0600706714,"8":0.1151832461,"9":0.1072961373,"10":0.1431670282,"11":0.1345805673,"12":0.186440678,"13":0.3026315789,"14":0.2155172414,"15":0.1884057971,"16":0.0941176471,"17":0.3088607595,"18":0.1943462898,"19":0.05,"20":0.065},"soybean_Gmax.la3.HPI3.Chr12.g283600":{"0":0.001934236,"1":0.0,"2":0.0,"3":0.0012961763,"4":0.0,"5":0.0007843137,"6":0.0,"7":0.0006596306,"8":0.0,"9":0.0064724919,"10":0.0,"11":0.0,"12":0.0,"13":0.0,"14":0.0,"15":0.0,"16":0.0,"17":0.0,"18":0.0,"19":0.0,"20":0.0},"pennycress_Tarv.1014.HPI3.6.g239090":{"0":0.0,"1":0.0,"2":0.0,"3":0.0,"4":0.0,"5":0.0,"6":0.0026263953,"7":0.0,"8":0.0022026432,"9":0.0,"10":0.0012682308,"11":0.0,"12":0.0,"13":0.0,"14":0.0,"15":0.0,"16":0.0,"17":0.0,"18":0.0,"19":0.0,"20":0.0},"pennycress_Tarv.1014.HPI3.3.g103560":{"0":0.0,"1":0.0,"2":0.0,"3":0.0,"4":0.0,"5":0.0,"6":0.0,"7":0.0,"8":0.0,"9":0.0,"10":0.0,"11":0.0,"12":0.0,"13":0.0,"14":0.0,"15":0.0,"16":0.0,"17":0.001003009,"18":0.0,"19":0.0,"20":0.0},"arabidopsis_AT1G02540":{"0":0.0,"1":0.0,"2":0.0,"3":0.0,"4":0.0,"5":0.0,"6":0.0,"7":0.0,"8":0.0,"9":0.0,"10":0.0,"11":0.0,"12":0.0,"13":0.0,"14":0.0,"15":0.0,"16":0.0,"17":0.0,"18":0.0,"19":0.0,"20":0.0},"pennycress_Tarv.1014.HPI3.2.g073340":{"0":0.0,"1":0.0,"2":0.0,"3":0.0012562814,"4":0.0,"5":0.0,"6":0.0006565988,"7":0.0,"8":0.0,"9":0.0006289308,"10":0.0,"11":0.0,"12":0.0,"13":0.0,"14":0.0,"15":0.0,"16":0.0,"17":0.0,"18":0.0022421525,"19":0.0,"20":0.0},"soybean_Gmax.la3.HPI3.Chr03.g059610":{"0":0.0,"1":0.0,"2":0.0,"3":0.0,"4":0.0,"5":0.0,"6":0.0,"7":0.0,"8":0.0,"9":0.0,"10":0.0,"11":0.0,"12":0.0,"13":0.0,"14":0.0,"15":0.0,"16":0.0,"17":0.0,"18":0.0,"19":0.0040816327,"20":0.0},"arabidopsis_AT4G28811":{"0":0.0,"1":0.0,"2":0.0,"3":0.0,"4":0.0,"5":0.0,"6":0.0,"7":0.0,"8":0.0,"9":0.0,"10":0.0,"11":0.0,"12":0.0,"13":0.0,"14":0.0,"15":0.0,"16":0.0,"17":0.0,"18":0.0,"19":0.0,"20":0.0},"pennycress_Tarv.1014.HPI3.5.g187110":{"0":0.0,"1":0.0,"2":0.0,"3":0.0,"4":0.0,"5":0.0,"6":0.0,"7":0.0,"8":0.0,"9":0.0,