{"soybean_Gmax.la3.HPI3.Chr17.g405890":{"0":0.0025789813,"1":0.0144817073,"2":0.0072320842,"3":0.0103694102,"4":0.0944108761,"5":0.0062745098,"6":0.1274014156,"7":0.0085751979,"8":0.0158311346,"9":0.0113268608,"10":0.0,"11":0.0,"12":0.0478723404,"13":0.0,"14":0.0,"15":0.0,"16":0.0170212766,"17":0.0,"18":0.0,"19":0.0326530612,"20":0.0},"soybean_Gmax.la3.HPI3.Chr20.g476520":{"0":0.0051579626,"1":0.0289634146,"2":0.0085470085,"3":0.0103694102,"4":0.0883685801,"5":0.0070588235,"6":0.0242669363,"7":0.0105540897,"8":0.0178100264,"9":0.0129449838,"10":0.0,"11":0.0,"12":0.0319148936,"13":0.0,"14":0.0,"15":0.0166666667,"16":0.014893617,"17":0.0,"18":0.0,"19":0.0204081633,"20":0.0},"arabidopsis_AT1G59940":{"0":0.0060088552,"1":0.0154302671,"2":0.0064452157,"3":0.0088954781,"4":0.0416666667,"5":0.0070921986,"6":0.0089020772,"7":0.0282685512,"8":0.0890052356,"9":0.0772532189,"10":0.1648590022,"11":0.0072420036,"12":0.1016949153,"13":0.1921052632,"14":0.0301724138,"15":0.097826087,"16":0.0176470588,"17":0.0886075949,"18":0.2897526502,"19":0.025,"20":0.0125},"arabidopsis_AT4G36780":{"0":0.023086654,"1":0.0261127596,"2":0.0297471492,"3":0.0289103039,"4":0.0893640351,"5":0.0253292806,"6":0.0445103858,"7":0.0247349823,"8":0.0942408377,"9":0.1158798283,"10":0.1019522777,"11":0.025950513,"12":0.0677966102,"13":0.1447368421,"14":0.0517241379,"15":0.0905797101,"16":0.0352941176,"17":0.0582278481,"18":0.1342756184,"19":0.0375,"20":0.0475},"arabidopsis_AT1G22520":{"0":0.0151802657,"1":0.0154302671,"2":0.0099157164,"3":0.0148257969,"4":0.0756578947,"5":0.0131712259,"6":0.0356083086,"7":0.0636042403,"8":0.0523560209,"9":0.0300429185,"10":0.0368763557,"11":0.0114665057,"12":0.0338983051,"13":0.0236842105,"14":0.0301724138,"15":0.0072463768,"16":0.0117647059,"17":0.0379746835,"18":0.0141342756,"19":0.0125,"20":0.0125},"soybean_Gmax.la3.HPI3.Chr08.g181320":{"0":0.0025789813,"1":0.0068597561,"2":0.0046022354,"3":0.0064808814,"4":0.0211480363,"5":0.0039215686,"6":0.0151668352,"7":0.0052770449,"8":0.0092348285,"9":0.003236246,"10":0.0,"11":0.0,"12":0.0106382979,"13":0.0,"14":0.0,"15":0.0,"16":0.0,"17":0.0,"18":0.0,"19":0.0,"20":0.0},"soybean_Gmax.la3.HPI3.Chr18.g440980":{"0":0.0148291425,"1":0.0083841463,"2":0.0059171598,"3":0.0110174984,"4":0.0113293051,"5":0.0070588235,"6":0.0121334681,"7":0.0065963061,"8":0.0112137203,"9":0.0080906149,"10":0.0,"11":0.0,"12":0.0053191489,"13":0.0,"14":0.0,"15":0.0,"16":0.0063829787,"17":0.0,"18":0.0,"19":0.0081632653,"20":0.0},"arabidopsis_AT4G11970":{"0":0.0132827324,"1":0.0100890208,"2":0.0153693604,"3":0.0229799852,"4":0.0263157895,"5":0.022289767,"6":0.0207715134,"7":0.0053003534,"8":0.0104712042,"9":0.0214592275,"10":0.0130151844,"11":0.0144840072,"12":0.0,"13":0.0157894737,"14":0.025862069,"15":0.0144927536,"16":0.0,"17":0.0075949367,"18":0.0247349823,"19":0.0,"20":0.0075},"arabidopsis_AT5G50930":{"0":0.0012650221,"1":0.0011869436,"2":0.0014873575,"3":0.0059303188,"4":0.007127193,"5":0.0030395137,"6":0.0029673591,"7":0.0017667845,"8":0.0157068063,"9":0.008583691,"10":0.0021691974,"11":0.0006035003,"12":0.0,"13":0.0,"14":0.0129310345,"15":0.0,"16":0.0,"17":0.0,"18":0.0,"19":0.0,"20":0.0075},"arabidopsis_AT1G56090":{"0":0.0211891208,"1":0.0148367953,"2":0.0213187903,"3":0.0200148258,"4":0.0213815789,"5":0.0192502533,"6":0.0237388724,"7":0.0088339223,"8":0.0104712042,"9":0.0042918455,"10":0.021691974,"11":0.0205190103,"12":0.0508474576,"13":0.0342105263,"14":0.0301724138,"15":0.018115942,"16":0.0176470588,"17":0.0101265823,"18":0.0212014134,"19":0.0,"20":0.0075},"pennycress_Tarv.1014.HPI3.6.g249850":{"0":0.0,"1":0.0,"2":0.0019230769,"3":0.0,"4":0.0,"5":0.0,"6":0.0,"7":0.0,"8":0.0,"9":0.0,"10":0.0,"11":0.0,"12":0.0,"13":0.0,"14":0.0,"15":0.0,"16":0.0,"17":0.0,"18":0.0,"19":0.0,"20":0.0},"arabidopsis_AT5G36240":{"0":0.0,"1":0.0,"2":0.0,"3":0.0,"4":0.0,"5":0.0,"6":0.0,"7":0.0,"8":0.0,"9":0.0,"10":0.0,"11":0.0,"12":0.0,"13":0.0,"14":0.0,"15":0.0,"16":0.0,"17":0.0,"18":0.0,"19":0.0,"20":0.0},"arabidopsis_AT5G33210":{"0":0.0,"1":0.0,"2":0.0,"3":0.0,"4":0.0,"5":0.0,"6":0.0,"7":0.0,"8":0.0,"9":0.0,"10":0.0,"11":0.0,"12":0.0,"13":0.0,"14":0.0,"15":0.0,"16":0.0,"17":0.0,"18":0.0,"19":0.0,"20":0.0},"arabidopsis_AT4G00180":{"0":0.0,"1":0.0,"2":0.0009915716,"3":0.0,"4":0.0,"5":0.0,"6":0.0,"7":0.0017667845,"8":0.0,"9":0.0,"10":0.0,"11":0.0006035003,"12":0.0,"13":0.0,"14":0.0,"15":0.0,"16":0.0,"17":0.0,"18":0.0,"19":0.0,"20":0.0025},"pennycress_Tarv.1014.HPI3.1.g000050":{"0":0.0,"1":0.0,"2":0.0,"3":0.0,"4":0.0,"5":0.0012903226,"6":0.0,"7":0.0,"8":0.0,"9":0.0,"10":0.0,"11":0.0,"12":0.0,"13":0.0,"14":0.0,"15":0.0,"16":0.0,"17":0.0,"18":0.0,"19":0.0,"20":0.0},"arabidopsis_AT1G71000":{"0":0.0003162555,"1":0.0,"2":0.0004957858,"3":0.0,"4":0.0,"5":0.0,"6":0.0,"7":0.0,"8":0.0052356021,"9":0.0,"10":0.0,"11":0.0,"12":0.0,"13":0.0,"14":0.0,"15":0.0,"16":0.0,"17":0.0050632911,"18":0.0,"19":0.0,"20":0.0025},"soybean_Gmax.la3.HPI3.Chr19.g456500":{"0":0.1115409413,"1":0.1410060976,"2":0.1426692965,"3":0.2151652625,"4":0.170694864,"5":0.1866666667,"6":0.1213346815,"7":0.1893139842,"8":0.151055409,"9":0.2427184466,"10":0.1538461538,"11":0.0,"12":0.164893617,"13":0.0,"14":0.0,"15":0.2833333333,"16":0.1255319149,"17":0.2,"18":0.0,"19":0.1428571429,"20":0.0},"arabidopsis_AT1G69180":{"0":0.0,"1":0.0,"2":0.0,"3":0.0,"4":0.0,"5":0.0,"6":0.0,"7":0.0,"8":0.0,"9":0.0,"10":0.0,"11":0.0,"12":0.0,"13":0.0,"14":0.0,"15":0.0,"16":0.0,"17":0.0,"18":0.0,"19":0.0,"20":0.0},"soybean_Gmax.la3.HPI3.Chr01.g010100":{"0":0.0,"1":0.0,"2":0.0,"3":0.0006480881,"4":0.0,"5":0.0,"6":0.0,"7":0.0,"8":0.0,"9":0.0,"10":0.0,"11":0.0,"12":0.0,"13":0.0,"14":0.0,"15":0.0,"16":0.0,"17":0.0,"18":0.0,"19":0.0,"20":0.0},"arabidopsis_AT2G26580":{"0":0.0003162555,"1":0.0,"2":0.0004957858,"3":0.0,"4":0.0,"5":0.0,"6":0.0,"7":0.0,"8":0.0,"9":0.0,"10":0.0,"11":0.0,"12":0.0,"13":0.0,"14":0.0,"15":0.0,"16":0.0,"17":0.0,"18":0.0,"19":0.0,"20":0.0},"soybean_Gmax.la3.HPI3.Chr06.g124730":{"0":0.0,"1":0.0015243902,"2":0.0013149244,"3":0.0012961763,"4":0.001510574,"5":0.0007843137,"6":0.0,"7":0.0019788918,"8":0.0,"9":0.001618123,"10":0.0,"11":0.0,"12":0.0,"13":0.0,"14":0.0,"15":0.0,"16":0.0,"17":0.0,"18":0.0,"19":0.0,"20":0.0},"arabidopsis_AT1G08465":{"0":0.0,"1":0.0,"2":0.0014873575,"3":0.0,"4":0.0,"5":0.0,"6":0.0,"7":0.0,"8":0.0,"9":0.0,"10":0.0,"11":0.0,"12":0.0,"13":0.0,"14":0.0,"15":0.0,"16":0.0,"17":0.0,"18":0.0,"19":0.0,"20":0.0},"pennycress_Tarv.1014.HPI3.3.g124990":{"0":0.0,"1":0.0,"2":0.0,"3":0.0,"4":0.0,"5":0.0,"6":0.0,"7":0.0,"8":0.0,"9":0.0,"10":0.0,"11":0.0,"12":0.0,"13":0.0,"14":0.0,"15":0.0,"16":0.0,"17":0.0,"18":0.0,"19":0.0,"20":0.0},"arabidopsis_AT1G23420":{"0":0.0,"1":0.0,"2":0.0,"3":0.0,"4":0.0,"5":0.0,"6":0.0,"7":0.0,"8":0.0,"9":0.0,"10":0.0,"11":0.0,"12":0.0,"13":0.0,"14":0.0,"15":0.0,"16":0.0,"17":0.0,"18":0.0,"19":0.0,"20":0.0},"soybean_Gmax.la3.HPI3.Chr04.g092690":{"0":0.0006447453,"1":0.0015243902,"2":0.0,"3":0.0,"4":0.001510574,"5":0.0,"6":0.0,"7":0.0,"8":0.0,"9":0.001618123,"10":0.0,"11":0.0,"12":0.0,"13":0.0,"14":0.0,"15":0.0,"16":0.0085106383,"17":0.0,"18":0.0,"19":0.0,"20":0.0},"arabidopsis_AT2G45190":{"0":0.0003162555,"1":0.0,"2":0.0,"3":0.0,"4":0.0005482456,"5":0.0,"6":0.0,"7":0.0,"8":0.0,"9":0.0,"10":0.0,"11":0.0,"12":0.0,"13":0.0,"14":0.0,"15":0.0,"16":0.0,"17":0.0,"18":0.0,"19":0.0,"20":0.0},"pennycress_Tarv.1014.HPI3.5.g177150":{"0":0.0,"1":0.0,"2":0.0,"3":0.0,"4":0.0,"5":0.0,"6":0.0,"7":0.0,"8":0.0,"9":0.0,"10":0.0,"11":0.0,"12":0.0,"13":0.0,"14":0.0,"15":0.0,"16":0.0,"17":0.0,"18":0.0,"19":0.0,"20":0.0},"soybean_Gmax.la3.HPI3.Chr04.g080840":{"0":0.0,"1":0.0015243902,"2":0.0,"3":0.0,"4":0.0,"5":0.0,"6":0.0,"7":0.0,"8":0.0006596306,"9":0.001618123,"10":0.0,"11":0.0,"12":0.0,"13":0.0,"14":0.0,"15":0.0,"16":0.0,"17":0.0,"18":0.0,"19":0.0,"20":0.0},"pennycress_Tarv.1014.HPI3.7.g301760":{"0":0.0,"1":0.0,"2":0.0,"3":0.0,"4":0.0,"5":0.0,"6":0.0,"7":0.0,"8":0.0,"9":0.0,"10":0.0,"11":0.0,"12":0.0,"13":0.0,"14":0.0,"15":0.0,"16":0.0,"17":0.0,"18":0.0,"19":0.0,"20":0.0},