{"arabidopsis_AT4G18880":{"0":0.1742567995,"1":0.0492581602,"2":0.0723847298,"3":0.0444773907,"4":0.0257675439,"5":0.0547112462,"6":0.0089020772,"7":0.0212014134,"8":0.0209424084,"9":0.0300429185,"10":0.0347071584,"11":0.1255280628,"12":0.0338983051,"13":0.0157894737,"14":0.0431034483,"15":0.0326086957,"16":0.0588235294,"17":0.0886075949,"18":0.0318021201,"19":0.05,"20":0.0125},"soybean_Gmax.la3.HPI3.Chr05.g107390":{"0":0.1141199226,"1":0.0167682927,"2":0.0249835634,"3":0.036941024,"4":0.0151057402,"5":0.0321568627,"6":0.0212335693,"7":0.0567282322,"8":0.0329815303,"9":0.0792880259,"10":0.0,"11":0.0,"12":0.0106382979,"13":0.0,"14":0.0,"15":0.0333333333,"16":0.0446808511,"17":0.04,"18":0.0,"19":0.0448979592,"20":0.0},"arabidopsis_AT5G45710":{"0":0.0803289058,"1":0.0362017804,"2":0.0694100149,"3":0.0370644922,"4":0.0438596491,"5":0.0557244174,"6":0.0474777448,"7":0.0406360424,"8":0.0523560209,"9":0.0557939914,"10":0.0607375271,"11":0.0591430296,"12":0.0338983051,"13":0.1631578947,"14":0.0387931034,"15":0.1485507246,"16":0.0294117647,"17":0.2025316456,"18":0.1166077739,"19":0.15,"20":0.0575},"pennycress_Tarv.1014.HPI3.5.g186460":{"0":0.0442176871,"1":0.0652173913,"2":0.0596153846,"3":0.0489949749,"4":0.044077135,"5":0.0477419355,"6":0.0807616546,"7":0.0487483531,"8":0.0462555066,"9":0.0748427673,"10":0.069752695,"11":0.0333333333,"12":0.0662068966,"13":0.1053054662,"14":0.0854700855,"15":0.0919354839,"16":0.0505359877,"17":0.0812437312,"18":0.0919282511,"19":0.0492610837,"20":0.0},"pennycress_Tarv.1014.HPI3.1.g033990":{"0":0.0714285714,"1":0.0185688406,"2":0.0557692308,"3":0.0703517588,"4":0.0137741047,"5":0.0425806452,"6":0.036112935,"7":0.0092226614,"8":0.0748898678,"9":0.0333333333,"10":0.0577045022,"11":0.0666666667,"12":0.0406896552,"13":0.0257234727,"14":0.0498575499,"15":0.0370967742,"16":0.067381317,"17":0.0230692076,"18":0.0156950673,"19":0.0197044335,"20":0.0},"pennycress_Tarv.1014.HPI3.6.g225510":{"0":0.093537415,"1":0.0430253623,"2":0.0653846154,"3":0.0653266332,"4":0.0330578512,"5":0.0490322581,"6":0.0833880499,"7":0.0184453228,"8":0.1013215859,"9":0.0811320755,"10":0.0748256183,"11":0.1333333333,"12":0.115862069,"13":0.057073955,"14":0.0726495726,"15":0.0911290323,"16":0.0995405819,"17":0.0341023069,"18":0.0582959641,"19":0.0369458128,"20":0.0},"pennycress_Tarv.1014.HPI3.2.g074230":{"0":0.056122449,"1":0.0307971014,"2":0.075,"3":0.0301507538,"4":0.0165289256,"5":0.0451612903,"6":0.0249507551,"7":0.0197628458,"8":0.0396475771,"9":0.0301886792,"10":0.0215599239,"11":0.0333333333,"12":0.0268965517,"13":0.0482315113,"14":0.0299145299,"15":0.064516129,"16":0.0367534456,"17":0.0531594784,"18":0.0896860987,"19":0.0714285714,"20":1.0},"soybean_Gmax.la3.HPI3.Chr01.g001560":{"0":0.0354609929,"1":0.0129573171,"2":0.0243261012,"3":0.0226830849,"4":0.0135951662,"5":0.017254902,"6":0.0242669363,"7":0.0237467018,"8":0.0250659631,"9":0.0161812298,"10":0.0,"11":0.0,"12":0.0053191489,"13":0.0,"14":0.0,"15":0.0,"16":0.0234042553,"17":0.08,"18":0.0,"19":0.012244898,"20":0.0},"soybean_Gmax.la3.HPI3.Chr12.g284120":{"0":0.0058027079,"1":0.0022865854,"2":0.006574622,"3":0.0071289695,"4":0.0067975831,"5":0.0070588235,"6":0.0131445905,"7":0.0072559367,"8":0.0039577836,"9":0.0113268608,"10":0.0,"11":0.0,"12":0.0,"13":0.0,"14":0.0,"15":0.0,"16":0.0489361702,"17":0.0,"18":0.0,"19":0.0326530612,"20":0.0},"soybean_Gmax.la3.HPI3.Chr11.g255570":{"0":0.0496453901,"1":0.0099085366,"2":0.0249835634,"3":0.0194426442,"4":0.0158610272,"5":0.0188235294,"6":0.0222446916,"7":0.018469657,"8":0.0224274406,"9":0.0177993528,"10":0.0,"11":0.0,"12":0.0265957447,"13":0.0,"14":0.0,"15":0.0,"16":0.0170212766,"17":0.0,"18":0.3333333333,"19":0.0163265306,"20":0.0},"pennycress_Tarv.1014.HPI3.4.g147210":{"0":0.0238095238,"1":0.0258152174,"2":0.0365384615,"3":0.0464824121,"4":0.0082644628,"5":0.0232258065,"6":0.0374261326,"7":0.023715415,"8":0.0649779736,"9":0.0308176101,"10":0.0348763475,"11":0.0333333333,"12":0.0337931034,"13":0.0458199357,"14":0.0313390313,"15":0.0524193548,"16":0.0490045942,"17":0.0401203611,"18":0.0224215247,"19":0.0172413793,"20":0.0},"arabidopsis_AT1G32330":{"0":0.0265654649,"1":0.0195845697,"2":0.0233019336,"3":0.0355819125,"4":0.0307017544,"5":0.0233029382,"6":0.0326409496,"7":0.0247349823,"8":0.0314136126,"9":0.0300429185,"10":0.010845987,"11":0.0187085094,"12":0.0169491525,"13":0.0473684211,"14":0.0215517241,"15":0.0144927536,"16":0.0058823529,"17":0.053164557,"18":0.035335689,"19":0.0125,"20":0.0225},"soybean_Gmax.la3.HPI3.Chr16.g385240":{"0":0.0193423598,"1":0.0114329268,"2":0.0092044707,"3":0.0123136747,"4":0.0067975831,"5":0.0141176471,"6":0.0202224469,"7":0.0112137203,"8":0.0112137203,"9":0.0080906149,"10":0.0,"11":0.0,"12":0.0106382979,"13":0.0,"14":0.0,"15":0.0,"16":0.0191489362,"17":0.0,"18":0.0,"19":0.0244897959,"20":0.0},"arabidopsis_AT5G16820":{"0":0.0376344086,"1":0.0189910979,"2":0.0585027268,"3":0.0481838399,"4":0.0290570175,"5":0.0445795339,"6":0.0445103858,"7":0.0123674912,"8":0.0628272251,"9":0.017167382,"10":0.0195227766,"11":0.0458660229,"12":0.0338983051,"13":0.0394736842,"14":0.0474137931,"15":0.0543478261,"16":0.0411764706,"17":0.0253164557,"18":0.0176678445,"19":0.025,"20":0.025},"pennycress_Tarv.1014.HPI3.4.g140490":{"0":0.0544217687,"1":0.0421195652,"2":0.0634615385,"3":0.0640703518,"4":0.0358126722,"5":0.0490322581,"6":0.0518713066,"7":0.0447957839,"8":0.0671806167,"9":0.0522012579,"10":0.055802156,"11":0.0666666667,"12":0.0737931034,"13":0.0988745981,"14":0.0676638177,"15":0.0870967742,"16":0.067381317,"17":0.0561685055,"18":0.0807174888,"19":0.0443349754,"20":0.0},"soybean_Gmax.la3.HPI3.Chr05.g114940":{"0":0.0135396518,"1":0.0068597561,"2":0.0138067061,"3":0.0123136747,"4":0.001510574,"5":0.0149019608,"6":0.0060667341,"7":0.0039577836,"8":0.0085751979,"9":0.0048543689,"10":0.0,"11":0.0,"12":0.0,"13":0.0,"14":0.0,"15":0.0,"16":0.014893617,"17":0.0,"18":0.0,"19":0.0,"20":0.0},"pennycress_Tarv.1014.HPI3.4.g149060":{"0":0.093537415,"1":0.0212862319,"2":0.0240384615,"3":0.0175879397,"4":0.0137741047,"5":0.0090322581,"6":0.0111621799,"7":0.0303030303,"8":0.0044052863,"9":0.0251572327,"10":0.0063411541,"11":0.0666666667,"12":0.0117241379,"13":0.0176848875,"14":0.0213675214,"15":0.0137096774,"16":0.0091883614,"17":0.0411233701,"18":0.0717488789,"19":0.0270935961,"20":0.0},"arabidopsis_AT4G13980":{"0":0.018342821,"1":0.0112759644,"2":0.0237977194,"3":0.0207561156,"4":0.0290570175,"5":0.022289767,"6":0.0267062315,"7":0.0159010601,"8":0.0209424084,"9":0.0214592275,"10":0.0390455531,"11":0.0181050091,"12":0.0,"13":0.0394736842,"14":0.0560344828,"15":0.0362318841,"16":0.0176470588,"17":0.0379746835,"18":0.0247349823,"19":0.0375,"20":0.025},"soybean_Gmax.la3.HPI3.Chr13.g308110":{"0":0.0,"1":0.0,"2":0.0006574622,"3":0.0,"4":0.0,"5":0.0007843137,"6":0.0,"7":0.0,"8":0.0,"9":0.0,"10":0.0,"11":0.0,"12":0.0,"13":0.0,"14":0.0,"15":0.0,"16":0.0,"17":0.0,"18":0.0,"19":0.0,"20":0.0},"pennycress_Tarv.1014.HPI3.7.g303590":{"0":0.0425170068,"1":0.0108695652,"2":0.0365384615,"3":0.0138190955,"4":0.0027548209,"5":0.0090322581,"6":0.0124753775,"7":0.0065876153,"8":0.0088105727,"9":0.0113207547,"10":0.0145846544,"11":0.0,"12":0.0144827586,"13":0.0168810289,"14":0.0106837607,"15":0.0137096774,"16":0.0183767228,"17":0.0230692076,"18":0.0403587444,"19":0.0147783251,"20":0.0},"soybean_Gmax.la3.HPI3.Chr04.g076780":{"0":0.0012894907,"1":0.0007621951,"2":0.0006574622,"3":0.0012961763,"4":0.0,"5":0.0007843137,"6":0.0,"7":0.0006596306,"8":0.0,"9":0.0,"10":0.0,"11":0.0,"12":0.0,"13":0.0,"14":0.0,"15":0.0,"16":0.0021276596,"17":0.0,"18":0.0,"19":0.0,"20":0.0},"arabidopsis_AT4G17750":{"0":0.0208728653,"1":0.0106824926,"2":0.0198314328,"3":0.0163083766,"4":0.0191885965,"5":0.0212765957,"6":0.0178041543,"7":0.0088339223,"8":0.0209424084,"9":0.0214592275,"10":0.0130151844,"11":0.0181050091,"12":0.0508474576,"13":0.0236842105,"14":0.0387931034,"15":0.0108695652,"16":0.0176470588,"17":0.0202531646,"18":0.0141342756,"19":0.0,"20":0.005},