{"arabidopsis_AT5G62920":{"0":0.160341556,"1":0.1038575668,"2":0.1586514626,"3":0.3246849518,"4":0.0707236842,"5":0.1600810537,"6":0.0682492582,"7":0.1130742049,"8":0.1413612565,"9":0.1201716738,"10":0.2039045553,"11":0.2172601086,"12":0.0508474576,"13":0.1947368421,"14":0.0905172414,"15":0.2862318841,"16":0.1647058824,"17":0.364556962,"18":0.2261484099,"19":0.125,"20":0.1825},"soybean_Gmax.la3.HPI3.Chr03.g058730":{"0":0.2095422308,"1":0.1676829268,"2":0.1735700197,"3":0.2352559948,"4":0.1978851964,"5":0.2878431373,"6":0.1708796764,"7":0.2137203166,"8":0.1754617414,"9":0.2411003236,"10":0.1538461538,"11":0.2857142857,"12":0.2234042553,"13":0.0,"14":0.0,"15":0.2833333333,"16":0.1021276596,"17":0.04,"18":0.3333333333,"19":0.212244898,"20":0.0},"pennycress_Tarv.1014.HPI3.2.g055850":{"0":0.212585034,"1":0.1594202899,"2":0.3692307692,"3":0.2349246231,"4":0.1184573003,"5":0.2025806452,"6":0.1424819435,"7":0.1212121212,"8":0.2731277533,"9":0.2559748428,"10":0.1807228916,"11":0.2333333333,"12":0.1993103448,"13":0.2966237942,"14":0.2478632479,"15":0.4258064516,"16":0.2434915773,"17":0.2838515547,"18":0.3901345291,"19":0.2413793103,"20":1.0},"arabidopsis_AT3G48100":{"0":0.1676154333,"1":0.1412462908,"2":0.1611303917,"3":0.3157894737,"4":0.1151315789,"5":0.1104356636,"6":0.1572700297,"7":0.1395759717,"8":0.0994764398,"9":0.2274678112,"10":0.1995661605,"11":0.2226916113,"12":0.1186440678,"13":0.3736842105,"14":0.1336206897,"15":0.2789855072,"16":0.1735294118,"17":0.4101265823,"18":0.406360424,"19":0.1125,"20":0.055},"pennycress_Tarv.1014.HPI3.3.g120610":{"0":0.2840136054,"1":0.2432065217,"2":0.4817307692,"3":0.1984924623,"4":0.1818181818,"5":0.3329032258,"6":0.1602101116,"7":0.1818181818,"8":0.2444933921,"9":0.2352201258,"10":0.2339885859,"11":0.3333333333,"12":0.2882758621,"13":0.5715434084,"14":0.25997151,"15":0.5556451613,"16":0.2327718224,"17":0.4182547643,"18":0.4618834081,"19":0.1305418719,"20":1.0},"arabidopsis_AT2G41310":{"0":0.2571157495,"1":0.1400593472,"2":0.2741695588,"3":0.1578947368,"4":0.1754385965,"5":0.1327254306,"6":0.1543026706,"7":0.1254416961,"8":0.2303664921,"9":0.2317596567,"10":0.262472885,"11":0.3053711527,"12":0.1186440678,"13":0.4763157895,"14":0.2112068966,"15":0.5724637681,"16":0.1470588235,"17":0.5113924051,"18":0.3922261484,"19":0.075,"20":0.095},"soybean_Gmax.la3.HPI3.Chr15.g374510":{"0":0.0586718246,"1":0.0419207317,"2":0.0262984878,"3":0.0349967596,"4":0.0732628399,"5":0.04,"6":0.0465116279,"7":0.110817942,"8":0.0250659631,"9":0.1003236246,"10":0.0,"11":0.0,"12":0.0585106383,"13":0.0,"14":0.0,"15":0.1333333333,"16":0.0170212766,"17":0.08,"18":0.0,"19":0.0163265306,"20":0.0},"pennycress_Tarv.1014.HPI3.2.g084550":{"0":0.1258503401,"1":0.1313405797,"2":0.1817307692,"3":0.0565326633,"4":0.0578512397,"5":0.0606451613,"6":0.0630334865,"7":0.139657444,"8":0.1376651982,"9":0.1358490566,"10":0.0906785035,"11":0.1333333333,"12":0.0565517241,"13":0.2017684887,"14":0.1075498575,"15":0.2846774194,"16":0.0934150077,"17":0.2006018054,"18":0.2556053812,"19":0.0763546798,"20":0.0},"pennycress_Tarv.1014.HPI3.7.g281960":{"0":0.2517006803,"1":0.1526268116,"2":0.3826923077,"3":0.1922110553,"4":0.0606060606,"5":0.2606451613,"6":0.0998030204,"7":0.0816864295,"8":0.2797356828,"9":0.1132075472,"10":0.1141407736,"11":0.1666666667,"12":0.1186206897,"13":0.1398713826,"14":0.0911680912,"15":0.2024193548,"16":0.1286370597,"17":0.1644934804,"18":0.1771300448,"19":0.1157635468,"20":1.0},"soybean_Gmax.la3.HPI3.Chr11.g272420":{"0":0.0058027079,"1":0.0426829268,"2":0.0512820513,"3":0.0576798445,"4":0.0385196375,"5":0.0329411765,"6":0.0343781598,"7":0.0646437995,"8":0.0283641161,"9":0.0485436893,"10":0.0769230769,"11":0.0,"12":0.0319148936,"13":0.0,"14":0.0,"15":0.2,"16":0.0234042553,"17":0.0,"18":0.0,"19":0.0367346939,"20":0.0},"pennycress_Tarv.1014.HPI3.5.g213250":{"0":0.1326530612,"1":0.1435688406,"2":0.1528846154,"3":0.0904522613,"4":0.044077135,"5":0.1225806452,"6":0.0459619173,"7":0.1805006588,"8":0.1453744493,"9":0.0823899371,"10":0.0672162334,"11":0.0333333333,"12":0.0537931034,"13":0.134244373,"14":0.0641025641,"15":0.1524193548,"16":0.0826952527,"17":0.2377131394,"18":0.2533632287,"19":0.0812807882,"20":0.0},"soybean_Gmax.la3.HPI3.Chr05.g096830":{"0":0.0186976144,"1":0.0114329268,"2":0.033530572,"3":0.0537913156,"4":0.0151057402,"5":0.0345098039,"6":0.0222446916,"7":0.0092348285,"8":0.0290237467,"9":0.0177993528,"10":0.0,"11":0.0,"12":0.0212765957,"13":0.0,"14":0.0,"15":0.0,"16":0.0531914894,"17":0.0,"18":0.0,"19":0.0081632653,"20":0.0},"soybean_Gmax.la3.HPI3.Chr04.g083440":{"0":0.003868472,"1":0.0236280488,"2":0.0348454964,"3":0.032404407,"4":0.0173716012,"5":0.0352941176,"6":0.0070778564,"7":0.0052770449,"8":0.0112137203,"9":0.0129449838,"10":0.0,"11":0.0,"12":0.0319148936,"13":0.0,"14":0.0,"15":0.0666666667,"16":0.0042553191,"17":0.04,"18":0.0,"19":0.0040816327,"20":0.0},"soybean_Gmax.la3.HPI3.Chr04.g092570":{"0":0.0025789813,"1":0.0099085366,"2":0.0092044707,"3":0.0084251458,"4":0.0052870091,"5":0.0117647059,"6":0.0192113246,"7":0.0079155673,"8":0.0593667546,"9":0.001618123,"10":0.0,"11":0.0,"12":0.0,"13":0.0,"14":0.0,"15":0.0166666667,"16":0.0170212766,"17":0.0,"18":0.0,"19":0.0612244898,"20":0.1818181818},"arabidopsis_AT3G57040":{"0":0.1647691335,"1":0.1293768546,"2":0.1591472484,"3":0.2498146775,"4":0.1019736842,"5":0.1843971631,"6":0.1216617211,"7":0.1201413428,"8":0.2984293194,"9":0.1330472103,"10":0.1735357918,"11":0.152082076,"12":0.1186440678,"13":0.3631578947,"14":0.1594827586,"15":0.3514492754,"16":0.1,"17":0.4253164557,"18":0.2261484099,"19":0.1125,"20":0.0825},"soybean_Gmax.la3.HPI3.Chr02.g022950":{"0":0.0045132173,"1":0.0083841463,"2":0.0046022354,"3":0.0051847051,"4":0.0098187311,"5":0.0149019608,"6":0.0040444894,"7":0.0250659631,"8":0.0052770449,"9":0.0097087379,"10":0.0,"11":0.0,"12":0.0212765957,"13":0.0,"14":0.0,"15":0.05,"16":0.0127659574,"17":0.0,"18":0.0,"19":0.0081632653,"20":0.0},"arabidopsis_AT1G19050":{"0":0.0072738773,"1":0.024925816,"2":0.0267724343,"3":0.1289844329,"4":0.0060307018,"5":0.0334346505,"6":0.0148367953,"7":0.0088339223,"8":0.0157068063,"9":0.0214592275,"10":0.010845987,"11":0.0114665057,"12":0.0,"13":0.0078947368,"14":0.0129310345,"15":0.018115942,"16":0.0205882353,"17":0.0,"18":0.0176678445,"19":0.025,"20":0.0125},"soybean_Gmax.la3.HPI3.Chr18.g430960":{"0":0.0032237266,"1":0.012195122,"2":0.0059171598,"3":0.0142579391,"4":0.0083081571,"5":0.0141176471,"6":0.0050556117,"7":0.0052770449,"8":0.0026385224,"9":0.0129449838,"10":0.0,"11":0.0,"12":0.0159574468,"13":0.0,"14":0.0,"15":0.0,"16":0.0021276596,"17":0.0,"18":0.0,"19":0.0040816327,"20":0.0},"soybean_Gmax.la3.HPI3.Chr13.g317050":{"0":0.0012894907,"1":0.0030487805,"2":0.0013149244,"3":0.0019442644,"4":0.0075528701,"5":0.0023529412,"6":0.0060667341,"7":0.0131926121,"8":0.0046174142,"9":0.0226537217,"10":0.0769230769,"11":0.0,"12":0.0,"13":0.0,"14":0.0,"15":0.0,"16":0.0042553191,"17":0.04,"18":0.0,"19":0.0040816327,"20":0.0},"pennycress_Tarv.1014.HPI3.7.g295020":{"0":0.0068027211,"1":0.0099637681,"2":0.0432692308,"3":0.0037688442,"4":0.0110192837,"5":0.0438709677,"6":0.014445174,"7":0.022397892,"8":0.045154185,"9":0.0301886792,"10":0.0228281547,"11":0.0,"12":0.0137931034,"13":0.0562700965,"14":0.0341880342,"15":0.0411290323,"16":0.0061255743,"17":0.0641925777,"18":0.0426008969,"19":0.0,"20":0.0},"soybean_Gmax.la3.HPI3.Chr06.g126460":{"0":0.0012894907,"1":0.0007621951,"2":0.0026298488,"3":0.0012961763,"4":0.0,"5":0.0023529412,"6":0.0040444894,"7":0.0,"8":0.0059366755,"9":0.003236246,"10":0.0,"11":0.0,"12":0.0,"13":0.0,"14":0.0,"15":0.0,"16":0.0,"17":0.0,"18":0.0,"19":0.0571428571,"20":0.0},"soybean_Gmax.la3.HPI3.Chr01.g003570":{"0":0.0012894907,"1":0.0076219512,"2":0.0019723866,"3":0.0038885288,"4":0.0075528701,"5":0.0015686275,"6":0.0060667341,"7":0.0085751979,"8":0.0046174142,"9":0.001618123,"10":0.0,"11":0.0,"12":0.0053191489,"13":0.0,"14":0.0,"15":0.0833333333,"16":0.014893617,"17":0.0,"18":0.0,"19":0.0,"20":0.0},