{"arabidopsis_AT1G64370":{"0":0.0177103099,"1":0.0439169139,"2":0.0109072881,"3":0.0185322461,"4":0.0137061404,"5":0.0233029382,"6":0.0237388724,"7":0.0070671378,"8":0.0052356021,"9":0.025751073,"10":0.0086767896,"11":0.0181050091,"12":0.0,"13":0.0210526316,"14":0.025862069,"15":0.0036231884,"16":0.3058823529,"17":0.017721519,"18":0.0176678445,"19":0.05,"20":0.01},"arabidopsis_AT1G67870":{"0":0.0249841872,"1":0.0676557864,"2":0.0257808627,"3":0.0385470719,"4":0.03125,"5":0.040526849,"6":0.0237388724,"7":0.0265017668,"8":0.0209424084,"9":0.017167382,"10":0.0303687636,"11":0.0229330115,"12":0.0,"13":0.0236842105,"14":0.0344827586,"15":0.0253623188,"16":0.4705882353,"17":0.0278481013,"18":0.0318021201,"19":0.0375,"20":0.035},"soybean_Gmax.la3.HPI3.Chr11.g277960":{"0":0.0006447453,"1":0.0228658537,"2":0.0019723866,"3":0.0025923526,"4":0.003776435,"5":0.0039215686,"6":0.0050556117,"7":0.003298153,"8":0.0019788918,"9":0.003236246,"10":0.0,"11":0.0,"12":0.0053191489,"13":0.0,"14":0.0,"15":0.0,"16":0.0468085106,"17":0.0,"18":0.0,"19":0.0040816327,"20":0.0},"pennycress_Tarv.1014.HPI3.4.g147760":{"0":0.0051020408,"1":0.0076992754,"2":0.0,"3":0.0025125628,"4":0.0082644628,"5":0.0012903226,"6":0.007222587,"7":0.0065876153,"8":0.0066079295,"9":0.0031446541,"10":0.0076093849,"11":0.0,"12":0.004137931,"13":0.0080385852,"14":0.0021367521,"15":0.0056451613,"16":0.0076569678,"17":0.0050150451,"18":0.0022421525,"19":0.0024630542,"20":0.0},"pennycress_Tarv.1014.HPI3.4.g132530":{"0":0.1853741497,"1":0.5217391304,"2":0.2288461538,"3":0.2876884422,"4":0.2699724518,"5":0.3070967742,"6":0.3230466185,"7":0.5415019763,"8":0.2962555066,"9":0.3106918239,"10":0.3176918199,"11":0.3666666667,"12":0.2717241379,"13":0.4590032154,"14":0.2955840456,"15":0.4362903226,"16":0.3583460949,"17":0.3941825476,"18":0.3878923767,"19":0.2413793103,"20":0.0},"soybean_Gmax.la3.HPI3.Chr15.g369920":{"0":0.0,"1":0.0,"2":0.0,"3":0.0,"4":0.0,"5":0.0,"6":0.0,"7":0.0,"8":0.0013192612,"9":0.0,"10":0.0,"11":0.0,"12":0.0,"13":0.0,"14":0.0,"15":0.0,"16":0.0,"17":0.0,"18":0.0,"19":0.0,"20":0.0},"arabidopsis_AT3G24280":{"0":0.0,"1":0.0,"2":0.0,"3":0.0,"4":0.0,"5":0.0,"6":0.0,"7":0.0,"8":0.0,"9":0.0,"10":0.0,"11":0.0,"12":0.0,"13":0.0,"14":0.0,"15":0.0,"16":0.0,"17":0.0,"18":0.0,"19":0.0,"20":0.0},"arabidopsis_AT1G44085":{"0":0.0,"1":0.0,"2":0.0,"3":0.0,"4":0.0,"5":0.0,"6":0.0,"7":0.0,"8":0.0,"9":0.0,"10":0.0,"11":0.0,"12":0.0,"13":0.0,"14":0.0,"15":0.0,"16":0.0,"17":0.0,"18":0.0,"19":0.0,"20":0.0},"pennycress_Tarv.1014.HPI3.1.g012640":{"0":0.0,"1":0.0,"2":0.0,"3":0.0,"4":0.0,"5":0.0,"6":0.0,"7":0.0,"8":0.0,"9":0.0,"10":0.0,"11":0.0,"12":0.0,"13":0.0,"14":0.0,"15":0.0,"16":0.0,"17":0.0,"18":0.0,"19":0.0,"20":0.0},"soybean_Gmax.la3.HPI3.Chr10.g241270":{"0":0.0006447453,"1":0.0099085366,"2":0.0026298488,"3":0.0032404407,"4":0.000755287,"5":0.0015686275,"6":0.0020222447,"7":0.0006596306,"8":0.0013192612,"9":0.0,"10":0.0,"11":0.0,"12":0.0,"13":0.0,"14":0.0,"15":0.0,"16":0.0425531915,"17":0.0,"18":0.0,"19":0.0,"20":0.0},"pennycress_Tarv.1014.HPI3.2.g091780":{"0":0.0,"1":0.0004528986,"2":0.0,"3":0.0,"4":0.0,"5":0.0,"6":0.0,"7":0.0,"8":0.0,"9":0.0006289308,"10":0.0,"11":0.0,"12":0.0,"13":0.0,"14":0.0,"15":0.0,"16":0.0045941807,"17":0.0,"18":0.0,"19":0.0,"20":0.0},"pennycress_Tarv.1014.HPI3.7.g303700":{"0":0.0,"1":0.0004528986,"2":0.0,"3":0.0,"4":0.0,"5":0.0,"6":0.0,"7":0.0,"8":0.0,"9":0.0,"10":0.0,"11":0.0,"12":0.0,"13":0.0,"14":0.0,"15":0.0,"16":0.0076569678,"17":0.0,"18":0.0,"19":0.0,"20":0.0},"soybean_Gmax.la3.HPI3.Chr11.g277970":{"0":0.0006447453,"1":0.0007621951,"2":0.0,"3":0.0006480881,"4":0.000755287,"5":0.0,"6":0.0,"7":0.0,"8":0.0006596306,"9":0.0,"10":0.0,"11":0.0,"12":0.0,"13":0.0,"14":0.0,"15":0.0,"16":0.0106382979,"17":0.0,"18":0.0,"19":0.0,"20":0.0},"soybean_Gmax.la3.HPI3.Chr20.g489280":{"0":0.0,"1":0.0007621951,"2":0.0,"3":0.0006480881,"4":0.0,"5":0.0,"6":0.0010111223,"7":0.0,"8":0.0,"9":0.0,"10":0.0,"11":0.0,"12":0.0,"13":0.0,"14":0.0,"15":0.0,"16":0.0127659574,"17":0.0,"18":0.0,"19":0.0,"20":0.0},"soybean_Gmax.la3.HPI3.Chr15.g367550":{"0":0.0,"1":0.0030487805,"2":0.0013149244,"3":0.0006480881,"4":0.000755287,"5":0.0,"6":0.0,"7":0.0006596306,"8":0.0006596306,"9":0.0,"10":0.0,"11":0.0,"12":0.0,"13":0.0,"14":0.0,"15":0.0,"16":0.0127659574,"17":0.0,"18":0.0,"19":0.0,"20":0.0},"soybean_Gmax.la3.HPI3.Chr18.g421290":{"0":0.001934236,"1":0.0594512195,"2":0.0039447732,"3":0.0149060272,"4":0.003776435,"5":0.0149019608,"6":0.0070778564,"7":0.0046174142,"8":0.0079155673,"9":0.0064724919,"10":0.0769230769,"11":0.0,"12":0.0,"13":0.0,"14":0.0,"15":0.0166666667,"16":0.1234042553,"17":0.0,"18":0.0,"19":0.0,"20":0.0},"arabidopsis_AT2G04063":{"0":0.0,"1":0.0,"2":0.0,"3":0.0,"4":0.0,"5":0.0,"6":0.0,"7":0.0,"8":0.0,"9":0.0,"10":0.0,"11":0.0,"12":0.0,"13":0.0,"14":0.0,"15":0.0,"16":0.0,"17":0.0,"18":0.0,"19":0.0,"20":0.0},"soybean_Gmax.la3.HPI3.Chr12.g293880":{"0":0.0,"1":0.0015243902,"2":0.0,"3":0.0012961763,"4":0.0,"5":0.0,"6":0.0,"7":0.0,"8":0.0006596306,"9":0.0,"10":0.0,"11":0.0,"12":0.0,"13":0.0,"14":0.0,"15":0.0,"16":0.0021276596,"17":0.0,"18":0.0,"19":0.0,"20":0.0},"soybean_Gmax.la3.HPI3.Chr15.g360130":{"0":0.0,"1":0.0007621951,"2":0.0039447732,"3":0.0006480881,"4":0.000755287,"5":0.0047058824,"6":0.0,"7":0.0,"8":0.0026385224,"9":0.0,"10":0.0,"11":0.0,"12":0.0,"13":0.0,"14":0.0,"15":0.0,"16":0.0,"17":0.0,"18":0.0,"19":0.0,"20":0.0},"pennycress_Tarv.1014.HPI3.2.g065240":{"0":0.1207482993,"1":0.1752717391,"2":0.0480769231,"3":0.0489949749,"4":0.0771349862,"5":0.0890322581,"6":0.0636900854,"7":0.2397891963,"8":0.0396475771,"9":0.1113207547,"10":0.0500951173,"11":0.1333333333,"12":0.0593103448,"13":0.1776527331,"14":0.0712250712,"15":0.0911290323,"16":0.0535987749,"17":0.2006018054,"18":0.134529148,"19":0.0763546798,"20":0.0},"soybean_Gmax.la3.HPI3.Chr03.g056450":{"0":0.0309477756,"1":0.0038109756,"2":0.0098619329,"3":0.0058327933,"4":0.0045317221,"5":0.0776470588,"6":0.0060667341,"7":0.0085751979,"8":0.0059366755,"9":0.0388349515,"10":0.0,"11":0.0,"12":0.0053191489,"13":0.0,"14":0.0,"15":0.0,"16":0.0319148936,"17":0.0,"18":0.0,"19":0.0408163265,"20":0.1818181818},"pennycress_Tarv.1014.HPI3.3.g116080":{"0":0.0,"1":0.0,"2":0.0,"3":0.0,"4":0.0,"5":0.0,"6":0.0,"7":0.0,"8":0.0,"9":0.0,"10":0.0,"11":0.0,"12":0.0,"13":0.0,"14":0.0,"15":0.0,"16":0.0,"17":0.001003009,"18":0.0,"19":0.0,"20":0.0},"arabidopsis_AT3G29075":{"0":0.0445920304,"1":0.037388724,"2":0.0659395141,"3":0.0318754633,"4":0.0860745614,"5":0.0476190476,"6":0.0385756677,"7":0.1802120141,"8":0.0366492147,"9":0.0772532189,"10":0.0368763557,"11":0.051901026,"12":0.1186440678,"13":0.2421052632,"14":0.0474137931,"15":0.0507246377,"16":0.0558823529,"17":0.2708860759,"18":0.1448763251,"19":0.05,"20":0.0425},"soybean_Gmax.la3.HPI3.Chr13.g322370":{"0":0.0032237266,"1":0.0243902439,"2":0.0118343195,"3":0.0084251458,"4":0.0067975831,"5":0.0274509804,"6":0.0091001011,"7":0.0059366755,"8":0.0092348285,"9":0.0113268608,"10":0.0,"11":0.0,"12":0.0053191489,"13":0.0,"14":0.0,"15":0.0333333333,"16":0.0021276596,"17":0.0,"18":0.0,"19":0.0081632653,"20":0.0}}