{"soybean_Gmax.la3.HPI3.Chr02.g034010":{"0":0.5512572534,"1":0.0830792683,"2":0.3057199211,"3":0.2145171743,"4":0.0574018127,"5":0.1058823529,"6":0.105156724,"7":0.253298153,"8":0.0798153034,"9":0.21197411,"10":0.0769230769,"11":0.1428571429,"12":0.0531914894,"13":0.5,"14":0.0,"15":0.0666666667,"16":0.2340425532,"17":0.12,"18":0.6666666667,"19":0.1428571429,"20":0.4545454545},"arabidopsis_AT1G78000":{"0":0.7251739405,"1":0.4,"2":0.4313336639,"3":0.2023721275,"4":0.1606359649,"5":0.2158054711,"6":0.1691394659,"7":0.332155477,"8":0.1465968586,"9":0.2489270386,"10":0.1496746204,"11":0.6668678334,"12":0.0847457627,"13":0.2236842105,"14":0.1034482759,"15":0.2644927536,"16":0.2735294118,"17":0.4607594937,"18":0.3745583039,"19":0.175,"20":0.1775},"pennycress_Tarv.1014.HPI3.1.g017430":{"0":0.1037414966,"1":0.049365942,"2":0.0173076923,"3":0.0150753769,"4":0.0110192837,"5":0.0051612903,"6":0.0045961917,"7":0.1383399209,"8":0.0099118943,"9":0.0182389937,"10":0.0088776157,"11":0.0,"12":0.0055172414,"13":0.0064308682,"14":0.0078347578,"15":0.0056451613,"16":0.0153139357,"17":0.1444332999,"18":0.033632287,"19":0.0073891626,"20":0.0},"soybean_Gmax.la3.HPI3.Chr15.g358860":{"0":0.2714377821,"1":0.0297256098,"2":0.0420775805,"3":0.0544394038,"4":0.0166163142,"5":0.0211764706,"6":0.0374115268,"7":0.3100263852,"8":0.0296833773,"9":0.1116504854,"10":0.0,"11":0.0,"12":0.0159574468,"13":0.0,"14":0.0,"15":0.0,"16":0.0787234043,"17":0.04,"18":0.3333333333,"19":0.0571428571,"20":0.0909090909},"pennycress_Tarv.1014.HPI3.7.g291700":{"0":0.1717687075,"1":0.0398550725,"2":0.0230769231,"3":0.0150753769,"4":0.0055096419,"5":0.0090322581,"6":0.0151017728,"7":0.0500658762,"8":0.0110132159,"9":0.0522012579,"10":0.0120481928,"11":0.1,"12":0.0096551724,"13":0.0353697749,"14":0.0142450142,"15":0.0120967742,"16":0.0183767228,"17":0.0521564694,"18":0.0538116592,"19":0.0123152709,"20":0.0},"soybean_Gmax.la3.HPI3.Chr03.g061100":{"0":0.057382334,"1":0.0365853659,"2":0.0933596318,"3":0.0887880752,"4":0.0339879154,"5":0.0321568627,"6":0.0364004044,"7":0.0277044855,"8":0.0257255937,"9":0.0355987055,"10":0.0769230769,"11":0.0,"12":0.0478723404,"13":0.0,"14":0.0,"15":0.05,"16":0.0382978723,"17":0.0,"18":0.0,"19":0.0285714286,"20":0.0},"soybean_Gmax.la3.HPI3.Chr10.g231310":{"0":0.0625402966,"1":0.0259146341,"2":0.0618014464,"3":0.129617628,"4":0.0135951662,"5":0.0305882353,"6":0.026289181,"7":0.0323218997,"8":0.0197889182,"9":0.0323624595,"10":0.0,"11":0.0,"12":0.0053191489,"13":0.0,"14":0.0,"15":0.0,"16":0.0234042553,"17":0.0,"18":0.3333333333,"19":0.0326530612,"20":0.0909090909},"soybean_Gmax.la3.HPI3.Chr07.g145590":{"0":0.001934236,"1":0.0114329268,"2":0.003287311,"3":0.0162022035,"4":0.0045317221,"5":0.0031372549,"6":0.0091001011,"7":0.0019788918,"8":0.0178100264,"9":0.003236246,"10":0.0,"11":0.0,"12":0.0053191489,"13":0.0,"14":0.0,"15":0.0,"16":0.2170212766,"17":0.0,"18":0.0,"19":0.0163265306,"20":0.0},"soybean_Gmax.la3.HPI3.Chr08.g187030":{"0":0.0735009671,"1":0.0045731707,"2":0.0105193951,"3":0.0103694102,"4":0.0105740181,"5":0.0031372549,"6":0.0060667341,"7":0.0666226913,"8":0.0059366755,"9":0.0275080906,"10":0.0,"11":0.0,"12":0.0053191489,"13":0.0,"14":0.0,"15":0.0,"16":0.0170212766,"17":0.04,"18":0.0,"19":0.0081632653,"20":0.0},"pennycress_Tarv.1014.HPI3.7.g276440":{"0":0.0051020408,"1":0.0049818841,"2":0.0807692308,"3":0.0012562814,"4":0.0,"5":0.0064516129,"6":0.0019697965,"7":0.0013175231,"8":0.0011013216,"9":0.0044025157,"10":0.0019023462,"11":0.0333333333,"12":0.004137931,"13":0.0024115756,"14":0.0028490028,"15":0.0080645161,"16":0.0,"17":0.001003009,"18":0.0022421525,"19":0.0049261084,"20":0.0},"soybean_Gmax.la3.HPI3.Chr13.g333190":{"0":0.0,"1":0.0091463415,"2":0.0039447732,"3":0.0226830849,"4":0.001510574,"5":0.0039215686,"6":0.0040444894,"7":0.0006596306,"8":0.0039577836,"9":0.001618123,"10":0.0,"11":0.0,"12":0.0,"13":0.0,"14":0.0,"15":0.0,"16":0.1106382979,"17":0.04,"18":0.0,"19":0.0040816327,"20":0.0},"pennycress_Tarv.1014.HPI3.5.g175740":{"0":0.0034013605,"1":0.0022644928,"2":0.0057692308,"3":0.0012562814,"4":0.0,"5":0.0025806452,"6":0.0,"7":0.0026350461,"8":0.0,"9":0.0006289308,"10":0.0006341154,"11":0.0,"12":0.0006896552,"13":0.0,"14":0.0007122507,"15":0.0,"16":0.0153139357,"17":0.0,"18":0.0022421525,"19":0.0024630542,"20":0.0},"pennycress_Tarv.1014.HPI3.6.g240260":{"0":0.0034013605,"1":0.004076087,"2":0.0,"3":0.0351758794,"4":0.0027548209,"5":0.0038709677,"6":0.0006565988,"7":0.0,"8":0.0088105727,"9":0.0,"10":0.0012682308,"11":0.0,"12":0.0027586207,"13":0.0,"14":0.0028490028,"15":0.0064516129,"16":0.010719755,"17":0.0020060181,"18":0.0,"19":0.0024630542,"20":0.0},"soybean_Gmax.la3.HPI3.Chr18.g444870":{"0":0.1096067054,"1":0.0137195122,"2":0.033530572,"3":0.0272197019,"4":0.0158610272,"5":0.017254902,"6":0.0252780586,"7":0.0534300792,"8":0.0191292876,"9":0.0453074434,"10":0.0769230769,"11":0.0,"12":0.0265957447,"13":0.0,"14":0.0,"15":0.0,"16":0.029787234,"17":0.0,"18":0.0,"19":0.012244898,"20":0.0},"soybean_Gmax.la3.HPI3.Chr07.g153640":{"0":0.0090264346,"1":0.0022865854,"2":0.0092044707,"3":0.0479585224,"4":0.003776435,"5":0.0007843137,"6":0.0040444894,"7":0.0171503958,"8":0.0046174142,"9":0.0064724919,"10":0.0,"11":0.0,"12":0.0,"13":0.0,"14":0.0,"15":0.0,"16":0.0021276596,"17":0.0,"18":0.0,"19":0.0040816327,"20":0.0},"pennycress_Tarv.1014.HPI3.6.g235990":{"0":0.0,"1":0.0036231884,"2":0.0038461538,"3":0.0213567839,"4":0.0110192837,"5":0.0012903226,"6":0.0059093894,"7":0.0026350461,"8":0.0077092511,"9":0.0119496855,"10":0.0145846544,"11":0.0,"12":0.0186206897,"13":0.0128617363,"14":0.0113960114,"15":0.0209677419,"16":0.010719755,"17":0.0,"18":0.0044843049,"19":0.0049261084,"20":0.0},"pennycress_Tarv.1014.HPI3.5.g176700":{"0":0.0153061224,"1":0.0407608696,"2":0.1163461538,"3":0.0138190955,"4":0.0358126722,"5":0.0335483871,"6":0.0380827315,"7":0.0144927536,"8":0.0198237885,"9":0.0144654088,"10":0.017121116,"11":0.0333333333,"12":0.1096551724,"13":0.0120578778,"14":0.00997151,"15":0.1459677419,"16":0.0290964778,"17":0.0100300903,"18":0.0134529148,"19":0.0073891626,"20":0.0},"soybean_Gmax.la3.HPI3.Chr19.g459120":{"0":0.0109606705,"1":0.0205792683,"2":0.0236686391,"3":0.0537913156,"4":0.0468277946,"5":0.0164705882,"6":0.0242669363,"7":0.0105540897,"8":0.0336411609,"9":0.0097087379,"10":0.0,"11":0.0,"12":0.0531914894,"13":0.0,"14":0.0,"15":0.05,"16":0.0212765957,"17":0.0,"18":0.0,"19":0.0204081633,"20":0.0},"pennycress_Tarv.1014.HPI3.1.g031020":{"0":0.0,"1":0.0,"2":0.0,"3":0.0025125628,"4":0.0,"5":0.0,"6":0.0,"7":0.0,"8":0.0011013216,"9":0.0,"10":0.0,"11":0.0,"12":0.0,"13":0.0,"14":0.0,"15":0.0,"16":0.0,"17":0.0,"18":0.0,"19":0.0,"20":0.0},"arabidopsis_AT5G13550":{"0":0.1397849462,"1":0.0676557864,"2":0.1294000992,"3":0.1267605634,"4":0.0444078947,"5":0.0749746707,"6":0.0801186944,"7":0.0335689046,"8":0.057591623,"9":0.0643776824,"10":0.0412147505,"11":0.1237175619,"12":0.0169491525,"13":0.0789473684,"14":0.0517241379,"15":0.1050724638,"16":0.0735294118,"17":0.0658227848,"18":0.0671378092,"19":0.0375,"20":0.05},"pennycress_Tarv.1014.HPI3.1.g037480":{"0":0.0510204082,"1":0.066576087,"2":0.0644230769,"3":0.0603015075,"4":0.0247933884,"5":0.12,"6":0.0735390676,"7":0.0342555995,"8":0.0605726872,"9":0.0672955975,"10":0.0494610019,"11":0.1,"12":0.0717241379,"13":0.134244373,"14":0.0698005698,"15":0.0701612903,"16":0.0474732006,"17":0.0401203611,"18":0.0627802691,"19":0.0172413793,"20":0.0},"soybean_Gmax.la3.HPI3.Chr13.g306330":{"0":0.0025789813,"1":0.0022865854,"2":0.0013149244,"3":0.0025923526,"4":0.001510574,"5":0.0007843137,"6":0.0,"7":0.0,"8":0.0019788918,"9":0.001618123,"10":0.0,"11":0.0,"12":0.0,"13":0.0,"14":0.0,"15":0.0,"16":0.129787234,"17":0.0,"18":0.0,"19":0.0040816327,"20":0.0},"arabidopsis_AT5G19600":{"0":0.018342821,"1":0.0569732938,"2":0.0589985126,"3":0.3965900667,"4":0.014254386,"5":0.022289767,"6":0.0474777448,"7":0.0106007067,"8":0.0523560209,"9":0.0214592275,"10":0.0303687636,"11":0.0144840072,"12":0.0,"13":0.0105263158,"14":0.0215517241,"15":0.0144927536,