{"arabidopsis_AT4G13680":{"0":0.0003162555,"1":0.0023738872,"2":0.0,"3":0.0007412898,"4":0.0016447368,"5":0.0020263425,"6":0.0,"7":0.0,"8":0.0,"9":0.0,"10":0.0021691974,"11":0.0,"12":0.0,"13":0.0,"14":0.0,"15":0.0,"16":0.0,"17":0.0,"18":0.0,"19":0.0,"20":0.03},"pennycress_Tarv.1014.HPI3.1.g009300":{"0":0.0017006803,"1":0.0013586957,"2":0.0009615385,"3":0.0,"4":0.0027548209,"5":0.0,"6":0.0032829941,"7":0.0,"8":0.0033039648,"9":0.0006289308,"10":0.0025364616,"11":0.0,"12":0.0034482759,"13":0.0032154341,"14":0.0078347578,"15":0.0024193548,"16":0.0030627871,"17":0.0,"18":0.0,"19":0.0,"20":0.0},"arabidopsis_AT5G52930":{"0":0.0003162555,"1":0.0,"2":0.0,"3":0.0,"4":0.0,"5":0.0,"6":0.0,"7":0.0,"8":0.0,"9":0.0042918455,"10":0.0,"11":0.0012070006,"12":0.0,"13":0.0,"14":0.0043103448,"15":0.0,"16":0.0,"17":0.0,"18":0.0,"19":0.0,"20":0.0},"pennycress_Tarv.1014.HPI3.1.g007440":{"0":0.0,"1":0.0009057971,"2":0.0,"3":0.0,"4":0.0,"5":0.0,"6":0.0,"7":0.0,"8":0.0,"9":0.0006289308,"10":0.0006341154,"11":0.0,"12":0.0006896552,"13":0.0,"14":0.0014245014,"15":0.0,"16":0.0,"17":0.0020060181,"18":0.0,"19":0.0,"20":0.0},"arabidopsis_AT5G52940":{"0":0.0,"1":0.0,"2":0.0,"3":0.0007412898,"4":0.0,"5":0.0,"6":0.0,"7":0.0,"8":0.0,"9":0.0,"10":0.0,"11":0.0,"12":0.0,"13":0.0,"14":0.0043103448,"15":0.0,"16":0.0,"17":0.0,"18":0.0035335689,"19":0.0,"20":0.0},"pennycress_Tarv.1014.HPI3.5.g218540":{"0":0.0,"1":0.0009057971,"2":0.0,"3":0.0,"4":0.0,"5":0.0,"6":0.0,"7":0.0,"8":0.0,"9":0.0012578616,"10":0.0,"11":0.0,"12":0.0006896552,"13":0.0,"14":0.0014245014,"15":0.0008064516,"16":0.0,"17":0.0,"18":0.0022421525,"19":0.0,"20":0.0},"arabidopsis_AT5G54550":{"0":0.0,"1":0.0,"2":0.0,"3":0.0,"4":0.0005482456,"5":0.0,"6":0.0,"7":0.0,"8":0.0,"9":0.0,"10":0.0,"11":0.0,"12":0.0,"13":0.0026315789,"14":0.0,"15":0.0,"16":0.0,"17":0.0,"18":0.0,"19":0.0,"20":0.0},"pennycress_Tarv.1014.HPI3.5.g182520":{"0":0.0,"1":0.0004528986,"2":0.0019230769,"3":0.0012562814,"4":0.0,"5":0.0,"6":0.0006565988,"7":0.0,"8":0.0,"9":0.0,"10":0.0,"11":0.0,"12":0.0,"13":0.001607717,"14":0.0,"15":0.0,"16":0.0,"17":0.0,"18":0.0,"19":0.0,"20":0.0},"pennycress_Tarv.1014.HPI3.1.g009360":{"0":0.0,"1":0.0,"2":0.0,"3":0.0,"4":0.0,"5":0.0,"6":0.0,"7":0.0,"8":0.0,"9":0.0,"10":0.0,"11":0.0,"12":0.0,"13":0.0,"14":0.0,"15":0.0,"16":0.0,"17":0.0,"18":0.0,"19":0.0,"20":0.0},"arabidopsis_AT1G30160":{"0":0.0003162555,"1":0.0,"2":0.0004957858,"3":0.0,"4":0.0005482456,"5":0.0010131712,"6":0.0,"7":0.0035335689,"8":0.0,"9":0.0,"10":0.0,"11":0.0,"12":0.0,"13":0.0,"14":0.0,"15":0.0,"16":0.0,"17":0.0,"18":0.0,"19":0.0,"20":0.0},"arabidopsis_AT5G55270":{"0":0.0,"1":0.0,"2":0.0,"3":0.0,"4":0.0,"5":0.0,"6":0.0,"7":0.0,"8":0.0,"9":0.0,"10":0.0,"11":0.0,"12":0.0,"13":0.0,"14":0.0,"15":0.0,"16":0.0,"17":0.0,"18":0.0,"19":0.0,"20":0.0},"arabidopsis_AT1G05540":{"0":0.0,"1":0.0,"2":0.0004957858,"3":0.0,"4":0.0,"5":0.0,"6":0.0,"7":0.0,"8":0.0,"9":0.0042918455,"10":0.0,"11":0.0,"12":0.0,"13":0.0,"14":0.0043103448,"15":0.0,"16":0.0,"17":0.0,"18":0.0070671378,"19":0.0,"20":0.0},"arabidopsis_AT5G55880":{"0":0.0,"1":0.0,"2":0.0,"3":0.0,"4":0.0,"5":0.0,"6":0.0,"7":0.0,"8":0.0,"9":0.0,"10":0.0,"11":0.0,"12":0.0,"13":0.0,"14":0.0,"15":0.0,"16":0.0,"17":0.0,"18":0.0,"19":0.0,"20":0.0},"pennycress_Tarv.1014.HPI3.6.g247520":{"0":0.0,"1":0.0,"2":0.0,"3":0.0,"4":0.0,"5":0.0,"6":0.0,"7":0.0,"8":0.0,"9":0.0,"10":0.0,"11":0.0,"12":0.0,"13":0.0,"14":0.0,"15":0.0,"16":0.0,"17":0.0,"18":0.0,"19":0.0,"20":0.0},"pennycress_Tarv.1014.HPI3.1.g008480":{"0":0.0,"1":0.0,"2":0.0,"3":0.0,"4":0.0,"5":0.0,"6":0.0,"7":0.0,"8":0.0,"9":0.0,"10":0.0,"11":0.0,"12":0.0,"13":0.0,"14":0.0,"15":0.0,"16":0.0,"17":0.0,"18":0.0,"19":0.0,"20":0.0},"arabidopsis_AT5G54330":{"0":0.0,"1":0.0,"2":0.0,"3":0.0,"4":0.0,"5":0.0,"6":0.0,"7":0.0,"8":0.0,"9":0.0,"10":0.0,"11":0.0,"12":0.0,"13":0.0,"14":0.0,"15":0.0,"16":0.0,"17":0.0,"18":0.0,"19":0.0,"20":0.0},"arabidopsis_AT5G54420":{"0":0.0,"1":0.0,"2":0.0,"3":0.0,"4":0.0,"5":0.0,"6":0.0,"7":0.0,"8":0.0,"9":0.0,"10":0.0,"11":0.0,"12":0.0,"13":0.0,"14":0.0,"15":0.0,"16":0.0,"17":0.0,"18":0.0,"19":0.0,"20":0.0},"pennycress_Tarv.1014.HPI3.1.g009330":{"0":0.0,"1":0.0,"2":0.0,"3":0.0,"4":0.0,"5":0.0,"6":0.0,"7":0.0,"8":0.0,"9":0.0,"10":0.0,"11":0.0,"12":0.0,"13":0.0,"14":0.0,"15":0.0,"16":0.0,"17":0.0,"18":0.0,"19":0.0,"20":0.0},"arabidopsis_AT5G54320":{"0":0.0,"1":0.0,"2":0.0,"3":0.0,"4":0.0,"5":0.0,"6":0.0,"7":0.0,"8":0.0,"9":0.0,"10":0.0,"11":0.0,"12":0.0,"13":0.0,"14":0.0,"15":0.0,"16":0.0,"17":0.0,"18":0.0,"19":0.0,"20":0.0},"pennycress_Tarv.1014.HPI3.6.g247730":{"0":0.0,"1":0.0,"2":0.0,"3":0.0,"4":0.0,"5":0.0,"6":0.0,"7":0.0,"8":0.0,"9":0.0,"10":0.0,"11":0.0,"12":0.0,"13":0.0,"14":0.0,"15":0.0,"16":0.0,"17":0.0,"18":0.0,"19":0.0,"20":0.0},"pennycress_Tarv.1014.HPI3.2.g073670":{"0":0.0,"1":0.0004528986,"2":0.0,"3":0.0,"4":0.0,"5":0.0,"6":0.0,"7":0.0,"8":0.0,"9":0.0,"10":0.0,"11":0.0,"12":0.0,"13":0.0,"14":0.0,"15":0.0008064516,"16":0.0,"17":0.0,"18":0.0,"19":0.0024630542,"20":0.0},"pennycress_Tarv.1014.HPI3.1.g007420":{"0":0.0,"1":0.0,"2":0.0,"3":0.0,"4":0.0,"5":0.0,"6":0.0,"7":0.0,"8":0.0,"9":0.0,"10":0.0006341154,"11":0.0,"12":0.0,"13":0.0,"14":0.0007122507,"15":0.0,"16":0.0,"17":0.0,"18":0.0,"19":0.0,"20":0.0},"arabidopsis_AT5G55890":{"0":0.0,"1":0.0,"2":0.0,"3":0.0,"4":0.0,"5":0.0,"6":0.0,"7":0.0,"8":0.0,"9":0.0,"10":0.0,"11":0.0,"12":0.0,"13":0.0,"14":0.0,"15":0.0,"16":0.0,"17":0.0,"18":0.0,"19":0.0,"20":0.0},"arabidopsis_AT5G53240":{"0":0.0,"1":0.0,"2":0.0,"3":0.0,"4":0.0,"5":0.0,"6":0.0,"7":0.0,"8":0.0,"9":0.0,"10":0.0,"11":0.0,"12":0.0,"13":0.0,"14":0.0,"15":0.0,"16":0.0,"17":0.0,"18":0.0,"19":0.0,"20":0.0},"pennycress_Tarv.1014.HPI3.1.g009400":{"0":0.0,"1":0.0,"2":0.0,"3":0.0,"4":0.0,"5":0.0,"6":0.0,"7":0.0,"8":0.0,"9":0.0,"10":0.0,"11":0.0,"12":0.0,"13":0.0,"14":0.0,"15":0.0,"16":0.0,"17":0.0,"18":0.0,"19":0.0,"20":0.0},"pennycress_Tarv.1014.HPI3.5.g182500":{"0":0.0,"1":0.0,"2":0.0,"3":0.0,"4":0.0,"5":0.0,"6":0.0,"7":0.0,"8":0.0,"9":0.0,"10":0.0,"11":0.0,"12":0.0,"13":0.0,"14":0.0,"15":0.0,"16":0.0,"17":0.0,"18":0.0,"19":0.0,"20":0.0},"arabidopsis_AT5G54450":{"0":0.0,"1":0.0,"2":0.0,"3":0.0,"4":0.0,"5":0.0,"6":0.0,"7":0.0,"8":0.0,"9":0.0,"10":0.0,"11":0.0,"12":0.0,"13":0.0,"14":0.0,"15":0.0,"16":0.0,"17":0.0,"18":0.0,"19":0.0,"20":0.0},"pennycress_Tarv.1014.HPI3.1.g009370":{"0":0.0,"1":0.0,"2":0.0,"3":0.0,"4":0.0,"5":0.0,"6":0.0,"7":0.0,"8":0.0,"9":0.0,"10":0.0,"11":0.0,"12":0.0,"13":0.0,"14":0.0,"15":0.0,"16":0.0,"17":0.0,"18":0.0,"19":0.0,"20":0.0},"pennycress_Tarv.1014.HPI3.1.g009340":{"0":0.0,"1":0.0,"2":0.0,"3":0.0,"4":0.0,"5":0.0,"6":0.0,"7":0.0,"8":0.0,"9":0.0,"10":0.0,"11":0.0,"12":0.0,"13":0.0,"14":0.0,"15":0.0,"16":0.0,"17":0.0,"18":0.0,"19":0.0,"20":0.0},"arabidopsis_AT1G30170":{"0":0.0,"1":0.0,"2":0.0,"3":0.0,"4":0.0,"5":0.0,"6":0.0,"7":0.0,"8":0.0,"9":0.0,"10":0.0,"11":0.0,"12":0.0,"13":0.0,"14":0.0,"15":0.0,"16":0.0,"17":0.0,"18":0.0,"19":0.0,"20":0.0},"arabidopsis_AT1G05550":{"0":0.0,"1":0.0,"2":0.0,"3":0.0,"4":0.0,"5":0.0,"6":0.0,"7":0.0,"8":0.0,"9":0.0,"10":0.0,"11":0.0,"12":0.0,"13":0.0,"14":0.0,"15":0.0,"16":0.0,"17":0.0,"18":0.0,"19":0.0,"20":0.0},"pennycress_Tarv.1014.HPI3.3.g125550":{"0":0.0,"1":0.0,"2":0.0,"3":0.0,"4":0.0,"5":0.0,"6":0.0,"7":0.0,"8":0.0,"9":0.0,"10":0.0,"11":0.0,"12":0.0,"13":0.0,"14":0.0,"15":0.0,"16":0.0,"17":0.0,"18":0.0,"19":0.0,"20":0.0},"pennycress_Tarv.1014.HPI3.5.g182510":{"0":0.0,"1":0.0,"2":0.0,"3":0.0,"4":0.0,"5":0.0,"6":0.0,"7":0.0,"8":0.0,"9":0.0,"10":0.0,"11":0.0,"12":0.0,"13":0.0,"14":0.0,"15":0.0,"16":0.0,"17":0.0,"18":0.0,"19":0.0,"20":0.0},"pennycress_Tarv.1014.HPI3.5.g218530":{"0":0.0,"1":0.0,"2":0.0,"3":0.0,"4":0.0,"5":0.0,"6":0.0,"7":0.0,"8":0.0,"9":0.0,"10":0.0,"11":0.0,"12":0.0,"13":0.0,"14":0.0,"15":0.0,"16":0.0,"17":0.0,"18":0.0,"19":0.0,"20":0.0},"pennycress_Tarv.1014.HPI3.7.g307930":{"0":0.0,"1":0.0,"2":0.0,"3":0.0,"4":0.0,"5":0.0,"6":0.0,"7":0.0,"8":0.0,"9":0.0,"10":0.0,"11":0.0,"12":0.0,"13":0.0,"14":0.0,"15":0.0,"16":0.0,"17":0.0,"18":0.0,"19":0.0,"20":0.0},