{"soybean_Gmax.la3.HPI3.Chr10.g230930":{"0":0.0225660864,"1":0.0594512195,"2":0.0315581854,"3":0.02786779,"4":0.0211480363,"5":0.0180392157,"6":0.0202224469,"7":0.6220316623,"8":0.0244063325,"9":0.0258899676,"10":0.0,"11":0.0,"12":0.0106382979,"13":0.0,"14":0.0,"15":0.0333333333,"16":0.0255319149,"17":0.56,"18":0.0,"19":0.0367346939,"20":0.0909090909},"arabidopsis_AT3G63080":{"0":0.1587602783,"1":0.0818991098,"2":0.1373326723,"3":0.0659747961,"4":0.0877192982,"5":0.0861195542,"6":0.0771513353,"7":0.1272084806,"8":0.0837696335,"9":0.0772532189,"10":0.0694143167,"11":0.1436330718,"12":0.1186440678,"13":0.1894736842,"14":0.125,"15":0.1739130435,"16":0.0470588235,"17":0.2632911392,"18":0.1130742049,"19":0.05,"20":0.0725},"soybean_Gmax.la3.HPI3.Chr02.g034370":{"0":0.029658285,"1":0.0617378049,"2":0.0170940171,"3":0.032404407,"4":0.0158610272,"5":0.0141176471,"6":0.0141557128,"7":0.5415567282,"8":0.0178100264,"9":0.0210355987,"10":0.0,"11":0.0,"12":0.0212765957,"13":0.0,"14":0.0,"15":0.0166666667,"16":0.0340425532,"17":0.24,"18":0.0,"19":0.0163265306,"20":0.0},"arabidopsis_AT2G31570":{"0":0.3010752688,"1":0.1353115727,"2":0.1809618245,"3":0.0607857672,"4":0.079495614,"5":0.1155015198,"6":0.0504451039,"7":0.2508833922,"8":0.0628272251,"9":0.1201716738,"10":0.0737527115,"11":0.2782136391,"12":0.0847457627,"13":0.1631578947,"14":0.1163793103,"15":0.3152173913,"16":0.0970588235,"17":0.3240506329,"18":0.2826855124,"19":0.2125,"20":0.155},"soybean_Gmax.la3.HPI3.Chr08.g173990":{"0":0.0741457124,"1":0.099847561,"2":0.0433925049,"3":0.0388852884,"4":0.0339879154,"5":0.0407843137,"6":0.0333670374,"7":0.2091029024,"8":0.0283641161,"9":0.0469255663,"10":0.0,"11":0.1428571429,"12":0.0372340426,"13":0.0,"14":0.0,"15":0.05,"16":0.0382978723,"17":0.12,"18":0.0,"19":0.0163265306,"20":0.0},"pennycress_Tarv.1014.HPI3.7.g288110":{"0":0.0102040816,"1":0.0095108696,"2":0.0105769231,"3":0.0037688442,"4":0.0,"5":0.0012903226,"6":0.0026263953,"7":0.0158102767,"8":0.0055066079,"9":0.0025157233,"10":0.003170577,"11":0.0,"12":0.0020689655,"13":0.0064308682,"14":0.0007122507,"15":0.0080645161,"16":0.0045941807,"17":0.0471414243,"18":0.0224215247,"19":0.0049261084,"20":0.0},"pennycress_Tarv.1014.HPI3.3.g108660":{"0":0.0918367347,"1":0.0928442029,"2":0.0836538462,"3":0.0703517588,"4":0.0716253444,"5":0.0696774194,"6":0.0820748523,"7":0.0619235837,"8":0.0495594714,"9":0.0308176101,"10":0.0608750793,"11":0.0666666667,"12":0.1303448276,"13":0.0458199357,"14":0.047008547,"15":0.0887096774,"16":0.0597243492,"17":0.0421263791,"18":0.0627802691,"19":0.0541871921,"20":0.0},"arabidopsis_AT5G40370":{"0":0.0569259962,"1":0.0617210682,"2":0.0371839365,"3":0.04744255,"4":0.0762061404,"5":0.0212765957,"6":0.0296735905,"7":0.0565371025,"8":0.0314136126,"9":0.0557939914,"10":0.0347071584,"11":0.0301750151,"12":0.0169491525,"13":0.0368421053,"14":0.0431034483,"15":0.0326086957,"16":0.1147058824,"17":0.0329113924,"18":0.0318021201,"19":0.05,"20":0.0725},"pennycress_Tarv.1014.HPI3.3.g128110":{"0":0.0340136054,"1":0.0412137681,"2":0.0442307692,"3":0.0540201005,"4":0.0358126722,"5":0.0309677419,"6":0.036112935,"7":0.0250329381,"8":0.0660792952,"9":0.0490566038,"10":0.0545339252,"11":0.0,"12":0.0406896552,"13":0.0490353698,"14":0.0584045584,"15":0.0540322581,"16":0.067381317,"17":0.0501504514,"18":0.0381165919,"19":0.0320197044,"20":1.0},"pennycress_Tarv.1014.HPI3.2.g090740":{"0":0.0085034014,"1":0.0226449275,"2":0.0048076923,"3":0.0238693467,"4":0.0137741047,"5":0.0038709677,"6":0.0321733421,"7":0.0,"8":0.0176211454,"9":0.013836478,"10":0.017121116,"11":0.0,"12":0.0213793103,"13":0.0136655949,"14":0.0220797721,"15":0.0080645161,"16":0.0091883614,"17":0.0040120361,"18":0.0067264574,"19":0.0073891626,"20":0.0},"pennycress_Tarv.1014.HPI3.3.g122890":{"0":0.0068027211,"1":0.0258152174,"2":0.0115384615,"3":0.0150753769,"4":0.0220385675,"5":0.0180645161,"6":0.0295469468,"7":0.0158102767,"8":0.013215859,"9":0.0169811321,"10":0.0367786937,"11":0.0,"12":0.0337931034,"13":0.0281350482,"14":0.0356125356,"15":0.0282258065,"16":0.0122511485,"17":0.0230692076,"18":0.0112107623,"19":0.0073891626,"20":0.0},"arabidopsis_AT2G43350":{"0":0.0240354206,"1":0.0237388724,"2":0.0421417947,"3":0.0163083766,"4":0.0581140351,"5":0.0233029382,"6":0.0296735905,"7":0.0229681979,"8":0.0314136126,"9":0.0515021459,"10":0.021691974,"11":0.0223295112,"12":0.0338983051,"13":0.0710526316,"14":0.0301724138,"15":0.0362318841,"16":0.0176470588,"17":0.0303797468,"18":0.0247349823,"19":0.0125,"20":0.0475},"arabidopsis_AT1G63460":{"0":0.0294117647,"1":0.0231454006,"2":0.0163609321,"3":0.0103780578,"4":0.0471491228,"5":0.0182370821,"6":0.0059347181,"7":0.035335689,"8":0.0523560209,"9":0.0300429185,"10":0.0151843818,"11":0.0265540133,"12":0.0169491525,"13":0.0526315789,"14":0.0387931034,"15":0.0289855072,"16":0.0088235294,"17":0.0405063291,"18":0.0176678445,"19":0.0125,"20":0.01},"soybean_Gmax.la3.HPI3.Chr08.g170810":{"0":0.0361057382,"1":0.006097561,"2":0.0157790927,"3":0.0168502916,"4":0.0120845921,"5":0.0117647059,"6":0.0060667341,"7":0.0098944591,"8":0.0065963061,"9":0.0097087379,"10":0.0,"11":0.0,"12":0.0053191489,"13":0.0,"14":0.0,"15":0.0,"16":0.029787234,"17":0.0,"18":0.0,"19":0.0,"20":0.0},"arabidopsis_AT2G48150":{"0":0.0015812777,"1":0.0017804154,"2":0.0024789291,"3":0.0,"4":0.0010964912,"5":0.0,"6":0.0,"7":0.0017667845,"8":0.0,"9":0.017167382,"10":0.0021691974,"11":0.0012070006,"12":0.0,"13":0.0,"14":0.0,"15":0.0,"16":0.0,"17":0.0,"18":0.0,"19":0.0,"20":0.0},"soybean_Gmax.la3.HPI3.Chr19.g458720":{"0":0.027724049,"1":0.0083841463,"2":0.0184089415,"3":0.0226830849,"4":0.0067975831,"5":0.0188235294,"6":0.0222446916,"7":0.0244063325,"8":0.0283641161,"9":0.0194174757,"10":0.0,"11":0.0,"12":0.0053191489,"13":0.0,"14":0.0,"15":0.0,"16":0.0127659574,"17":0.04,"18":0.3333333333,"19":0.0326530612,"20":0.1818181818}}