{"soybean_Gmax.la3.HPI3.Chr05.g097850":{"0":0.3397807866,"1":0.3231707317,"2":0.4365548981,"3":0.3357096565,"4":0.168429003,"5":0.4054901961,"6":0.2113245703,"7":0.3311345646,"8":0.3073878628,"9":0.2330097087,"10":0.0769230769,"11":0.4285714286,"12":0.1276595745,"13":0.0,"14":0.0,"15":0.45,"16":0.214893617,"17":0.16,"18":0.3333333333,"19":0.2897959184,"20":0.0},"pennycress_Tarv.1014.HPI3.1.g042430":{"0":0.0901360544,"1":0.2875905797,"2":0.0855769231,"3":0.1256281407,"4":0.1680440771,"5":0.1303225806,"6":0.1641497045,"7":0.1712779974,"8":0.0947136564,"9":0.1044025157,"10":0.142675967,"11":0.0666666667,"12":0.1048275862,"13":0.1599678457,"14":0.108974359,"15":0.1427419355,"16":0.1470137825,"17":0.0621865597,"18":0.0852017937,"19":0.0985221675,"20":0.0},"pennycress_Tarv.1014.HPI3.5.g214250":{"0":0.1173469388,"1":0.2730978261,"2":0.175,"3":0.2047738693,"4":0.1239669421,"5":0.1987096774,"6":0.2409717663,"7":0.0737812912,"8":0.1751101322,"9":0.172327044,"10":0.2802790108,"11":0.0333333333,"12":0.275862069,"13":0.1471061093,"14":0.1759259259,"15":0.3806451613,"16":0.3277182236,"17":0.0892678034,"18":0.1255605381,"19":0.1133004926,"20":0.0},"pennycress_Tarv.1014.HPI3.1.g037490":{"0":0.2142857143,"1":0.205615942,"2":0.2048076923,"3":0.1896984925,"4":0.1542699725,"5":0.1806451613,"6":0.2219304005,"7":0.117259552,"8":0.2246696035,"9":0.1924528302,"10":0.2244768548,"11":0.1333333333,"12":0.2689655172,"13":0.2419614148,"14":0.2507122507,"15":0.2588709677,"16":0.269525268,"17":0.1614844534,"18":0.2488789238,"19":0.0812807882,"20":0.0},"arabidopsis_AT1G09570":{"0":0.0648323846,"1":0.0611275964,"2":0.0892414477,"3":0.0607857672,"4":0.1376096491,"5":0.0567375887,"6":0.0830860534,"7":0.0406360424,"8":0.0837696335,"9":0.1030042918,"10":0.1171366594,"11":0.0772480386,"12":0.2372881356,"13":0.0657894737,"14":0.0560344828,"15":0.0905797101,"16":0.1264705882,"17":0.0481012658,"18":0.038869258,"19":0.0875,"20":0.03},"arabidopsis_AT5G49800":{"0":0.0082226439,"1":0.0166172107,"2":0.0530490828,"3":0.0118606375,"4":0.0246710526,"5":0.0364741641,"6":0.0118694362,"7":0.0141342756,"8":0.0837696335,"9":0.008583691,"10":0.1193058568,"11":0.0289680145,"12":0.1186440678,"13":0.0289473684,"14":0.0043103448,"15":0.0942028986,"16":0.0088235294,"17":0.0075949367,"18":0.2049469965,"19":0.075,"20":0.0025},"soybean_Gmax.la3.HPI3.Chr13.g316850":{"0":0.2817537073,"1":0.0365853659,"2":0.0979618672,"3":0.0816591056,"4":0.0506042296,"5":0.0635294118,"6":0.0889787664,"7":0.2058047493,"8":0.0666226913,"9":0.1488673139,"10":0.0769230769,"11":0.1428571429,"12":0.0585106383,"13":0.5,"14":0.0,"15":0.1166666667,"16":0.1063829787,"17":0.24,"18":0.0,"19":0.0979591837,"20":0.3636363636},"soybean_Gmax.la3.HPI3.Chr11.g272540":{"0":0.1914893617,"1":0.0670731707,"2":0.1071663379,"3":0.1211924822,"4":0.1042296073,"5":0.0964705882,"6":0.1536905966,"7":0.1055408971,"8":0.1154353562,"9":0.0760517799,"10":0.1538461538,"11":0.2857142857,"12":0.1329787234,"13":0.0,"14":0.0,"15":0.1333333333,"16":0.1042553191,"17":0.12,"18":0.0,"19":0.1673469388,"20":0.1818181818},"arabidopsis_AT4G18130":{"0":0.0471220746,"1":0.0290801187,"2":0.0352007933,"3":0.0467012602,"4":0.0252192982,"5":0.0202634245,"6":0.0326409496,"7":0.0035335689,"8":0.0209424084,"9":0.025751073,"10":0.0390455531,"11":0.031985516,"12":0.0338983051,"13":0.0315789474,"14":0.0474137931,"15":0.0289855072,"16":0.0294117647,"17":0.0329113924,"18":0.0282685512,"19":0.0125,"20":0.02},"arabidopsis_AT5G35840":{"0":0.0281467426,"1":0.0225519288,"2":0.0406544373,"3":0.0392883617,"4":0.0476973684,"5":0.0334346505,"6":0.0385756677,"7":0.0229681979,"8":0.0366492147,"9":0.0429184549,"10":0.0585683297,"11":0.0325890163,"12":0.0508474576,"13":0.0947368421,"14":0.0732758621,"15":0.0471014493,"16":0.0264705882,"17":0.0607594937,"18":0.0600706714,"19":0.0375,"20":0.025},"arabidopsis_AT2G18790":{"0":0.0578747628,"1":0.0385756677,"2":0.0530490828,"3":0.0518902891,"4":0.0542763158,"5":0.0466058764,"6":0.056379822,"7":0.0724381625,"8":0.0471204188,"9":0.0557939914,"10":0.0694143167,"11":0.051901026,"12":0.0677966102,"13":0.0947368421,"14":0.0431034483,"15":0.0652173913,"16":0.0352941176,"17":0.1392405063,"18":0.0918727915,"19":0.0125,"20":0.0325},"pennycress_Tarv.1014.HPI3.4.g145350":{"0":0.0391156463,"1":0.0475543478,"2":0.0490384615,"3":0.067839196,"4":0.044077135,"5":0.0567741935,"6":0.0492449114,"7":0.023715415,"8":0.0671806167,"9":0.0672955975,"10":0.0583386176,"11":0.0,"12":0.0655172414,"13":0.075562701,"14":0.0598290598,"15":0.1048387097,"16":0.0627871363,"17":0.0190571715,"18":0.0762331839,"19":0.039408867,"20":1.0},"pennycress_Tarv.1014.HPI3.6.g241400":{"0":0.0833333333,"1":0.0774456522,"2":0.0942307692,"3":0.0389447236,"4":0.0247933884,"5":0.0851612903,"6":0.0590938936,"7":0.0395256917,"8":0.0759911894,"9":0.113836478,"10":0.0748256183,"11":0.0333333333,"12":0.0793103448,"13":0.0409967846,"14":0.0455840456,"15":0.1322580645,"16":0.0689127106,"17":0.0320962889,"18":0.0739910314,"19":0.0123152709,"20":0.0},"arabidopsis_AT4G16250":{"0":0.0253004428,"1":0.0213649852,"2":0.0361923649,"3":0.0274277242,"4":0.0323464912,"5":0.0182370821,"6":0.0385756677,"7":0.0035335689,"8":0.0628272251,"9":0.025751073,"10":0.0086767896,"11":0.031985516,"12":0.0847457627,"13":0.0421052632,"14":0.0517241379,"15":0.0326086957,"16":0.0176470588,"17":0.0202531646,"18":0.0247349823,"19":0.0,"20":0.0175},"soybean_Gmax.la3.HPI3.Chr20.g475540":{"0":0.0909090909,"1":0.0800304878,"2":0.0644312952,"3":0.1108230719,"4":0.0558912387,"5":0.0815686275,"6":0.084934277,"7":0.0455145119,"8":0.0613456464,"9":0.0339805825,"10":0.1538461538,"11":0.0,"12":0.079787234,"13":0.0,"14":0.0,"15":0.0666666667,"16":0.0680851064,"17":0.0,"18":0.0,"19":0.0530612245,"20":0.0909090909},"arabidopsis_AT5G13530":{"0":0.0790638836,"1":0.0480712166,"2":0.0664353,"3":0.0615270571,"4":0.0625,"5":0.0597771023,"6":0.059347181,"7":0.0229681979,"8":0.0628272251,"9":0.0600858369,"10":0.0976138829,"11":0.0675920338,"12":0.1016949153,"13":0.1078947368,"14":0.0732758621,"15":0.0688405797,"16":0.0470588235,"17":0.0784810127,"18":0.0565371025,"19":0.0375,"20":0.12},"arabidopsis_AT2G22370":{"0":0.0098039216,"1":0.0083086053,"2":0.0114030739,"3":0.009636768,"4":0.0164473684,"5":0.0060790274,"6":0.0118694362,"7":0.0088339223,"8":0.0052356021,"9":0.0042918455,"10":0.0151843818,"11":0.0102595051,"12":0.0508474576,"13":0.0184210526,"14":0.0344827586,"15":0.0,"16":0.0117647059,"17":0.0227848101,"18":0.0035335689,"19":0.0125,"20":0.0025},"pennycress_Tarv.1014.HPI3.4.g147850":{"0":0.0153061224,"1":0.018115942,"2":0.0240384615,"3":0.0213567839,"4":0.0137741047,"5":0.015483871,"6":0.0275771504,"7":0.0,"8":0.0275330396,"9":0.0182389937,"10":0.031071655,"11":0.0,"12":0.0282758621,"13":0.0120578778,"14":0.0235042735,"15":0.0266129032,"16":0.0612557427,"17":0.0030090271,"18":0.0134529148,"19":0.0049261084,"20":0.0},"pennycress_Tarv.1014.HPI3.2.g070700":{"0":0.0034013605,"1":0.0018115942,"2":0.0038461538,"3":0.0050251256,"4":0.0027548209,"5":0.0038709677,"6":0.0124753775,"7":0.0,"8":0.0055066079,"9":0.0018867925,"10":0.003170577,"11":0.0,"12":0.0068965517,"13":0.0024115756,"14":0.0042735043,"15":0.0024193548,"16":0.0,"17":0.001003009,"18":0.0022421525,"19":0.0,"20":0.0},"pennycress_Tarv.1014.HPI3.3.g094170":{"0":0.0068027211,"1":0.0194746377,"2":0.0096153846,"3":0.0150753769,"4":0.0137741047,"5":0.0116129032,"6":0.0170715693,"7":0.0026350461,"8":0.0099118943,"9":0.0106918239,"10":0.0215599239,"11":0.0333333333,"12":0.0103448276,"13":0.0160771704,"14":0.00997151,"15":0.0274193548,"16":0.0091883614,"17":0.0060180542,"18":0.0044843049,"19":0.0073891626,"20":0.0},"pennycress_Tarv.1014.HPI3.3.g093950":{"0":0.0,"1":0.0036231884,"2":0.0009615385,"3":0.0125628141,"4":0.0165289256,"5":0.0051612903,"6":0.0059093894,"7":0.0,"8":0.0022026432,"9":0.0044025157,"10":0.0069752695,"11":0.0,"12":0.0048275862,"13":0.001607717,"14":0.0028490028,"15":0.0024193548,"16":0.0045941807,"17":0.0,"18":0.0,"19":0.0,"20":0.0},"pennycress_Tarv.1014.HPI3.4.g137620":{"0":0.0051020408,