{"pennycress_Tarv.1014.HPI3.7.g266620":{"0":0.037414966,"1":0.0860507246,"2":0.0769230769,"3":0.1067839196,"4":0.0523415978,"5":0.0941935484,"6":0.1195009849,"7":0.0368906456,"8":0.1365638767,"9":0.0691823899,"10":0.1369689283,"11":0.0333333333,"12":0.1910344828,"13":0.0940514469,"14":0.1032763533,"15":0.2177419355,"16":0.2526799387,"17":0.0591775326,"18":0.0650224215,"19":0.0320197044,"20":1.0},"pennycress_Tarv.1014.HPI3.1.g006070":{"0":0.0136054422,"1":0.0258152174,"2":0.0076923077,"3":0.0125628141,"4":0.0,"5":0.0167741935,"6":0.0203545634,"7":0.0171277997,"8":0.1464757709,"9":0.0125786164,"10":0.0608750793,"11":0.0,"12":0.0075862069,"13":0.0136655949,"14":0.0042735043,"15":0.0056451613,"16":0.0290964778,"17":0.0060180542,"18":0.0067264574,"19":0.0221674877,"20":0.0},"arabidopsis_AT1G75450":{"0":0.0129664769,"1":0.0189910979,"2":0.0158651463,"3":0.0845070423,"4":0.0148026316,"5":0.0476190476,"6":0.0296735905,"7":0.0070671378,"8":0.0732984293,"9":0.017167382,"10":0.0455531453,"11":0.0410380205,"12":0.0,"13":0.0184210526,"14":0.0129310345,"15":0.0326086957,"16":0.0323529412,"17":0.0202531646,"18":0.0636042403,"19":0.0375,"20":0.015},"arabidopsis_AT3G63440":{"0":0.0034788109,"1":0.0178041543,"2":0.0064452157,"3":0.0044477391,"4":0.0043859649,"5":0.0081053698,"6":0.0118694362,"7":0.0,"8":0.0418848168,"9":0.0042918455,"10":0.010845987,"11":0.0030175015,"12":0.0,"13":0.0105263158,"14":0.0086206897,"15":0.0036231884,"16":0.0176470588,"17":0.0050632911,"18":0.0035335689,"19":0.0125,"20":0.01},"pennycress_Tarv.1014.HPI3.7.g294410":{"0":0.0119047619,"1":0.0276268116,"2":0.0884615385,"3":0.0376884422,"4":0.0027548209,"5":0.2232258065,"6":0.0177281681,"7":0.0105401845,"8":0.0198237885,"9":0.020754717,"10":0.0405833862,"11":0.0333333333,"12":0.0137931034,"13":0.0192926045,"14":0.0092592593,"15":0.0387096774,"16":0.0413476263,"17":0.0050150451,"18":0.0246636771,"19":0.0689655172,"20":0.0},"soybean_Gmax.la3.HPI3.Chr04.g077140":{"0":0.0032237266,"1":0.0007621951,"2":0.0006574622,"3":0.0051847051,"4":0.000755287,"5":0.0023529412,"6":0.0080889788,"7":0.0013192612,"8":0.0092348285,"9":0.001618123,"10":0.0,"11":0.0,"12":0.0,"13":0.0,"14":0.0,"15":0.0,"16":0.0021276596,"17":0.0,"18":0.0,"19":0.0040816327,"20":0.0},"arabidopsis_AT5G56970":{"0":0.0006325111,"1":0.0035608309,"2":0.0,"3":0.0007412898,"4":0.0021929825,"5":0.0010131712,"6":0.0,"7":0.0017667845,"8":0.0785340314,"9":0.0,"10":0.0086767896,"11":0.0,"12":0.0,"13":0.0105263158,"14":0.0,"15":0.0036231884,"16":0.0029411765,"17":0.0,"18":0.0,"19":0.0,"20":0.0},"pennycress_Tarv.1014.HPI3.1.g029360":{"0":0.0034013605,"1":0.0013586957,"2":0.0019230769,"3":0.0012562814,"4":0.0,"5":0.0,"6":0.0052527905,"7":0.0039525692,"8":0.0055066079,"9":0.0006289308,"10":0.0044388079,"11":0.0,"12":0.0068965517,"13":0.0,"14":0.0014245014,"15":0.0008064516,"16":0.0,"17":0.0140421264,"18":0.0,"19":0.0,"20":0.0},"soybean_Gmax.la3.HPI3.Chr09.g209950":{"0":0.0032237266,"1":0.0022865854,"2":0.0013149244,"3":0.0006480881,"4":0.002265861,"5":0.0007843137,"6":0.0040444894,"7":0.0039577836,"8":0.003298153,"9":0.0,"10":0.0,"11":0.0,"12":0.0106382979,"13":0.0,"14":0.0,"15":0.0,"16":0.014893617,"17":0.0,"18":0.0,"19":0.0040816327,"20":0.0},"arabidopsis_AT2G41510":{"0":0.0003162555,"1":0.0029673591,"2":0.0004957858,"3":0.0007412898,"4":0.0,"5":0.0010131712,"6":0.0029673591,"7":0.0,"8":0.0,"9":0.0042918455,"10":0.0,"11":0.0006035003,"12":0.0,"13":0.0,"14":0.0,"15":0.0,"16":0.0,"17":0.0,"18":0.0,"19":0.0,"20":0.0},"soybean_Gmax.la3.HPI3.Chr17.g402110":{"0":0.0006447453,"1":0.0015243902,"2":0.0,"3":0.0,"4":0.002265861,"5":0.0023529412,"6":0.0,"7":0.0,"8":0.0079155673,"9":0.0,"10":0.0769230769,"11":0.0,"12":0.0053191489,"13":0.0,"14":0.0,"15":0.0,"16":0.0021276596,"17":0.0,"18":0.0,"19":0.0040816327,"20":0.0},"soybean_Gmax.la3.HPI3.Chr09.g222610":{"0":0.0167633785,"1":0.0022865854,"2":0.0092044707,"3":0.0058327933,"4":0.003776435,"5":0.0047058824,"6":0.0080889788,"7":0.0052770449,"8":0.0052770449,"9":0.0550161812,"10":0.0769230769,"11":0.0,"12":0.0,"13":0.0,"14":0.0,"15":0.0,"16":0.0106382979,"17":0.0,"18":0.0,"19":0.012244898,"20":0.0},"arabidopsis_AT2G19500":{"0":0.0,"1":0.0,"2":0.0,"3":0.0,"4":0.0,"5":0.0,"6":0.0,"7":0.0,"8":0.0,"9":0.0,"10":0.0,"11":0.0,"12":0.0,"13":0.0,"14":0.0,"15":0.0,"16":0.0,"17":0.0,"18":0.0,"19":0.0,"20":0.0},"soybean_Gmax.la3.HPI3.Chr12.g280430":{"0":0.0006447453,"1":0.0007621951,"2":0.0,"3":0.0019442644,"4":0.003776435,"5":0.0023529412,"6":0.0161779575,"7":0.0006596306,"8":0.0,"9":0.0,"10":0.0,"11":0.0,"12":0.0,"13":0.0,"14":0.0,"15":0.0,"16":0.0,"17":0.0,"18":0.0,"19":0.0,"20":0.0},"pennycress_Tarv.1014.HPI3.6.g264690":{"0":0.0,"1":0.0,"2":0.0,"3":0.0,"4":0.0,"5":0.0,"6":0.0,"7":0.0,"8":0.0,"9":0.0,"10":0.0,"11":0.0,"12":0.0,"13":0.0,"14":0.0,"15":0.0,"16":0.0015313936,"17":0.0,"18":0.0,"19":0.0,"20":0.0},"pennycress_Tarv.1014.HPI3.3.g120830":{"0":0.0,"1":0.0,"2":0.0009615385,"3":0.0,"4":0.0,"5":0.0,"6":0.0013131976,"7":0.0,"8":0.0033039648,"9":0.0006289308,"10":0.0,"11":0.0,"12":0.0,"13":0.0,"14":0.0007122507,"15":0.0008064516,"16":0.0,"17":0.0,"18":0.0,"19":0.0,"20":0.0},"arabidopsis_AT5G21482":{"0":0.0006325111,"1":0.0023738872,"2":0.0034705007,"3":0.0037064492,"4":0.0016447368,"5":0.0020263425,"6":0.0148367953,"7":0.0017667845,"8":0.0052356021,"9":0.0042918455,"10":0.0021691974,"11":0.0006035003,"12":0.0,"13":0.0,"14":0.0,"15":0.0,"16":0.0058823529,"17":0.0050632911,"18":0.0,"19":0.0,"20":0.0},"arabidopsis_AT4G29740":{"0":0.031941809,"1":0.0089020772,"2":0.0114030739,"3":0.0059303188,"4":0.0027412281,"5":0.0050658561,"6":0.0118694362,"7":0.0035335689,"8":0.0052356021,"9":0.0042918455,"10":0.0043383948,"11":0.0549185275,"12":0.0,"13":0.0052631579,"14":0.0043103448,"15":0.018115942,"16":0.0117647059,"17":0.0025316456,"18":0.0,"19":0.0125,"20":0.0075},"pennycress_Tarv.1014.HPI3.7.g288440":{"0":0.0017006803,"1":0.0058876812,"2":0.0076923077,"3":0.0125628141,"4":0.0,"5":0.0103225806,"6":0.0052527905,"7":0.0026350461,"8":0.063876652,"9":0.0062893082,"10":0.0088776157,"11":0.0,"12":0.004137931,"13":0.0080385852,"14":0.0064102564,"15":0.0032258065,"16":0.0398162328,"17":0.001003009,"18":0.0022421525,"19":0.0049261084,"20":0.0},"soybean_Gmax.la3.HPI3.Chr13.g328490":{"0":0.0083816892,"1":0.0053353659,"2":0.0072320842,"3":0.0077770577,"4":0.0060422961,"5":0.0062745098,"6":0.0171890799,"7":0.0052770449,"8":0.0079155673,"9":0.0048543689,"10":0.0,"11":0.0,"12":0.0053191489,"13":0.0,"14":0.0,"15":0.0,"16":0.0255319149,"17":0.0,"18":0.0,"19":0.0,"20":0.0},"pennycress_Tarv.1014.HPI3.4.g161630":{"0":0.0153061224,"1":0.0081521739,"2":0.0019230769,"3":0.0012562814,"4":0.0,"5":0.0,"6":0.0019697965,"7":0.0092226614,"8":0.0044052863,"9":0.0905660377,"10":0.003170577,"11":0.0,"12":0.0013793103,"13":0.0032154341,"14":0.0014245014,"15":0.0032258065,"16":0.0,"17":0.0020060181,"18":0.0022421525,"19":0.0049261084,"20":0.0},"soybean_Gmax.la3.HPI3.Chr06.g118450":{"0":0.0006447453,"1":0.0007621951,"2":0.003287311,"3":0.0019442644,"4":0.003776435,"5":0.0007843137,"6":0.0060667341,"7":0.0019788918,"8":0.0,"9":0.003236246,"10":0.0,"11":0.0,"12":0.0053191489,"13":0.0,"14":0.0,"15":0.0,"16":0.0063829787,"17":0.0,"18":0.0,"19":0.0040816327,"20":0.0},"soybean_Gmax.la3.HPI3.Chr15.g369800":{"0":0.0,"1":0.0007621951,"2":0.0013149244,"3":0.0012961763,"4":0.0,"5":0.0,"6":0.0050556117,"7":0.0013192612,"8":0.0079155673,"9":0.001618123,"10":0.0,"11":0.0,"12":0.0,"13":0.0,"14":0.0,"15":0.0,"16":0.0021276596,"17":0.0,"18":0.0,"19":0.0,"20":0.0},"soybean_Gmax.la3.HPI3.Chr11.g271850":{"0":0.001934236,"1":0.0015243902,"2":0.0026298488,"3":0.0142579391,"4":0.003021148,"5":0.0031372549,"6":0.0070778564,"7":0.0019788918,"8":0.0191292876,"9":0.0,"10":0.0,"11":0.1428571429,"12":0.0053191489,"13":0.0,"14":0.0,"15":0.0,"16":0.0,"17":0.0,"18":0.0,"19":0.0,"20":0.0},"soybean_Gmax.la3.HPI3.Chr13.g308000":{"0":0.0341715023,"1":0.0038109756,"2":0.0,"3":0.0051847051,"4":0.000755287,"5":0.0015686275,"6":0.0040444894,"7":0.0059366755,"8":0.0013192612,"9":0.0339805825,"10":0.0,