{"pennycress_Tarv.1014.HPI3.7.g281060":{"0":0.0221088435,"1":0.0652173913,"2":0.0548076923,"3":0.2851758794,"4":0.0578512397,"5":0.1638709677,"6":0.1503611293,"7":0.022397892,"8":0.1905286344,"9":0.0767295597,"10":0.1889663919,"11":0.0,"12":0.2331034483,"13":0.0618971061,"14":0.146011396,"15":0.1362903226,"16":0.1056661562,"17":0.0160481444,"18":0.0313901345,"19":0.0369458128,"20":0.0},"pennycress_Tarv.1014.HPI3.6.g256210":{"0":0.018707483,"1":0.0226449275,"2":0.0442307692,"3":0.0464824121,"4":0.0110192837,"5":0.0206451613,"6":0.0295469468,"7":0.0052700922,"8":0.0198237885,"9":0.0251572327,"10":0.0317057705,"11":0.0,"12":0.04,"13":0.0176848875,"14":0.0163817664,"15":0.0338709677,"16":0.0336906585,"17":0.0060180542,"18":0.0156950673,"19":0.0147783251,"20":0.0},"pennycress_Tarv.1014.HPI3.2.g059010":{"0":0.0323129252,"1":0.0212862319,"2":0.0451923077,"3":0.040201005,"4":0.0275482094,"5":0.1432258065,"6":0.0223243598,"7":0.0118577075,"8":0.0198237885,"9":0.0396226415,"10":0.0259987318,"11":0.0666666667,"12":0.0517241379,"13":0.058681672,"14":0.0534188034,"15":0.0467741935,"16":0.0229709035,"17":0.0150451354,"18":0.0358744395,"19":0.0073891626,"20":0.0},"arabidopsis_AT2G38330":{"0":0.0,"1":0.0023738872,"2":0.0104115022,"3":0.009636768,"4":0.0065789474,"5":0.0010131712,"6":0.0118694362,"7":0.0,"8":0.0,"9":0.008583691,"10":0.0065075922,"11":0.0048280024,"12":0.0,"13":0.0026315789,"14":0.0043103448,"15":0.0108695652,"16":0.0029411765,"17":0.0025316456,"18":0.0035335689,"19":0.0,"20":0.0},"soybean_Gmax.la3.HPI3.Chr13.g317540":{"0":0.249516441,"1":0.0297256098,"2":0.1078238001,"3":0.0751782242,"4":0.0354984894,"5":0.0807843137,"6":0.0222446916,"7":0.139182058,"8":0.0283641161,"9":0.0776699029,"10":0.0769230769,"11":0.0,"12":0.0159574468,"13":0.5,"14":0.0,"15":0.1333333333,"16":0.0659574468,"17":0.08,"18":0.0,"19":0.0530612245,"20":0.0909090909},"pennycress_Tarv.1014.HPI3.4.g172320":{"0":0.037414966,"1":0.053442029,"2":0.1701923077,"3":0.0288944724,"4":0.0192837466,"5":0.0387096774,"6":0.0236375575,"7":0.0210803689,"8":0.0671806167,"9":0.0616352201,"10":0.0158528852,"11":0.0333333333,"12":0.0186206897,"13":0.038585209,"14":0.0263532764,"15":0.1233870968,"16":0.0275650842,"17":0.0140421264,"18":0.1502242152,"19":0.0418719212,"20":0.0},"arabidopsis_AT2G21340":{"0":0.0034788109,"1":0.0047477745,"2":0.0094199306,"3":0.0214974055,"4":0.0202850877,"5":0.0050658561,"6":0.0207715134,"7":0.0,"8":0.0104712042,"9":0.017167382,"10":0.010845987,"11":0.0048280024,"12":0.0,"13":0.0105263158,"14":0.0172413793,"15":0.0072463768,"16":0.0058823529,"17":0.0,"18":0.0035335689,"19":0.0,"20":0.0125},"arabidopsis_AT5G52540":{"0":0.0015812777,"1":0.0089020772,"2":0.0029747149,"3":0.0170496664,"4":0.0049342105,"5":0.0040526849,"6":0.0118694362,"7":0.0017667845,"8":0.0261780105,"9":0.0,"10":0.010845987,"11":0.0,"12":0.0,"13":0.0026315789,"14":0.0043103448,"15":0.0,"16":0.0205882353,"17":0.0,"18":0.0070671378,"19":0.0,"20":0.0},"pennycress_Tarv.1014.HPI3.3.g092900":{"0":0.0102040816,"1":0.0149456522,"2":0.0134615385,"3":0.0163316583,"4":0.0303030303,"5":0.0180645161,"6":0.036112935,"7":0.0026350461,"8":0.0088105727,"9":0.0226415094,"10":0.0266328472,"11":0.0,"12":0.0275862069,"13":0.0144694534,"14":0.0213675214,"15":0.0161290323,"16":0.0091883614,"17":0.0020060181,"18":0.0067264574,"19":0.0098522167,"20":0.0},"soybean_Gmax.la3.HPI3.Chr11.g265610":{"0":0.0096711799,"1":0.0045731707,"2":0.0111768573,"3":0.0077770577,"4":0.0143504532,"5":0.0062745098,"6":0.0212335693,"7":0.0059366755,"8":0.0138522427,"9":0.0064724919,"10":0.0,"11":0.0,"12":0.0106382979,"13":0.0,"14":0.0,"15":0.0,"16":0.0063829787,"17":0.0,"18":0.0,"19":0.0,"20":0.0},"pennycress_Tarv.1014.HPI3.1.g012540":{"0":0.0425170068,"1":0.1403985507,"2":0.0365384615,"3":0.0904522613,"4":0.0743801653,"5":0.0696774194,"6":0.0991464215,"7":0.0487483531,"8":0.0980176211,"9":0.0666666667,"10":0.1039949271,"11":0.0666666667,"12":0.0882758621,"13":0.1310289389,"14":0.0790598291,"15":0.0967741935,"16":0.1209800919,"17":0.0180541625,"18":0.0582959641,"19":0.0517241379,"20":0.0},"pennycress_Tarv.1014.HPI3.3.g116960":{"0":0.0119047619,"1":0.0149456522,"2":0.0153846154,"3":0.0552763819,"4":0.0247933884,"5":0.0180645161,"6":0.0407091267,"7":0.0013175231,"8":0.0198237885,"9":0.065408805,"10":0.0412175016,"11":0.0,"12":0.0262068966,"13":0.020096463,"14":0.0213675214,"15":0.0225806452,"16":0.0122511485,"17":0.0080240722,"18":0.0179372197,"19":0.0073891626,"20":0.0},"arabidopsis_AT4G39030":{"0":0.0300442758,"1":0.0474777448,"2":0.1621219633,"3":0.0837657524,"4":0.0345394737,"5":0.1621073961,"6":0.0326409496,"7":0.0159010601,"8":0.0418848168,"9":0.0042918455,"10":0.0889370933,"11":0.0784550392,"12":0.0,"13":0.0289473684,"14":0.0172413793,"15":0.2717391304,"16":0.0117647059,"17":0.0227848101,"18":0.1519434629,"19":0.0125,"20":0.0425},"arabidopsis_AT5G24000":{"0":0.0009487666,"1":0.0071216617,"2":0.0074367873,"3":0.0185322461,"4":0.0109649123,"5":0.0172239108,"6":0.0148367953,"7":0.0070671378,"8":0.0157068063,"9":0.0042918455,"10":0.0065075922,"11":0.0030175015,"12":0.0169491525,"13":0.0052631579,"14":0.0129310345,"15":0.0108695652,"16":0.0,"17":0.0,"18":0.0035335689,"19":0.0,"20":0.01},"soybean_Gmax.la3.HPI3.Chr15.g377250":{"0":0.0083816892,"1":0.0083841463,"2":0.006574622,"3":0.0848995463,"4":0.0105740181,"5":0.0094117647,"6":0.0161779575,"7":0.0059366755,"8":0.0112137203,"9":0.0080906149,"10":0.0,"11":0.0,"12":0.0212765957,"13":0.0,"14":0.0,"15":0.0,"16":0.0106382979,"17":0.0,"18":0.0,"19":0.012244898,"20":0.0},"soybean_Gmax.la3.HPI3.Chr09.g212470":{"0":0.001934236,"1":0.0007621951,"2":0.0,"3":0.0181464679,"4":0.0,"5":0.0007843137,"6":0.0020222447,"7":0.0013192612,"8":0.0006596306,"9":0.001618123,"10":0.0,"11":0.0,"12":0.0,"13":0.0,"14":0.0,"15":0.0,"16":0.0021276596,"17":0.0,"18":0.0,"19":0.0,"20":0.0},"pennycress_Tarv.1014.HPI3.6.g263790":{"0":0.0017006803,"1":0.0072463768,"2":0.0067307692,"3":0.0,"4":0.0110192837,"5":0.0012903226,"6":0.0131319764,"7":0.0013175231,"8":0.0022026432,"9":0.0232704403,"10":0.0057070387,"11":0.0,"12":0.0255172414,"13":0.0032154341,"14":0.0078347578,"15":0.0443548387,"16":0.0045941807,"17":0.0,"18":0.0044843049,"19":0.0049261084,"20":0.0},"arabidopsis_AT3G56160":{"0":0.0050600886,"1":0.0154302671,"2":0.0114030739,"3":0.0444773907,"4":0.0433114035,"5":0.0243161094,"6":0.0919881306,"7":0.0017667845,"8":0.0209424084,"9":0.025751073,"10":0.0433839479,"11":0.0048280024,"12":0.0677966102,"13":0.0552631579,"14":0.0732758621,"15":0.0144927536,"16":0.0205882353,"17":0.0050632911,"18":0.0106007067,"19":0.025,"20":0.015},"soybean_Gmax.la3.HPI3.Chr11.g265600":{"0":0.0676982592,"1":0.0289634146,"2":0.0598290598,"3":0.0375891121,"4":0.0589123867,"5":0.0501960784,"6":0.0728008089,"7":0.0283641161,"8":0.0560686016,"9":0.0194174757,"10":0.0,"11":0.0,"12":0.1063829787,"13":0.0,"14":0.0,"15":0.0166666667,"16":0.0425531915,"17":0.0,"18":0.6666666667,"19":0.0775510204,"20":0.0},"arabidopsis_AT2G18950":{"0":0.0629348514,"1":0.0296735905,"2":0.0475954388,"3":0.0118606375,"4":0.0098684211,"5":0.022289767,"6":0.0178041543,"7":0.0017667845,"8":0.0104712042,"9":0.025751073,"10":0.0021691974,"11":0.0537115269,"12":0.0508474576,"13":0.0078947368,"14":0.0043103448,"15":0.0253623188,"16":0.0147058824,"17":0.0050632911,"18":0.0035335689,"19":0.0,"20":0.0075},"soybean_Gmax.la3.HPI3.Chr10.g237940":{"0":0.0541586074,"1":0.0068597561,"2":0.030243261,"3":0.0447180817,"4":0.0226586103,"5":0.0305882353,"6":0.0465116279,"7":0.0204485488,"8":0.0415567282,"9":0.0145631068,"10":0.1538461538,"11":0.0,"12":0.0638297872,"13":0.0,"14":0.0,"15":0.0333333333,"16":0.0361702128,"17":0.04,"18":0.0,"19":0.0367346939,"20":0.0},"arabidopsis_AT3G25410":{"0":0.0249841872,"1":0.012462908,"2":0.0416460089,"3":0.0296515938,"4":0.0208333333,"5":0.0101317123,"6":0.0178041543,"7":0.0159010601,"8":0.0104712042,"9":0.017167382,"10":0.0130151844,"11":0.0265540133,"12":0.0338983051,"13":0.0157894737,"14":0.0086206897,"15":0.0434782609,"16":0.0382352941,"17":0.0202531646,