{"pennycress_Tarv.1014.HPI3.6.g238960":{"0":0.6224489796,"1":0.5670289855,"2":0.3548076923,"3":0.3781407035,"4":0.1873278237,"5":0.2929032258,"6":0.2580433355,"7":0.5177865613,"8":0.2246696035,"9":0.4163522013,"10":0.2555485098,"11":0.2666666667,"12":0.2227586207,"13":0.5635048232,"14":0.3675213675,"15":0.3814516129,"16":0.3353751914,"17":0.4192577733,"18":0.5717488789,"19":0.2487684729,"20":0.0},"arabidopsis_AT3G14940":{"0":0.5009487666,"1":0.3442136499,"2":0.4595934556,"3":0.1786508525,"4":0.1935307018,"5":0.2066869301,"6":0.1454005935,"7":0.6554770318,"8":0.1308900524,"9":0.2532188841,"10":0.2212581345,"11":0.3741701871,"12":0.0338983051,"13":0.45,"14":0.1896551724,"15":0.3876811594,"16":0.2294117647,"17":0.5392405063,"18":0.4204946996,"19":0.1625,"20":0.175},"soybean_Gmax.la3.HPI3.Chr12.g297100":{"0":0.0367504836,"1":0.118902439,"2":0.0788954635,"3":0.0615683733,"4":0.0392749245,"5":0.0596078431,"6":0.0313447927,"7":0.0296833773,"8":0.0310026385,"9":0.0339805825,"10":0.0,"11":0.0,"12":0.0212765957,"13":0.0,"14":0.0,"15":0.0666666667,"16":0.0425531915,"17":0.04,"18":0.0,"19":0.0489795918,"20":0.0},"pennycress_Tarv.1014.HPI3.5.g200760":{"0":0.1258503401,"1":0.3025362319,"2":0.1548076923,"3":0.1168341709,"4":0.2011019284,"5":0.1535483871,"6":0.2068286277,"7":0.1686429513,"8":0.1629955947,"9":0.3106918239,"10":0.1445783133,"11":0.0666666667,"12":0.2020689655,"13":0.2644694534,"14":0.2250712251,"15":0.2483870968,"16":0.1316998469,"17":0.1213640923,"18":0.2443946188,"19":0.1330049261,"20":0.0},"soybean_Gmax.la3.HPI3.Chr12.g298890":{"0":0.053513862,"1":0.03125,"2":0.0256410256,"3":0.0440699935,"4":0.0400302115,"5":0.0305882353,"6":0.0414560162,"7":0.0514511873,"8":0.0250659631,"9":0.0404530744,"10":0.0769230769,"11":0.0,"12":0.0319148936,"13":0.0,"14":0.0,"15":0.0333333333,"16":0.0425531915,"17":0.0,"18":0.0,"19":0.0204081633,"20":0.0},"soybean_Gmax.la3.HPI3.Chr12.g292690":{"0":0.0921985816,"1":0.0655487805,"2":0.0756081525,"3":0.0596241089,"4":0.0649546828,"5":0.0682352941,"6":0.0798786653,"7":0.0441952507,"8":0.0514511873,"9":0.0469255663,"10":0.0,"11":0.0,"12":0.1063829787,"13":0.0,"14":0.0,"15":0.0166666667,"16":0.0553191489,"17":0.04,"18":0.3333333333,"19":0.0816326531,"20":0.0},"soybean_Gmax.la3.HPI3.Chr06.g139890":{"0":0.0245003224,"1":0.0335365854,"2":0.0138067061,"3":0.0265716137,"4":0.0083081571,"5":0.0180392157,"6":0.0313447927,"7":0.0131926121,"8":0.0277044855,"9":0.0097087379,"10":0.0,"11":0.0,"12":0.0106382979,"13":0.0,"14":0.0,"15":0.0,"16":0.0787234043,"17":0.0,"18":0.0,"19":0.0081632653,"20":0.0},"soybean_Gmax.la3.HPI3.Chr06.g136290":{"0":0.0161186331,"1":0.0282012195,"2":0.0197238659,"3":0.0343486714,"4":0.0430513595,"5":0.0298039216,"6":0.0343781598,"7":0.0316622691,"8":0.0211081794,"9":0.0323624595,"10":0.0769230769,"11":0.0,"12":0.0478723404,"13":0.0,"14":0.0,"15":0.0,"16":0.0127659574,"17":0.0,"18":0.0,"19":0.012244898,"20":0.0},"soybean_Gmax.la3.HPI3.Chr10.g245690":{"0":0.0232108317,"1":0.0160060976,"2":0.0216962525,"3":0.0181464679,"4":0.0083081571,"5":0.0125490196,"6":0.0121334681,"7":0.0112137203,"8":0.0501319261,"9":0.0129449838,"10":0.0,"11":0.0,"12":0.0106382979,"13":0.0,"14":0.0,"15":0.0333333333,"16":0.014893617,"17":0.04,"18":0.3333333333,"19":0.0163265306,"20":0.0},"pennycress_Tarv.1014.HPI3.5.g179610":{"0":0.0085034014,"1":0.0144927536,"2":0.0134615385,"3":0.0263819095,"4":0.0110192837,"5":0.0090322581,"6":0.0203545634,"7":0.0039525692,"8":0.0814977974,"9":0.0220125786,"10":0.0145846544,"11":0.0,"12":0.0220689655,"13":0.0080385852,"14":0.0213675214,"15":0.0129032258,"16":0.0290964778,"17":0.0050150451,"18":0.0044843049,"19":0.0123152709,"20":0.0},"pennycress_Tarv.1014.HPI3.3.g122100":{"0":0.0102040816,"1":0.0317028986,"2":0.0105769231,"3":0.0138190955,"4":0.0110192837,"5":0.0180645161,"6":0.0315167433,"7":0.0052700922,"8":0.0176211454,"9":0.027672956,"10":0.0240963855,"11":0.0333333333,"12":0.0275862069,"13":0.0040192926,"14":0.0078347578,"15":0.010483871,"16":0.0061255743,"17":0.0070210632,"18":0.0201793722,"19":0.0098522167,"20":0.0},"soybean_Gmax.la3.HPI3.Chr03.g059310":{"0":0.0083816892,"1":0.0274390244,"2":0.0111768573,"3":0.0097213221,"4":0.0083081571,"5":0.0149019608,"6":0.0141557128,"7":0.0125329815,"8":0.0138522427,"9":0.0048543689,"10":0.0769230769,"11":0.0,"12":0.0053191489,"13":0.0,"14":0.0,"15":0.0166666667,"16":0.0021276596,"17":0.0,"18":0.0,"19":0.0244897959,"20":0.0},"pennycress_Tarv.1014.HPI3.7.g302360":{"0":0.0,"1":0.0,"2":0.0,"3":0.0,"4":0.0,"5":0.0,"6":0.0,"7":0.0,"8":0.0,"9":0.0,"10":0.0,"11":0.0,"12":0.0,"13":0.0,"14":0.0,"15":0.0,"16":0.0,"17":0.0,"18":0.0,"19":0.0,"20":0.0},"pennycress_Tarv.1014.HPI3.1.g037390":{"0":0.0068027211,"1":0.0339673913,"2":0.0182692308,"3":0.0439698492,"4":0.0165289256,"5":0.0232258065,"6":0.0282337492,"7":0.0092226614,"8":0.0121145374,"9":0.0144654088,"10":0.0126823082,"11":0.0,"12":0.0310344828,"13":0.0064308682,"14":0.0156695157,"15":0.0427419355,"16":0.0183767228,"17":0.0040120361,"18":0.0112107623,"19":0.0073891626,"20":0.0},"soybean_Gmax.la3.HPI3.Chr19.g457230":{"0":0.0135396518,"1":0.0274390244,"2":0.0223537147,"3":0.0116655865,"4":0.0060422961,"5":0.0125490196,"6":0.0091001011,"7":0.0052770449,"8":0.0105540897,"9":0.003236246,"10":0.0,"11":0.0,"12":0.0,"13":0.0,"14":0.0,"15":0.05,"16":0.0106382979,"17":0.0,"18":0.0,"19":0.012244898,"20":0.0},"arabidopsis_AT1G53310":{"0":0.1068943707,"1":0.084272997,"2":0.0674268716,"3":0.0555967383,"4":0.1940789474,"5":0.0547112462,"6":0.0771513353,"7":0.1713780919,"8":0.0732984293,"9":0.0944206009,"10":0.1084598698,"11":0.0989740495,"12":0.0847457627,"13":0.1026315789,"14":0.1120689655,"15":0.1086956522,"16":0.0764705882,"17":0.1367088608,"18":0.0918727915,"19":0.1125,"20":0.0625},"soybean_Gmax.la3.HPI3.Chr13.g324350":{"0":0.0154738878,"1":0.0099085366,"2":0.006574622,"3":0.0064808814,"4":0.0135951662,"5":0.0047058824,"6":0.0080889788,"7":0.0164907652,"8":0.0039577836,"9":0.0177993528,"10":0.0,"11":0.0,"12":0.0212765957,"13":0.0,"14":0.0,"15":0.0166666667,"16":0.0042553191,"17":0.0,"18":0.0,"19":0.0,"20":0.0},"soybean_Gmax.la3.HPI3.Chr13.g326410":{"0":0.0,"1":0.0007621951,"2":0.0013149244,"3":0.0006480881,"4":0.002265861,"5":0.0015686275,"6":0.0010111223,"7":0.0,"8":0.0013192612,"9":0.003236246,"10":0.0,"11":0.0,"12":0.0,"13":0.0,"14":0.0,"15":0.0,"16":0.0,"17":0.0,"18":0.0,"19":0.0040816327,"20":0.0},"soybean_Gmax.la3.HPI3.Chr10.g237010":{"0":0.0045132173,"1":0.0045731707,"2":0.0052596976,"3":0.0058327933,"4":0.0,"5":0.0094117647,"6":0.0020222447,"7":0.0013192612,"8":0.0013192612,"9":0.0,"10":0.0,"11":0.0,"12":0.0,"13":0.0,"14":0.0,"15":0.0,"16":0.0042553191,"17":0.0,"18":0.0,"19":0.0040816327,"20":0.0},"pennycress_Tarv.1014.HPI3.1.g046580":{"0":0.0459183673,"1":0.0375905797,"2":0.0288461538,"3":0.0364321608,"4":0.0385674931,"5":0.0219354839,"6":0.0499015102,"7":0.0210803689,"8":0.0242290749,"9":0.0308176101,"10":0.0393151554,"11":0.0,"12":0.0337931034,"13":0.0426045016,"14":0.0334757835,"15":0.0314516129,"16":0.0275650842,"17":0.0320962889,"18":0.0426008969,"19":0.0270935961,"20":0.0},"arabidopsis_AT2G42600":{"0":0.0053763441,"1":0.0362017804,"2":0.0133862172,"3":0.0437361008,"4":0.0268640351,"5":0.0202634245,"6":0.0267062315,"7":0.0053003534,"8":0.0366492147,"9":0.0214592275,"10":0.0260303688,"11":0.0048280024,"12":0.0338983051,"13":0.0,"14":0.025862069,"15":0.0072463768,"16":0.0441176471,"17":0.0050632911,"18":0.0141342756,"19":0.025,"20":0.0075},"soybean_Gmax.la3.HPI3.Chr01.g007060":{"0":0.0006447453,"1":0.0,"2":0.0006574622,"3":0.0006480881,"4":0.000755287,"5":0.0,"6":0.0,"7":0.0,"8":0.0006596306,"9":0.0,"10":0.0,"11":0.0,"12":0.0,"13":0.0,"14":0.0,"15":0.0,"16":0.0,"17":0.0,"18":0.0,"19":0.0,"20":0.0},"soybean_Gmax.la3.HPI3.Chr02.g032360":{"0":0.0,"1":0.0007621951,"2":0.0013149244,"3":0.0012961763,"4":0.0,"5":0.0023529412,"6":0.0080889788,"7":0.0006596306,"8":0.0,"9":0.001618123,"10":0.0,"11":0.0,"12":0.0,"13":0.0,"14":0.0,"15":0.0,"16":0.0021276596,"17":0.0,"18":0.0,"19":0.0,"20":0.0},