{"pennycress_Tarv.1014.HPI3.6.g256670":{"0":0.5255102041,"1":0.222826087,"2":0.0903846154,"3":0.0778894472,"4":0.0137741047,"5":0.0619354839,"6":0.0426789232,"7":0.1014492754,"8":0.0870044053,"9":0.0566037736,"10":0.0424857324,"11":0.2333333333,"12":0.0406896552,"13":0.0466237942,"14":0.0334757835,"15":0.0532258065,"16":0.0643185299,"17":0.0471414243,"18":0.0515695067,"19":0.0640394089,"20":0.0},"arabidopsis_AT2G05440":{"0":0.137254902,"1":0.4362017804,"2":0.1675756073,"3":0.7991104522,"4":0.170504386,"5":0.2289766971,"6":0.234421365,"7":0.1855123675,"8":0.2460732984,"9":0.1545064378,"10":0.2017353579,"11":0.1357875679,"12":0.186440678,"13":0.1736842105,"14":0.1853448276,"15":0.1847826087,"16":0.3088235294,"17":0.1518987342,"18":0.1378091873,"19":0.35,"20":0.3125},"arabidopsis_AT2G05510":{"0":0.0385831752,"1":0.1554896142,"2":0.0376797224,"3":0.1675315048,"4":0.0597587719,"5":0.085106383,"6":0.0534124629,"7":0.0671378092,"8":0.1256544503,"9":0.0686695279,"10":0.0433839479,"11":0.0356065178,"12":0.0338983051,"13":0.05,"14":0.0474137931,"15":0.0289855072,"16":0.1970588235,"17":0.0405063291,"18":0.0424028269,"19":0.125,"20":0.1225},"arabidopsis_AT2G05380":{"0":0.0332068311,"1":0.1008902077,"2":0.16013882,"3":0.0355819125,"4":0.0498903509,"5":0.0506585613,"6":0.0356083086,"7":0.038869258,"8":0.0104712042,"9":0.1072961373,"10":0.032537961,"11":0.025950513,"12":0.0,"13":0.0342105263,"14":0.1379310345,"15":0.0289855072,"16":0.05,"17":0.017721519,"18":0.0812720848,"19":0.0375,"20":0.0325},"soybean_Gmax.la3.HPI3.Chr07.g160300":{"0":0.0006447453,"1":0.0,"2":0.0,"3":0.0,"4":0.0,"5":0.0,"6":0.0,"7":0.0,"8":0.0,"9":0.0,"10":0.0,"11":0.0,"12":0.0,"13":0.0,"14":0.0,"15":0.0,"16":0.0,"17":0.0,"18":0.0,"19":0.0,"20":0.0},"soybean_Gmax.la3.HPI3.Chr20.g470340":{"0":0.0,"1":0.0007621951,"2":0.0,"3":0.0,"4":0.0,"5":0.0,"6":0.0,"7":0.0,"8":0.0,"9":0.0,"10":0.0,"11":0.0,"12":0.0,"13":0.0,"14":0.0,"15":0.0,"16":0.0,"17":0.0,"18":0.0,"19":0.0,"20":0.0},"soybean_Gmax.la3.HPI3.Chr20.g470350":{"0":0.0,"1":0.0,"2":0.0,"3":0.0006480881,"4":0.0,"5":0.0,"6":0.0,"7":0.0,"8":0.0,"9":0.0,"10":0.0,"11":0.0,"12":0.0,"13":0.0,"14":0.0,"15":0.0,"16":0.0,"17":0.0,"18":0.0,"19":0.0,"20":0.0},"pennycress_Tarv.1014.HPI3.4.g137790":{"0":0.0,"1":0.0,"2":0.0,"3":0.0,"4":0.0,"5":0.0,"6":0.0,"7":0.0,"8":0.0,"9":0.0,"10":0.0,"11":0.0,"12":0.0,"13":0.0,"14":0.0,"15":0.0016129032,"16":0.0,"17":0.0,"18":0.0,"19":0.0,"20":0.0},"pennycress_Tarv.1014.HPI3.6.g256300":{"0":0.0,"1":0.0,"2":0.0,"3":0.0,"4":0.0,"5":0.0,"6":0.0,"7":0.0,"8":0.0011013216,"9":0.0,"10":0.0,"11":0.0,"12":0.0,"13":0.0,"14":0.0,"15":0.0,"16":0.0,"17":0.0,"18":0.0,"19":0.0,"20":0.0},"pennycress_Tarv.1014.HPI3.3.g107620":{"0":0.0,"1":0.0,"2":0.0,"3":0.0,"4":0.0,"5":0.0,"6":0.0,"7":0.0,"8":0.0,"9":0.0,"10":0.0,"11":0.0,"12":0.0,"13":0.0,"14":0.0,"15":0.0,"16":0.0,"17":0.0,"18":0.0,"19":0.0,"20":0.0},"arabidopsis_AT2G05520":{"0":0.0104364326,"1":0.0255192878,"2":0.0287555776,"3":0.0148257969,"4":0.0120614035,"5":0.0020263425,"6":0.0148367953,"7":0.0141342756,"8":0.0052356021,"9":0.0128755365,"10":0.0065075922,"11":0.0036210018,"12":0.0,"13":0.0105263158,"14":0.025862069,"15":0.0108695652,"16":0.0058823529,"17":0.0126582278,"18":0.0035335689,"19":0.0125,"20":0.0125},"arabidopsis_AT2G05540":{"0":0.0012650221,"1":0.0035608309,"2":0.0064452157,"3":0.0007412898,"4":0.0021929825,"5":0.0,"6":0.0,"7":0.0017667845,"8":0.0,"9":0.0128755365,"10":0.0,"11":0.0012070006,"12":0.0,"13":0.0026315789,"14":0.0043103448,"15":0.0,"16":0.0,"17":0.0,"18":0.0,"19":0.0,"20":0.0},"arabidopsis_AT2G05530":{"0":0.0,"1":0.0011869436,"2":0.0,"3":0.0,"4":0.0,"5":0.0,"6":0.0029673591,"7":0.0,"8":0.0,"9":0.0,"10":0.0,"11":0.0,"12":0.0,"13":0.0,"14":0.0043103448,"15":0.0,"16":0.0,"17":0.0,"18":0.0,"19":0.0,"20":0.0},"arabidopsis_AT2G41260":{"0":0.0003162555,"1":0.0005934718,"2":0.0,"3":0.0,"4":0.0,"5":0.0010131712,"6":0.0,"7":0.0,"8":0.0,"9":0.0,"10":0.0043383948,"11":0.0,"12":0.0,"13":0.0,"14":0.0,"15":0.0,"16":0.0,"17":0.0,"18":0.0,"19":0.0,"20":0.0}}