{"pennycress_Tarv.1014.HPI3.5.g218160":{"0":0.0459183673,"1":0.0778985507,"2":0.1230769231,"3":0.0175879397,"4":0.0468319559,"5":0.0322580645,"6":0.0347997374,"7":0.0289855072,"8":0.0825991189,"9":0.1,"10":0.0583386176,"11":0.0333333333,"12":0.064137931,"13":0.1495176849,"14":0.061965812,"15":0.2983870968,"16":0.0750382848,"17":0.0411233701,"18":0.2937219731,"19":0.0566502463,"20":0.0},"soybean_Gmax.la3.HPI3.Chr19.g461080":{"0":0.0,"1":0.0038109756,"2":0.0059171598,"3":0.0019442644,"4":0.0113293051,"5":0.0031372549,"6":0.0010111223,"7":0.0019788918,"8":0.0013192612,"9":0.0,"10":0.0,"11":0.0,"12":0.0106382979,"13":0.0,"14":0.0,"15":0.05,"16":0.0,"17":0.0,"18":0.0,"19":0.0,"20":0.0},"soybean_Gmax.la3.HPI3.Chr11.g260040":{"0":0.1495809155,"1":0.1082317073,"2":0.0565417488,"3":0.0712896954,"4":0.0528700906,"5":0.0619607843,"6":0.055611729,"7":0.0639841689,"8":0.0534300792,"9":0.1634304207,"10":0.0,"11":0.0,"12":0.0425531915,"13":0.0,"14":0.0,"15":0.1166666667,"16":0.1,"17":0.2,"18":0.0,"19":0.1346938776,"20":0.0909090909},"soybean_Gmax.la3.HPI3.Chr03.g067710":{"0":0.0122501612,"1":0.0045731707,"2":0.0039447732,"3":0.0038885288,"4":0.003021148,"5":0.0015686275,"6":0.003033367,"7":0.0039577836,"8":0.0118733509,"9":0.001618123,"10":0.0,"11":0.0,"12":0.0053191489,"13":0.0,"14":0.0,"15":0.0,"16":0.0106382979,"17":0.0,"18":0.3333333333,"19":0.0244897959,"20":0.0},"pennycress_Tarv.1014.HPI3.3.g108650":{"0":0.0323129252,"1":0.0194746377,"2":0.0923076923,"3":0.0138190955,"4":0.0082644628,"5":0.0167741935,"6":0.0045961917,"7":0.0052700922,"8":0.0264317181,"9":0.0163522013,"10":0.0126823082,"11":0.0,"12":0.0131034483,"13":0.0192926045,"14":0.0064102564,"15":0.0709677419,"16":0.0520673813,"17":0.0140421264,"18":0.0538116592,"19":0.0172413793,"20":0.0},"arabidopsis_AT2G43340":{"0":0.0287792536,"1":0.0367952522,"2":0.0114030739,"3":0.0266864344,"4":0.1343201754,"5":0.0800405268,"6":0.0623145401,"7":0.167844523,"8":0.0314136126,"9":0.1115879828,"10":0.1041214751,"11":0.0132770066,"12":0.0847457627,"13":0.2105263158,"14":0.1379310345,"15":0.1231884058,"16":0.0264705882,"17":0.4050632911,"18":0.2897526502,"19":0.05,"20":0.0825},"pennycress_Tarv.1014.HPI3.4.g166490":{"0":0.0952380952,"1":0.0285326087,"2":0.0692307692,"3":0.0376884422,"4":0.0137741047,"5":0.0348387097,"6":0.0256073539,"7":0.046113307,"8":0.0561674009,"9":0.0496855346,"10":0.027901078,"11":0.0,"12":0.0262068966,"13":0.0707395498,"14":0.0356125356,"15":0.0370967742,"16":0.067381317,"17":0.111334002,"18":0.130044843,"19":0.1379310345,"20":0.0},"pennycress_Tarv.1014.HPI3.3.g122870":{"0":0.0527210884,"1":0.0851449275,"2":0.0721153846,"3":0.0778894472,"4":0.0385674931,"5":0.0477419355,"6":0.0538411031,"7":0.0869565217,"8":0.0517621145,"9":0.0748427673,"10":0.0564362714,"11":0.0,"12":0.0696551724,"13":0.0562700965,"14":0.1004273504,"15":0.164516129,"16":0.0811638591,"17":0.1263791374,"18":0.1434977578,"19":0.0443349754,"20":0.0},"pennycress_Tarv.1014.HPI3.1.g027680":{"0":0.0459183673,"1":0.0344202899,"2":0.0663461538,"3":0.0213567839,"4":0.0055096419,"5":0.0180645161,"6":0.0091923835,"7":0.1040843215,"8":0.0264317181,"9":0.0132075472,"10":0.0076093849,"11":0.0333333333,"12":0.0062068966,"13":0.0249196141,"14":0.0078347578,"15":0.0096774194,"16":0.0061255743,"17":0.1985957874,"18":0.0201793722,"19":0.0098522167,"20":0.0},"soybean_Gmax.la3.HPI3.Chr03.g063270":{"0":0.001934236,"1":0.0015243902,"2":0.0046022354,"3":0.0038885288,"4":0.003776435,"5":0.0015686275,"6":0.0010111223,"7":0.0006596306,"8":0.0019788918,"9":0.001618123,"10":0.0,"11":0.0,"12":0.0,"13":0.0,"14":0.0,"15":0.0166666667,"16":0.0,"17":0.0,"18":0.3333333333,"19":0.0040816327,"20":0.0},"arabidopsis_AT4G01670":{"0":0.0673624288,"1":0.0320474777,"2":0.0594942985,"3":0.0081541883,"4":0.0098684211,"5":0.0182370821,"6":0.0207715134,"7":0.1448763251,"8":0.0261780105,"9":0.017167382,"10":0.0151843818,"11":0.0350030175,"12":0.0169491525,"13":0.0342105263,"14":0.0043103448,"15":0.1086956522,"16":0.0088235294,"17":0.4253164557,"18":0.0176678445,"19":0.0,"20":0.045},"soybean_Gmax.la3.HPI3.Chr12.g290830":{"0":0.0103159252,"1":0.0038109756,"2":0.0098619329,"3":0.0129617628,"4":0.003021148,"5":0.0062745098,"6":0.0050556117,"7":0.003298153,"8":0.0019788918,"9":0.0080906149,"10":0.0,"11":0.0,"12":0.0053191489,"13":0.0,"14":0.0,"15":0.0,"16":0.0106382979,"17":0.0,"18":0.0,"19":0.012244898,"20":0.0},"arabidopsis_AT2G31560":{"0":0.0442757748,"1":0.0106824926,"2":0.0228061477,"3":0.0044477391,"4":0.014254386,"5":0.0030395137,"6":0.0,"7":0.0106007067,"8":0.0209424084,"9":0.0042918455,"10":0.0065075922,"11":0.0271575136,"12":0.0,"13":0.1078947368,"14":0.0043103448,"15":0.0434782609,"16":0.0382352941,"17":0.0556962025,"18":0.0565371025,"19":0.025,"20":0.005},"soybean_Gmax.la3.HPI3.Chr19.g465280":{"0":0.0006447453,"1":0.0038109756,"2":0.0046022354,"3":0.0019442644,"4":0.002265861,"5":0.0015686275,"6":0.0020222447,"7":0.0112137203,"8":0.0013192612,"9":0.0,"10":0.0,"11":0.0,"12":0.0,"13":0.0,"14":0.0,"15":0.0,"16":0.0042553191,"17":0.04,"18":0.0,"19":0.0,"20":0.0909090909},"soybean_Gmax.la3.HPI3.Chr12.g297230":{"0":0.0012894907,"1":0.0045731707,"2":0.0019723866,"3":0.0006480881,"4":0.003021148,"5":0.0047058824,"6":0.0,"7":0.0026385224,"8":0.003298153,"9":0.001618123,"10":0.0,"11":0.0,"12":0.0,"13":0.0,"14":0.0,"15":0.0,"16":0.0021276596,"17":0.0,"18":0.0,"19":0.0,"20":0.0},"pennycress_Tarv.1014.HPI3.6.g227430":{"0":0.0,"1":0.0013586957,"2":0.0019230769,"3":0.0050251256,"4":0.0027548209,"5":0.0,"6":0.0026263953,"7":0.0,"8":0.0033039648,"9":0.0012578616,"10":0.0063411541,"11":0.0,"12":0.0082758621,"13":0.0032154341,"14":0.0028490028,"15":0.0032258065,"16":0.0045941807,"17":0.0,"18":0.0,"19":0.0,"20":0.0},"arabidopsis_AT4G33985":{"0":0.0158127767,"1":0.0047477745,"2":0.005453644,"3":0.0148257969,"4":0.0087719298,"5":0.0070921986,"6":0.0089020772,"7":0.0159010601,"8":0.0104712042,"9":0.0128755365,"10":0.0151843818,"11":0.0132770066,"12":0.0169491525,"13":0.05,"14":0.0086206897,"15":0.0217391304,"16":0.0088235294,"17":0.0506329114,"18":0.0494699647,"19":0.0,"20":0.0},"arabidopsis_AT1G08790":{"0":0.0,"1":0.0,"2":0.0,"3":0.0,"4":0.0,"5":0.0,"6":0.0,"7":0.0,"8":0.0,"9":0.0,"10":0.0,"11":0.0,"12":0.0,"13":0.0,"14":0.0,"15":0.0,"16":0.0,"17":0.0,"18":0.0,"19":0.0,"20":0.0},"pennycress_Tarv.1014.HPI3.5.g215040":{"0":0.0,"1":0.0,"2":0.0,"3":0.0,"4":0.0,"5":0.0,"6":0.0,"7":0.0,"8":0.0,"9":0.0,"10":0.0,"11":0.0,"12":0.0,"13":0.0008038585,"14":0.0,"15":0.0,"16":0.0,"17":0.0,"18":0.0,"19":0.0,"20":0.0},"pennycress_Tarv.1014.HPI3.2.g062680":{"0":0.0,"1":0.0,"2":0.0,"3":0.0,"4":0.0,"5":0.0,"6":0.0,"7":0.0,"8":0.0,"9":0.0,"10":0.0,"11":0.0,"12":0.0,"13":0.0,"14":0.0,"15":0.0,"16":0.0,"17":0.0,"18":0.0,"19":0.0,"20":0.0},"arabidopsis_AT2G15590":{"0":0.0003162555,"1":0.0023738872,"2":0.0,"3":0.0014825797,"4":0.0010964912,"5":0.0010131712,"6":0.0059347181,"7":0.0,"8":0.0,"9":0.0,"10":0.0,"11":0.0,"12":0.0,"13":0.0,"14":0.0043103448,"15":0.0,"16":0.0,"17":0.0,"18":0.0,"19":0.0,"20":0.0025},"arabidopsis_AT3G04700":{"0":0.0,"1":0.0,"2":0.0,"3":0.0,"4":0.0,"5":0.0,"6":0.0,"7":0.0,"8":0.0,"9":0.0,"10":0.0,"11":0.0,"12":0.0,"13":0.0,"14":0.0,"15":0.0,"16":0.0,"17":0.0,"18":0.0,"19":0.0,"20":0.0},"arabidopsis_AT5G28690":{"0":0.0,"1":0.0,"2":0.0,"3":0.0,"4":0.0,"5":0.0,"6":0.0,"7":0.0,"8":0.0,"9":0.0,"10":0.0,"11":0.0,"12":0.0,"13":0.0,"14":0.0,"15":0.0,"16":0.0,"17":0.0,"18":0.0,"19":0.0,"20":0.0},"pennycress_Tarv.1014.HPI3.3.g122250":{"0":0.0391156463,"1":0.0330615942,"2":0.0884615385,"3":0.1168341709,"4":0.0027548209,"5":0.1096774194,"6":0.0124753775,"7":0.0131752306,"8":0.0462555066,"9":0.0106918239,"10":0.0177552315,"11":0.0,"12":0.0055172414,"13":0.0160771704,"14":0.004985755,"15":0.014516129,"16":0.0183767228,"17":0.0090270812,"18":0.0313901345,"19":0.0123152709,"20":0.0},"soybean_Gmax.la3.HPI3.Chr12.g298610":{"0":0.001934236,"1":0.0114329268,"2":0.0105193951,"3":0.0077770577,"4":0.0219033233,"5":0.0094117647,"6":0.0050556117,"7":0.0131926121,"8":0.0079155673,"9":0.0226537217,"10":0.1538461538,