{"pennycress_Tarv.1014.HPI3.7.g296490":{"0":0.0391156463,"1":0.1313405797,"2":0.0365384615,"3":0.1067839196,"4":0.0661157025,"5":0.064516129,"6":0.2580433355,"7":0.0513833992,"8":0.3017621145,"9":0.0823899371,"10":0.282181357,"11":0.0333333333,"12":0.1696551724,"13":0.0337620579,"14":0.0391737892,"15":0.039516129,"16":0.1041347626,"17":0.0230692076,"18":0.0358744395,"19":0.0615763547,"20":0.0},"pennycress_Tarv.1014.HPI3.2.g071260":{"0":0.0221088435,"1":0.053442029,"2":0.1355769231,"3":0.0288944724,"4":0.0247933884,"5":0.0296774194,"6":0.0347997374,"7":0.0197628458,"8":0.0848017621,"9":0.1270440252,"10":0.031071655,"11":0.0,"12":0.044137931,"13":0.0096463023,"14":0.0163817664,"15":0.0193548387,"16":0.0413476263,"17":0.0120361083,"18":0.0134529148,"19":0.0147783251,"20":0.0},"pennycress_Tarv.1014.HPI3.7.g299430":{"0":0.0408163265,"1":0.0869565217,"2":0.0567307692,"3":0.1771356784,"4":0.0165289256,"5":0.0774193548,"6":0.0558108995,"7":0.0210803689,"8":0.372246696,"9":0.0779874214,"10":0.223208624,"11":0.0333333333,"12":0.0331034483,"13":0.0321543408,"14":0.0128205128,"15":0.0951612903,"16":0.2526799387,"17":0.0290872618,"18":0.0358744395,"19":0.0541871921,"20":1.0},"arabidopsis_AT1G70940":{"0":0.0123339658,"1":0.0789317507,"2":0.03321765,"3":0.0993328391,"4":0.0498903509,"5":0.0243161094,"6":0.0830860534,"7":0.0159010601,"8":0.3403141361,"9":0.0214592275,"10":0.1409978308,"11":0.0096560048,"12":0.0847457627,"13":0.0157894737,"14":0.0603448276,"15":0.0144927536,"16":0.0823529412,"17":0.0253164557,"18":0.0035335689,"19":0.0875,"20":0.0275},"soybean_Gmax.la3.HPI3.Chr14.g347880":{"0":0.0116054159,"1":0.0114329268,"2":0.0124917817,"3":0.0239792612,"4":0.0120845921,"5":0.0094117647,"6":0.029322548,"7":0.0131926121,"8":0.1523746702,"9":0.0064724919,"10":0.0,"11":0.0,"12":0.0053191489,"13":0.0,"14":0.0,"15":0.0,"16":0.0127659574,"17":0.04,"18":0.0,"19":0.0448979592,"20":0.0},"pennycress_Tarv.1014.HPI3.5.g176690":{"0":0.0289115646,"1":0.0788043478,"2":0.0442307692,"3":0.2738693467,"4":0.0055096419,"5":0.1238709677,"6":0.0341431385,"7":0.023715415,"8":0.3502202643,"9":0.0339622642,"10":0.0932149651,"11":0.0,"12":0.0165517241,"13":0.0241157556,"14":0.0163817664,"15":0.0677419355,"16":0.1194486983,"17":0.0220661986,"18":0.0269058296,"19":0.0517241379,"20":0.0},"arabidopsis_AT1G23080":{"0":0.0113851992,"1":0.0599406528,"2":0.0257808627,"3":0.1779095626,"4":0.0460526316,"5":0.031408308,"6":0.0534124629,"7":0.0035335689,"8":0.219895288,"9":0.0214592275,"10":0.1778741866,"11":0.012070006,"12":0.0847457627,"13":0.0157894737,"14":0.025862069,"15":0.0289855072,"16":0.0647058824,"17":0.0075949367,"18":0.0070671378,"19":0.025,"20":0.04},"arabidopsis_AT1G73590":{"0":0.0034788109,"1":0.0278931751,"2":0.005453644,"3":0.0252038547,"4":0.0663377193,"5":0.0101317123,"6":0.0830860534,"7":0.0070671378,"8":0.109947644,"9":0.017167382,"10":0.0195227766,"11":0.0042245021,"12":0.0338983051,"13":0.0052631579,"14":0.0215517241,"15":0.0072463768,"16":0.0235294118,"17":0.0050632911,"18":0.0035335689,"19":0.025,"20":0.0125},"arabidopsis_AT2G01420":{"0":0.004743833,"1":0.021958457,"2":0.0287555776,"3":0.0177909563,"4":0.0372807018,"5":0.0081053698,"6":0.0267062315,"7":0.0070671378,"8":0.1204188482,"9":0.0343347639,"10":0.0151843818,"11":0.0072420036,"12":0.0,"13":0.0078947368,"14":0.0086206897,"15":0.1847826087,"16":0.0088235294,"17":0.0,"18":0.1201413428,"19":0.025,"20":0.0025},"soybean_Gmax.la3.HPI3.Chr03.g058390":{"0":0.0006447453,"1":0.0068597561,"2":0.0078895464,"3":0.0084251458,"4":0.0128398792,"5":0.0101960784,"6":0.0151668352,"7":0.003298153,"8":0.0422163588,"9":0.0048543689,"10":0.0769230769,"11":0.0,"12":0.0,"13":0.0,"14":0.0,"15":0.0166666667,"16":0.0085106383,"17":0.0,"18":0.0,"19":0.0081632653,"20":0.0},"soybean_Gmax.la3.HPI3.Chr19.g456170":{"0":0.0,"1":0.0076219512,"2":0.0026298488,"3":0.009073234,"4":0.0135951662,"5":0.0015686275,"6":0.026289181,"7":0.0019788918,"8":0.0560686016,"9":0.0097087379,"10":0.0,"11":0.0,"12":0.0053191489,"13":0.0,"14":0.0,"15":0.0166666667,"16":0.0085106383,"17":0.04,"18":0.0,"19":0.0040816327,"20":0.0},"soybean_Gmax.la3.HPI3.Chr09.g217840":{"0":0.0045132173,"1":0.0144817073,"2":0.0124917817,"3":0.0252754375,"4":0.0309667674,"5":0.0117647059,"6":0.0546006067,"7":0.0085751979,"8":0.1332453826,"9":0.0113268608,"10":0.0,"11":0.0,"12":0.0212765957,"13":0.0,"14":0.0,"15":0.0,"16":0.0170212766,"17":0.0,"18":0.0,"19":0.0204081633,"20":0.0},"arabidopsis_AT1G77110":{"0":0.0003162555,"1":0.0017804154,"2":0.0004957858,"3":0.0,"4":0.0005482456,"5":0.0,"6":0.0,"7":0.0017667845,"8":0.0209424084,"9":0.0,"10":0.0,"11":0.0,"12":0.0,"13":0.0,"14":0.0,"15":0.0,"16":0.0029411765,"17":0.0,"18":0.0,"19":0.0,"20":0.0025},"soybean_Gmax.la3.HPI3.Chr15.g372140":{"0":0.0012894907,"1":0.0007621951,"2":0.0,"3":0.0064808814,"4":0.001510574,"5":0.0007843137,"6":0.0010111223,"7":0.0,"8":0.0039577836,"9":0.0,"10":0.0,"11":0.0,"12":0.0053191489,"13":0.0,"14":0.0,"15":0.0,"16":0.0,"17":0.0,"18":0.0,"19":0.0,"20":0.0},"soybean_Gmax.la3.HPI3.Chr13.g302150":{"0":0.0012894907,"1":0.0015243902,"2":0.0019723866,"3":0.004536617,"4":0.0067975831,"5":0.0054901961,"6":0.0151668352,"7":0.003298153,"8":0.0613456464,"9":0.001618123,"10":0.0,"11":0.0,"12":0.0,"13":0.0,"14":0.0,"15":0.0,"16":0.0063829787,"17":0.0,"18":0.0,"19":0.0285714286,"20":0.0},"pennycress_Tarv.1014.HPI3.7.g292660":{"0":0.0,"1":0.0004528986,"2":0.0009615385,"3":0.0,"4":0.0027548209,"5":0.0,"6":0.0006565988,"7":0.0,"8":0.0110132159,"9":0.0,"10":0.0,"11":0.0,"12":0.0,"13":0.0,"14":0.0,"15":0.0,"16":0.0,"17":0.0,"18":0.0,"19":0.0,"20":0.0},"soybean_Gmax.la3.HPI3.Chr07.g154820":{"0":0.0064474533,"1":0.025152439,"2":0.0157790927,"3":0.036941024,"4":0.0543806647,"5":0.0141176471,"6":0.0950455005,"7":0.0098944591,"8":0.1246701847,"9":0.0145631068,"10":0.1538461538,"11":0.0,"12":0.0319148936,"13":0.0,"14":0.0,"15":0.0,"16":0.029787234,"17":0.04,"18":0.0,"19":0.0163265306,"20":0.0},"soybean_Gmax.la3.HPI3.Chr07.g159750":{"0":0.0006447453,"1":0.0038109756,"2":0.003287311,"3":0.0032404407,"4":0.003776435,"5":0.0015686275,"6":0.0101112235,"7":0.0013192612,"8":0.02176781,"9":0.0,"10":0.0,"11":0.0,"12":0.0,"13":0.0,"14":0.0,"15":0.0166666667,"16":0.0127659574,"17":0.0,"18":0.0,"19":0.012244898,"20":0.0},"soybean_Gmax.la3.HPI3.Chr20.g470630":{"0":0.0103159252,"1":0.0038109756,"2":0.0124917817,"3":0.0097213221,"4":0.0075528701,"5":0.0062745098,"6":0.0151668352,"7":0.0065963061,"8":0.0171503958,"9":0.0064724919,"10":0.0,"11":0.0,"12":0.0,"13":0.0,"14":0.0,"15":0.0,"16":0.0021276596,"17":0.0,"18":0.0,"19":0.0040816327,"20":0.0},"soybean_Gmax.la3.HPI3.Chr08.g174690":{"0":0.0064474533,"1":0.0076219512,"2":0.0098619329,"3":0.0239792612,"4":0.0249244713,"5":0.0149019608,"6":0.0384226491,"7":0.0039577836,"8":0.0349604222,"9":0.0048543689,"10":0.0,"11":0.0,"12":0.0106382979,"13":0.0,"14":0.0,"15":0.0166666667,"16":0.0106382979,"17":0.0,"18":0.0,"19":0.0081632653,"20":0.0},"soybean_Gmax.la3.HPI3.Chr07.g164140":{"0":0.0025789813,"1":0.0213414634,"2":0.0197238659,"3":0.0155541154,"4":0.0173716012,"5":0.0180392157,"6":0.0273003033,"7":0.0046174142,"8":0.0375989446,"9":0.0097087379,"10":0.0,"11":0.0,"12":0.0053191489,"13":0.0,"14":0.0,"15":0.0833333333,"16":0.029787234,"17":0.0,"18":0.0,"19":0.0163265306,"20":0.0},"soybean_Gmax.la3.HPI3.Chr09.g213340":{"0":0.0161186331,"1":0.0152439024,"2":0.0433925049,"3":0.0149060272,"4":0.0135951662,"5":0.0156862745,"6":0.0202224469,"7":0.0092348285,"8":0.0336411609,"9":0.0080906149,"10":0.0,"11":0.0,"12":0.0106382979,"13":0.0,"14":0.0,"15":0.05,"16":0.014893617,"17":0.04,"18":0.0,"19":0.0204081633,"20":0.0909090909},"pennycress_Tarv.1014.HPI3.1.g005910":{"0":0.137755102,"1":0.3867753623,"2":0.1259615385,"3":0.1293969849,"4":0.4022038567,"5":0.1432258065,"6":0.4097176625,"7":0.1106719368,"8":0.1057268722,"9":0.6169811321,"10":0.1173113507,"11":0.1,"12":0.4848275862,"13":0.3963022508,"14":0.6616809117,"15":0.3991935484,"16":0.1271056662,"17":0.1043129388,"18":0.2802690583,"19":0.1551724138,"20":0.0},