{"arabidopsis_AT2G46280":{"0":0.0442757748,"1":0.0629080119,"2":0.0520575112,"3":0.0659747961,"4":0.2395833333,"5":0.0455927052,"6":0.1335311573,"7":0.0441696113,"8":0.0680628272,"9":0.1244635193,"10":0.1019522777,"11":0.0446590223,"12":0.1186440678,"13":0.1315789474,"14":0.1724137931,"15":0.0471014493,"16":0.0470588235,"17":0.0556962025,"18":0.0318021201,"19":0.05,"20":0.035},"pennycress_Tarv.1014.HPI3.3.g126120":{"0":0.1768707483,"1":0.5276268116,"2":0.1538461538,"3":0.283919598,"4":0.4876033058,"5":0.2103225806,"6":0.5673013789,"7":0.1791831357,"8":0.1905286344,"9":0.2798742138,"10":0.4102726696,"11":0.1333333333,"12":0.42,"13":0.3408360129,"14":0.4116809117,"15":0.2112903226,"16":0.2526799387,"17":0.1344032096,"18":0.1457399103,"19":0.2389162562,"20":1.0},"soybean_Gmax.la3.HPI3.Chr05.g094650":{"0":0.1283043198,"1":0.0663109756,"2":0.1019066404,"3":0.1198963059,"4":0.081570997,"5":0.0941176471,"6":0.1213346815,"7":0.0850923483,"8":0.1042216359,"9":0.0889967638,"10":0.0769230769,"11":0.0,"12":0.1063829787,"13":0.0,"14":0.0,"15":0.1,"16":0.0872340426,"17":0.0,"18":0.0,"19":0.1632653061,"20":0.0},"soybean_Gmax.la3.HPI3.Chr10.g238980":{"0":0.1553836235,"1":0.0335365854,"2":0.0710059172,"3":0.0836033701,"4":0.0891238671,"5":0.0643137255,"6":0.1597573306,"7":0.0435356201,"8":0.1002638522,"9":0.0436893204,"10":0.3076923077,"11":0.0,"12":0.0904255319,"13":0.0,"14":0.0,"15":0.05,"16":0.0723404255,"17":0.0,"18":0.0,"19":0.0571428571,"20":0.0},"soybean_Gmax.la3.HPI3.Chr17.g408270":{"0":0.107027724,"1":0.0891768293,"2":0.0499671269,"3":0.0628645496,"4":0.0717522659,"5":0.0462745098,"6":0.0970677452,"7":0.0699208443,"8":0.0606860158,"9":0.0453074434,"10":0.3076923077,"11":0.0,"12":0.0531914894,"13":0.0,"14":0.0,"15":0.0666666667,"16":0.0765957447,"17":0.04,"18":0.0,"19":0.0571428571,"20":0.0},"soybean_Gmax.la3.HPI3.Chr13.g320050":{"0":0.0631850419,"1":0.0236280488,"2":0.0381328074,"3":0.0408295528,"4":0.0324773414,"5":0.0274509804,"6":0.0505561173,"7":0.0408970976,"8":0.0336411609,"9":0.0275080906,"10":0.1538461538,"11":0.0,"12":0.0425531915,"13":0.0,"14":0.0,"15":0.0333333333,"16":0.029787234,"17":0.04,"18":0.0,"19":0.0448979592,"20":0.0909090909},"arabidopsis_AT5G58230":{"0":0.0132827324,"1":0.0100890208,"2":0.019335647,"3":0.0185322461,"4":0.0592105263,"5":0.0111448835,"6":0.0356083086,"7":0.0088339223,"8":0.0261780105,"9":0.017167382,"10":0.0130151844,"11":0.0108630054,"12":0.0677966102,"13":0.0210526316,"14":0.0603448276,"15":0.0217391304,"16":0.0205882353,"17":0.017721519,"18":0.0141342756,"19":0.025,"20":0.01},"arabidopsis_AT1G52730":{"0":0.0347881088,"1":0.0302670623,"2":0.0347050074,"3":0.0392883617,"4":0.0712719298,"5":0.0283687943,"6":0.0771513353,"7":0.0212014134,"8":0.0104712042,"9":0.0515021459,"10":0.0433839479,"11":0.0313820157,"12":0.0338983051,"13":0.0605263158,"14":0.0646551724,"15":0.0362318841,"16":0.0235294118,"17":0.0759493671,"18":0.0424028269,"19":0.0125,"20":0.0425},"arabidopsis_AT3G15610":{"0":0.0423782416,"1":0.037388724,"2":0.0411502231,"3":0.04744255,"4":0.069627193,"5":0.0364741641,"6":0.059347181,"7":0.0159010601,"8":0.0680628272,"9":0.0643776824,"10":0.0455531453,"11":0.0350030175,"12":0.1355932203,"13":0.0921052632,"14":0.0603448276,"15":0.0471014493,"16":0.0588235294,"17":0.0278481013,"18":0.0777385159,"19":0.0625,"20":0.035},"arabidopsis_AT3G18140":{"0":0.0221378874,"1":0.0207715134,"2":0.0208230045,"3":0.0229799852,"4":0.0487938596,"5":0.0233029382,"6":0.0118694362,"7":0.0247349823,"8":0.0314136126,"9":0.0128755365,"10":0.0303687636,"11":0.0211225106,"12":0.0338983051,"13":0.0236842105,"14":0.0387931034,"15":0.0253623188,"16":0.0147058824,"17":0.0303797468,"18":0.0141342756,"19":0.025,"20":0.015},"arabidopsis_AT1G15470":{"0":0.0158127767,"1":0.0130563798,"2":0.0188398612,"3":0.0177909563,"4":0.055372807,"5":0.0253292806,"6":0.0207715134,"7":0.0282685512,"8":0.0366492147,"9":0.0343347639,"10":0.032537961,"11":0.0090525045,"12":0.0338983051,"13":0.0578947368,"14":0.0517241379,"15":0.0326086957,"16":0.0117647059,"17":0.0582278481,"18":0.0494699647,"19":0.0,"20":0.0325},"soybean_Gmax.la3.HPI3.Chr15.g362180":{"0":0.0354609929,"1":0.0182926829,"2":0.0262984878,"3":0.0239792612,"4":0.0151057402,"5":0.022745098,"6":0.0273003033,"7":0.0171503958,"8":0.0237467018,"9":0.0194174757,"10":0.0,"11":0.0,"12":0.0265957447,"13":0.0,"14":0.0,"15":0.0,"16":0.0191489362,"17":0.04,"18":0.3333333333,"19":0.0285714286,"20":0.0},"soybean_Gmax.la3.HPI3.Chr12.g279630":{"0":0.0283687943,"1":0.0144817073,"2":0.0164365549,"3":0.0123136747,"4":0.0151057402,"5":0.017254902,"6":0.0273003033,"7":0.0145118734,"8":0.0211081794,"9":0.0080906149,"10":0.0,"11":0.0,"12":0.0106382979,"13":0.0,"14":0.0,"15":0.0166666667,"16":0.0127659574,"17":0.0,"18":0.0,"19":0.0163265306,"20":0.0},"pennycress_Tarv.1014.HPI3.5.g207550":{"0":0.1445578231,"1":0.111865942,"2":0.175,"3":0.0942211055,"4":0.0991735537,"5":0.1651612903,"6":0.1175311884,"7":0.0579710145,"8":0.1178414097,"9":0.1113207547,"10":0.1217501585,"11":0.2,"12":0.1275862069,"13":0.1760450161,"14":0.1310541311,"15":0.1508064516,"16":0.1301684533,"17":0.148445336,"18":0.0762331839,"19":0.0566502463,"20":0.0},"pennycress_Tarv.1014.HPI3.5.g200060":{"0":0.1037414966,"1":0.1766304348,"2":0.0951923077,"3":0.1055276382,"4":0.0936639118,"5":0.12,"6":0.1549573211,"7":0.1225296443,"8":0.0991189427,"9":0.1220125786,"10":0.1135066582,"11":0.1333333333,"12":0.144137931,"13":0.1551446945,"14":0.1296296296,"15":0.139516129,"16":0.1255742726,"17":0.1354062187,"18":0.1322869955,"19":0.0886699507,"20":0.0},"arabidopsis_AT1G29260":{"0":0.009487666,"1":0.0112759644,"2":0.0084283589,"3":0.0066716086,"4":0.0246710526,"5":0.0020263425,"6":0.0148367953,"7":0.0035335689,"8":0.0052356021,"9":0.008583691,"10":0.010845987,"11":0.0054315027,"12":0.0,"13":0.0210526316,"14":0.0129310345,"15":0.0144927536,"16":0.0176470588,"17":0.0101265823,"18":0.0141342756,"19":0.025,"20":0.0075},"arabidopsis_AT5G24520":{"0":0.0338393422,"1":0.0183976261,"2":0.0401586515,"3":0.0289103039,"4":0.038377193,"5":0.0182370821,"6":0.0178041543,"7":0.019434629,"8":0.0314136126,"9":0.017167382,"10":0.0238611714,"11":0.0301750151,"12":0.0338983051,"13":0.0473684211,"14":0.0344827586,"15":0.0217391304,"16":0.0058823529,"17":0.0455696203,"18":0.035335689,"19":0.025,"20":0.0275},"pennycress_Tarv.1014.HPI3.6.g242630":{"0":0.0527210884,"1":0.1073369565,"2":0.0509615385,"3":0.0791457286,"4":0.0964187328,"5":0.0464516129,"6":0.108338805,"7":0.0606060606,"8":0.0572687225,"9":0.0572327044,"10":0.0634115409,"11":0.0333333333,"12":0.0848275862,"13":0.0707395498,"14":0.0769230769,"15":0.0419354839,"16":0.0581929556,"17":0.0421263791,"18":0.0426008969,"19":0.0517241379,"20":0.0},"pennycress_Tarv.1014.HPI3.1.g004590":{"0":0.0391156463,"1":0.1050724638,"2":0.0461538462,"3":0.0716080402,"4":0.0826446281,"5":0.0425806452,"6":0.1339461589,"7":0.0368906456,"8":0.0583700441,"9":0.0716981132,"10":0.0894102727,"11":0.0333333333,"12":0.1165517241,"13":0.0844051447,"14":0.1011396011,"15":0.0814516129,"16":0.0704441041,"17":0.0260782347,"18":0.0493273543,"19":0.039408867,"20":0.0},"arabidopsis_AT5G56130":{"0":0.0063251107,"1":0.0071216617,"2":0.0034705007,"3":0.0088954781,"4":0.0197368421,"5":0.0050658561,"6":0.0118694362,"7":0.0,"8":0.0052356021,"9":0.0,"10":0.0151843818,"11":0.0072420036,"12":0.0,"13":0.0026315789,"14":0.0043103448,"15":0.0072463768,"16":0.0029411765,"17":0.0278481013,"18":0.0035335689,"19":0.0,"20":0.005},"arabidopsis_AT3G19590":{"0":0.0031625553,"1":0.0071216617,"2":0.0024789291,"3":0.0014825797,"4":0.024122807,"5":0.0010131712,"6":0.0771513353,"7":0.0,"8":0.0,"9":0.017167382,"10":0.0021691974,"11":0.0012070006,"12":0.0,"13":0.0026315789,"14":0.0043103448,"15":0.0036231884,"16":0.0117647059,"17":0.0,"18":0.0,"19":0.0125,"20":0.0025},"arabidopsis_AT1G12910":{"0":0.0060088552,"1":0.0071216617,"2":0.005453644,"3":0.0059303188,"4":0.0339912281,"5":0.0040526849,"6":0.0148367953,"7":0.0070671378,"8":0.0157068063,"9":0.0128755365,"10":0.0086767896,"11":0.0042245021,"12":0.0,