{"arabidopsis_AT5G19040":{"0":0.0069576218,"1":0.0142433234,"2":0.0034705007,"3":0.009636768,"4":0.0093201754,"5":0.0111448835,"6":0.0029673591,"7":0.035335689,"8":0.0052356021,"9":0.008583691,"10":0.0086767896,"11":0.0030175015,"12":0.0,"13":0.0157894737,"14":0.0043103448,"15":0.0108695652,"16":0.2323529412,"17":0.1291139241,"18":0.0176678445,"19":0.0,"20":0.0225},"arabidopsis_AT3G63110":{"0":0.0025300443,"1":0.0053412463,"2":0.0024789291,"3":0.0355819125,"4":0.0038377193,"5":0.0060790274,"6":0.0029673591,"7":0.0017667845,"8":0.0,"9":0.0042918455,"10":0.0,"11":0.0012070006,"12":0.0,"13":0.0,"14":0.0086206897,"15":0.0036231884,"16":0.1029411765,"17":0.0101265823,"18":0.0070671378,"19":0.0125,"20":0.0075},"soybean_Gmax.la3.HPI3.Chr13.g318140":{"0":0.0012894907,"1":0.0045731707,"2":0.0006574622,"3":0.004536617,"4":0.001510574,"5":0.0007843137,"6":0.0,"7":0.0,"8":0.0072559367,"9":0.0,"10":0.0,"11":0.0,"12":0.0,"13":0.0,"14":0.0,"15":0.0,"16":0.0255319149,"17":0.0,"18":0.0,"19":0.0,"20":0.0},"pennycress_Tarv.1014.HPI3.6.g250730":{"0":0.0,"1":0.0018115942,"2":0.0,"3":0.0,"4":0.0,"5":0.0012903226,"6":0.0006565988,"7":0.0026350461,"8":0.0011013216,"9":0.0,"10":0.0006341154,"11":0.0,"12":0.0,"13":0.001607717,"14":0.0007122507,"15":0.0,"16":0.0260336907,"17":0.0,"18":0.0,"19":0.0,"20":0.0},"soybean_Gmax.la3.HPI3.Chr02.g034350":{"0":0.0,"1":0.0,"2":0.0,"3":0.0006480881,"4":0.0,"5":0.0007843137,"6":0.0010111223,"7":0.0006596306,"8":0.0,"9":0.0,"10":0.0,"11":0.0,"12":0.0,"13":0.0,"14":0.0,"15":0.0,"16":0.0021276596,"17":0.0,"18":0.0,"19":0.0,"20":0.0},"pennycress_Tarv.1014.HPI3.1.g031620":{"0":0.0102040816,"1":0.0348731884,"2":0.0365384615,"3":0.0791457286,"4":0.0055096419,"5":0.0348387097,"6":0.0131319764,"7":0.0105401845,"8":0.0099118943,"9":0.0188679245,"10":0.0088776157,"11":0.0,"12":0.0048275862,"13":0.0329581994,"14":0.014957265,"15":0.0346774194,"16":0.0122511485,"17":0.0351053159,"18":0.0784753363,"19":0.0591133005,"20":0.0},"soybean_Gmax.la3.HPI3.Chr15.g364000":{"0":0.0025789813,"1":0.0030487805,"2":0.0039447732,"3":0.004536617,"4":0.0,"5":0.0007843137,"6":0.0020222447,"7":0.0013192612,"8":0.0059366755,"9":0.001618123,"10":0.0,"11":0.0,"12":0.0,"13":0.0,"14":0.0,"15":0.0,"16":0.0255319149,"17":0.0,"18":0.0,"19":0.0040816327,"20":0.0},"arabidopsis_AT1G68460":{"0":0.0003162555,"1":0.0005934718,"2":0.0,"3":0.0,"4":0.0,"5":0.0,"6":0.0,"7":0.0,"8":0.0052356021,"9":0.0,"10":0.0,"11":0.0,"12":0.0,"13":0.0,"14":0.0,"15":0.0,"16":0.0,"17":0.0,"18":0.0,"19":0.0,"20":0.0},"pennycress_Tarv.1014.HPI3.4.g155880":{"0":0.0,"1":0.0,"2":0.0,"3":0.0,"4":0.0,"5":0.0,"6":0.0,"7":0.0,"8":0.0,"9":0.0,"10":0.0,"11":0.0,"12":0.0,"13":0.0,"14":0.0,"15":0.0,"16":0.0,"17":0.0,"18":0.0,"19":0.0,"20":0.0},"arabidopsis_AT3G19160":{"0":0.0,"1":0.0,"2":0.0,"3":0.0,"4":0.0,"5":0.0,"6":0.0,"7":0.0,"8":0.0,"9":0.0,"10":0.0,"11":0.0,"12":0.0,"13":0.0,"14":0.0,"15":0.0,"16":0.0,"17":0.0,"18":0.0,"19":0.0,"20":0.0},"arabidopsis_AT4G24650":{"0":0.0,"1":0.0,"2":0.0,"3":0.0,"4":0.0,"5":0.0,"6":0.0,"7":0.0,"8":0.0,"9":0.0,"10":0.0,"11":0.0,"12":0.0,"13":0.0,"14":0.0,"15":0.0,"16":0.0,"17":0.0,"18":0.0,"19":0.0,"20":0.0},"arabidopsis_AT1G25410":{"0":0.0,"1":0.0,"2":0.0,"3":0.0,"4":0.0,"5":0.0,"6":0.0,"7":0.0,"8":0.0,"9":0.0,"10":0.0,"11":0.0,"12":0.0,"13":0.0,"14":0.0,"15":0.0,"16":0.0,"17":0.0,"18":0.0,"19":0.0,"20":0.0},"soybean_Gmax.la3.HPI3.Chr10.g230960":{"0":0.0006447453,"1":0.0,"2":0.0,"3":0.0,"4":0.0,"5":0.0,"6":0.0,"7":0.0,"8":0.0,"9":0.0,"10":0.0,"11":0.0,"12":0.0,"13":0.0,"14":0.0,"15":0.0,"16":0.0,"17":0.0,"18":0.0,"19":0.0,"20":0.0},"soybean_Gmax.la3.HPI3.Chr03.g060660":{"0":0.0,"1":0.0,"2":0.0,"3":0.0,"4":0.0,"5":0.0,"6":0.0010111223,"7":0.0,"8":0.0,"9":0.0,"10":0.0,"11":0.0,"12":0.0,"13":0.0,"14":0.0,"15":0.0,"16":0.0,"17":0.0,"18":0.0,"19":0.0,"20":0.0},"arabidopsis_AT3G23630":{"0":0.0009487666,"1":0.0005934718,"2":0.0,"3":0.0007412898,"4":0.0016447368,"5":0.0020263425,"6":0.0059347181,"7":0.0,"8":0.0,"9":0.0,"10":0.0,"11":0.0,"12":0.0,"13":0.0,"14":0.0043103448,"15":0.0,"16":0.0352941176,"17":0.0025316456,"18":0.0035335689,"19":0.0,"20":0.005},"pennycress_Tarv.1014.HPI3.7.g288140":{"0":0.0034013605,"1":0.0013586957,"2":0.0,"3":0.0012562814,"4":0.0,"5":0.0,"6":0.0,"7":0.0,"8":0.0,"9":0.0,"10":0.0006341154,"11":0.0,"12":0.0,"13":0.0008038585,"14":0.0,"15":0.0,"16":0.010719755,"17":0.0,"18":0.0,"19":0.0,"20":0.0},"pennycress_Tarv.1014.HPI3.7.g302800":{"0":0.0034013605,"1":0.0009057971,"2":0.0057692308,"3":0.0012562814,"4":0.0082644628,"5":0.0167741935,"6":0.0052527905,"7":0.0,"8":0.0033039648,"9":0.0,"10":0.0082435003,"11":0.0,"12":0.0020689655,"13":0.0032154341,"14":0.0,"15":0.0088709677,"16":0.0015313936,"17":0.0,"18":0.0089686099,"19":0.0,"20":0.0},"soybean_Gmax.la3.HPI3.Chr17.g398390":{"0":0.003868472,"1":0.0099085366,"2":0.0085470085,"3":0.0401814647,"4":0.002265861,"5":0.0023529412,"6":0.0050556117,"7":0.0085751979,"8":0.0052770449,"9":0.0048543689,"10":0.0,"11":0.0,"12":0.0159574468,"13":0.0,"14":0.0,"15":0.0166666667,"16":0.0106382979,"17":0.0,"18":0.0,"19":0.0040816327,"20":0.0},"soybean_Gmax.la3.HPI3.Chr10.g252200":{"0":0.0,"1":0.0,"2":0.0,"3":0.0012961763,"4":0.000755287,"5":0.0,"6":0.0010111223,"7":0.0,"8":0.0006596306,"9":0.001618123,"10":0.0,"11":0.0,"12":0.0,"13":0.0,"14":0.0,"15":0.0,"16":0.0,"17":0.0,"18":0.0,"19":0.0,"20":0.0},"soybean_Gmax.la3.HPI3.Chr07.g167670":{"0":0.0083816892,"1":0.0015243902,"2":0.0006574622,"3":0.0051847051,"4":0.0,"5":0.0015686275,"6":0.0,"7":0.0006596306,"8":0.0006596306,"9":0.003236246,"10":0.0,"11":0.0,"12":0.0053191489,"13":0.0,"14":0.0,"15":0.0,"16":0.0042553191,"17":0.0,"18":0.0,"19":0.0081632653,"20":0.0},"soybean_Gmax.la3.HPI3.Chr20.g477990":{"0":0.0032237266,"1":0.0007621951,"2":0.0,"3":0.0,"4":0.001510574,"5":0.0,"6":0.003033367,"7":0.0019788918,"8":0.0019788918,"9":0.0,"10":0.0,"11":0.0,"12":0.0,"13":0.0,"14":0.0,"15":0.0,"16":0.0,"17":0.0,"18":0.0,"19":0.0,"20":0.0},"arabidopsis_AT5G20040":{"0":0.0072738773,"1":0.009495549,"2":0.0148735746,"3":0.0081541883,"4":0.0224780702,"5":0.0030395137,"6":0.0118694362,"7":0.0,"8":0.0052356021,"9":0.008583691,"10":0.0130151844,"11":0.006035003,"12":0.0,"13":0.0026315789,"14":0.0129310345,"15":0.0,"16":0.0029411765,"17":0.0,"18":0.0035335689,"19":0.0,"20":0.01}}