{"pennycress_Tarv.1014.HPI3.1.g043600":{"0":0.2363945578,"1":0.1503623188,"2":0.2769230769,"3":0.2072864322,"4":0.0964187328,"5":0.2425806452,"6":0.1385423506,"7":0.1357048748,"8":0.1486784141,"9":0.1886792453,"10":0.1350665821,"11":0.0333333333,"12":0.1834482759,"13":0.2290996785,"14":0.1787749288,"15":0.2846774194,"16":0.1148545176,"17":0.4182547643,"18":0.2331838565,"19":0.10591133,"20":1.0},"pennycress_Tarv.1014.HPI3.5.g220120":{"0":0.2380952381,"1":0.3229166667,"2":0.2259615385,"3":0.1859296482,"4":0.1955922865,"5":0.2283870968,"6":0.2875902823,"7":0.2490118577,"8":0.2378854626,"9":0.2704402516,"10":0.2523779328,"11":0.1666666667,"12":0.2779310345,"13":0.3585209003,"14":0.2713675214,"15":0.3419354839,"16":0.3108728943,"17":0.3249749248,"18":0.3139013453,"19":0.2019704433,"20":0.0},"soybean_Gmax.la3.HPI3.Chr06.g125960":{"0":0.027724049,"1":0.0083841463,"2":0.0138067061,"3":0.0084251458,"4":0.0211480363,"5":0.0101960784,"6":0.0313447927,"7":0.0118733509,"8":0.0145118734,"9":0.0113268608,"10":0.0,"11":0.0,"12":0.0159574468,"13":0.0,"14":0.0,"15":0.0166666667,"16":0.0063829787,"17":0.0,"18":0.0,"19":0.0204081633,"20":0.0},"pennycress_Tarv.1014.HPI3.3.g120680":{"0":0.0153061224,"1":0.0208333333,"2":0.0355769231,"3":0.1206030151,"4":0.0027548209,"5":0.1419354839,"6":0.0157583716,"7":0.0039525692,"8":0.0583700441,"9":0.0050314465,"10":0.0253646164,"11":0.0333333333,"12":0.0006896552,"13":0.0522508039,"14":0.0078347578,"15":0.014516129,"16":0.0229709035,"17":0.0100300903,"18":0.0089686099,"19":0.0073891626,"20":0.0},"soybean_Gmax.la3.HPI3.Chr10.g248650":{"0":0.057382334,"1":0.0205792683,"2":0.0558842867,"3":0.0330524951,"4":0.0158610272,"5":0.0635294118,"6":0.0333670374,"7":0.0408970976,"8":0.0310026385,"9":0.0210355987,"10":0.0,"11":0.0,"12":0.0212765957,"13":0.0,"14":0.0,"15":0.0333333333,"16":0.0382978723,"17":0.12,"18":0.3333333333,"19":0.0408163265,"20":0.0909090909},"arabidopsis_AT1G01450":{"0":0.0,"1":0.0,"2":0.0004957858,"3":0.0,"4":0.0,"5":0.0010131712,"6":0.0,"7":0.0,"8":0.0,"9":0.0,"10":0.0021691974,"11":0.0006035003,"12":0.0,"13":0.0,"14":0.0,"15":0.0,"16":0.0,"17":0.0,"18":0.0,"19":0.0,"20":0.0},"soybean_Gmax.la3.HPI3.Chr03.g058620":{"0":0.0103159252,"1":0.0198170732,"2":0.0210387903,"3":0.0110174984,"4":0.0067975831,"5":0.0117647059,"6":0.0080889788,"7":0.0039577836,"8":0.0112137203,"9":0.001618123,"10":0.0,"11":0.0,"12":0.0053191489,"13":0.0,"14":0.0,"15":0.0,"16":0.0106382979,"17":0.04,"18":0.0,"19":0.0163265306,"20":0.0},"arabidopsis_AT5G07270":{"0":0.0857052498,"1":0.0575667656,"2":0.0897372335,"3":0.0681986657,"4":0.0745614035,"5":0.147922999,"6":0.0356083086,"7":0.0671378092,"8":0.0732984293,"9":0.0472103004,"10":0.0737527115,"11":0.0687990344,"12":0.1016949153,"13":0.1315789474,"14":0.0732758621,"15":0.097826087,"16":0.05,"17":0.2784810127,"18":0.0954063604,"19":0.1375,"20":0.325},"pennycress_Tarv.1014.HPI3.7.g282090":{"0":0.0,"1":0.0,"2":0.0,"3":0.0,"4":0.0,"5":0.0,"6":0.0,"7":0.0,"8":0.0,"9":0.0031446541,"10":0.0,"11":0.0,"12":0.0006896552,"13":0.0,"14":0.0,"15":0.0,"16":0.0,"17":0.0,"18":0.0022421525,"19":0.0,"20":0.0},"arabidopsis_AT3G57130":{"0":0.0003162555,"1":0.0005934718,"2":0.0044620724,"3":0.0,"4":0.0,"5":0.0010131712,"6":0.0,"7":0.0,"8":0.0052356021,"9":0.0,"10":0.0,"11":0.0,"12":0.0,"13":0.0,"14":0.0,"15":0.0,"16":0.0,"17":0.0,"18":0.0035335689,"19":0.0,"20":0.0},"arabidopsis_AT5G57740":{"0":0.1344086022,"1":0.0635014837,"2":0.085770947,"3":0.0874722016,"4":0.0427631579,"5":0.0526849037,"6":0.0356083086,"7":0.0795053004,"8":0.1361256545,"9":0.0343347639,"10":0.0802603037,"11":0.1104405552,"12":0.0169491525,"13":0.35,"14":0.0431034483,"15":0.1449275362,"16":0.0617647059,"17":0.2405063291,"18":0.2049469965,"19":0.05,"20":0.0375},"soybean_Gmax.la3.HPI3.Chr04.g093080":{"0":0.0064474533,"1":0.0083841463,"2":0.0026298488,"3":0.0038885288,"4":0.0166163142,"5":0.0023529412,"6":0.0444893832,"7":0.003298153,"8":0.0046174142,"9":0.003236246,"10":0.0,"11":0.0,"12":0.0106382979,"13":0.0,"14":0.0,"15":0.0,"16":0.0085106383,"17":0.0,"18":0.0,"19":0.0,"20":0.0},"arabidopsis_AT1G77720":{"0":0.0031625553,"1":0.0047477745,"2":0.0034705007,"3":0.0118606375,"4":0.0252192982,"5":0.0030395137,"6":0.0623145401,"7":0.0,"8":0.0157068063,"9":0.008583691,"10":0.0238611714,"11":0.0030175015,"12":0.0508474576,"13":0.0078947368,"14":0.0129310345,"15":0.0036231884,"16":0.0117647059,"17":0.0025316456,"18":0.0035335689,"19":0.0125,"20":0.0075},"soybean_Gmax.la3.HPI3.Chr09.g215060":{"0":0.0934880722,"1":0.0327743902,"2":0.0585141354,"3":0.0330524951,"4":0.0347432024,"5":0.0478431373,"6":0.0353892821,"7":0.0481530343,"8":0.0514511873,"9":0.0404530744,"10":0.0,"11":0.0,"12":0.0265957447,"13":0.0,"14":0.0,"15":0.0166666667,"16":0.0553191489,"17":0.04,"18":0.0,"19":0.1142857143,"20":0.0},"soybean_Gmax.la3.HPI3.Chr20.g482060":{"0":0.0651192779,"1":0.0243902439,"2":0.0440499671,"3":0.0550874919,"4":0.0279456193,"5":0.0933333333,"6":0.052578362,"7":0.055408971,"8":0.0277044855,"9":0.0339805825,"10":0.0,"11":0.1428571429,"12":0.0265957447,"13":0.0,"14":0.0,"15":0.0166666667,"16":0.0659574468,"17":0.08,"18":0.0,"19":0.0530612245,"20":0.0},"pennycress_Tarv.1014.HPI3.7.g292000":{"0":0.0136054422,"1":0.040307971,"2":0.0076923077,"3":0.0301507538,"4":0.0330578512,"5":0.0167741935,"6":0.0952068286,"7":0.0092226614,"8":0.0275330396,"9":0.0427672956,"10":0.0500951173,"11":0.0,"12":0.0517241379,"13":0.0337620579,"14":0.0455840456,"15":0.0258064516,"16":0.0306278714,"17":0.0050150451,"18":0.0179372197,"19":0.0123152709,"20":0.0},"soybean_Gmax.la3.HPI3.Chr17.g403510":{"0":0.0406189555,"1":0.0144817073,"2":0.0184089415,"3":0.0136098509,"4":0.0196374622,"5":0.0164705882,"6":0.0091001011,"7":0.0718997361,"8":0.0283641161,"9":0.0194174757,"10":0.0,"11":0.0,"12":0.0106382979,"13":0.0,"14":0.0,"15":0.1,"16":0.0085106383,"17":0.0,"18":0.0,"19":0.0285714286,"20":0.0},"pennycress_Tarv.1014.HPI3.1.g005150":{"0":0.1020408163,"1":0.0552536232,"2":0.0634615385,"3":0.0716080402,"4":0.0055096419,"5":0.0438709677,"6":0.021667761,"7":0.0513833992,"8":0.1299559471,"9":0.0232704403,"10":0.0234622701,"11":0.0,"12":0.0206896552,"13":0.1567524116,"14":0.0170940171,"15":0.0580645161,"16":0.0643185299,"17":0.0962888666,"18":0.1860986547,"19":0.0369458128,"20":0.0},"soybean_Gmax.la3.HPI3.Chr02.g047660":{"0":0.0760799484,"1":0.0282012195,"2":0.033530572,"3":0.0388852884,"4":0.0196374622,"5":0.0243137255,"6":0.0182002022,"7":0.0375989446,"8":0.0230870712,"9":0.0258899676,"10":0.0,"11":0.0,"12":0.0372340426,"13":0.0,"14":0.0,"15":0.05,"16":0.0276595745,"17":0.0,"18":0.0,"19":0.0489795918,"20":0.0},"soybean_Gmax.la3.HPI3.Chr19.g456380":{"0":0.0245003224,"1":0.0175304878,"2":0.0289283366,"3":0.0226830849,"4":0.0151057402,"5":0.0164705882,"6":0.0091001011,"7":0.0092348285,"8":0.0145118734,"9":0.0048543689,"10":0.0,"11":0.0,"12":0.0,"13":0.0,"14":0.0,"15":0.0333333333,"16":0.0255319149,"17":0.04,"18":0.0,"19":0.0163265306,"20":0.0},"soybean_Gmax.la3.HPI3.Chr16.g393950":{"0":0.0741457124,"1":0.0205792683,"2":0.0381328074,"3":0.0330524951,"4":0.0181268882,"5":0.0392156863,"6":0.0283114257,"7":0.0481530343,"8":0.0296833773,"9":0.0404530744,"10":0.0769230769,"11":0.0,"12":0.0319148936,"13":0.0,"14":0.0,"15":0.0166666667,"16":0.0468085106,"17":0.12,"18":0.3333333333,"19":0.106122449,"20":0.0},"arabidopsis_AT2G41370":{"0":0.0142314991,"1":0.021958457,"2":0.0708973723,"3":0.0326167532,"4":0.0054824561,"5":0.0212765957,"6":0.0148367953,"7":0.0053003534,"8":0.0261780105,"9":0.008583691,"10":0.0065075922,"11":0.0132770066,"12":0.0,"13":0.0157894737,"14":0.0043103448,"15":0.0144927536,"16":0.0352941176,"17":0.0075949367,"18":0.0,"19":0.0125,"20":0.0275},"arabidopsis_AT3G07760":{"0":0.0708412397,"1":0.0516320475,"2":0.0594942985,"3":0.0444773907,"4":0.0630482456,"5":0.053698075,"6":0.0385756677,"7":0.0282685512,"8":0.0366492147,"9":0.0515021459,"10":0.0412147505,"11":0.0537115269,"12":0.0,"13":0.0684210526,"14":0.0646551724,"15":0.0652173913,"16":0.05,"17":0.0658227848,"18":0.0600706714,"19":0.05,"20":0.0875},