{"pennycress_Tarv.1014.HPI3.3.g126470":{"0":0.0272108844,"1":0.058423913,"2":0.0269230769,"3":0.2763819095,"4":0.0220385675,"5":0.0929032258,"6":0.0676296783,"7":0.0289855072,"8":0.3942731278,"9":0.0327044025,"10":0.2714013951,"11":0.0,"12":0.0213793103,"13":0.0265273312,"14":0.0199430199,"15":0.0927419355,"16":0.3078101072,"17":0.0250752257,"18":0.0403587444,"19":0.0369458128,"20":1.0},"pennycress_Tarv.1014.HPI3.5.g181760":{"0":0.0204081633,"1":0.0788043478,"2":0.0201923077,"3":0.0866834171,"4":0.0330578512,"5":0.0283870968,"6":0.1201575837,"7":0.0184453228,"8":0.1431718062,"9":0.0232704403,"10":0.254280279,"11":0.0333333333,"12":0.0868965517,"13":0.0168810289,"14":0.0178062678,"15":0.1080645161,"16":0.0918836141,"17":0.0140421264,"18":0.033632287,"19":0.0172413793,"20":0.0},"pennycress_Tarv.1014.HPI3.2.g088900":{"0":0.3520408163,"1":0.1639492754,"2":0.3192307692,"3":0.0791457286,"4":0.0550964187,"5":0.1806451613,"6":0.0689428759,"7":0.208168643,"8":0.0396475771,"9":0.3226415094,"10":0.0456563094,"11":0.1666666667,"12":0.0482758621,"13":0.3207395498,"14":0.2115384615,"15":0.1508064516,"16":0.0842266462,"17":0.3951855567,"18":0.4058295964,"19":0.2167487685,"20":0.0},"pennycress_Tarv.1014.HPI3.7.g286950":{"0":0.0136054422,"1":0.0398550725,"2":0.0115384615,"3":0.1922110553,"4":0.0055096419,"5":0.0503225806,"6":0.0249507551,"7":0.0144927536,"8":0.4107929515,"9":0.013836478,"10":0.153455929,"11":0.0333333333,"12":0.0089655172,"13":0.0192926045,"14":0.0078347578,"15":0.0161290323,"16":0.2082695253,"17":0.0130391174,"18":0.0134529148,"19":0.0295566502,"20":0.0},"arabidopsis_AT4G22070":{"0":0.4070208729,"1":0.1394658754,"2":0.2801189886,"3":0.0585618977,"4":0.0444078947,"5":0.0749746707,"6":0.0415430267,"7":0.1943462898,"8":0.0261780105,"9":0.0729613734,"10":0.0585683297,"11":0.4037417019,"12":0.0,"13":0.1473684211,"14":0.0387931034,"15":0.1594202899,"16":0.0794117647,"17":0.4556962025,"18":0.1166077739,"19":0.075,"20":0.065},"soybean_Gmax.la3.HPI3.Chr09.g206700":{"0":0.1779497099,"1":0.0342987805,"2":0.0216962525,"3":0.0220349968,"4":0.0445619335,"5":0.0180392157,"6":0.0242669363,"7":0.2222955145,"8":0.0105540897,"9":0.1116504854,"10":0.0,"11":0.0,"12":0.079787234,"13":0.0,"14":0.0,"15":0.0333333333,"16":0.0255319149,"17":0.24,"18":0.0,"19":0.0244897959,"20":0.0},"arabidopsis_AT1G62300":{"0":0.2435167615,"1":0.0830860534,"2":0.1665840357,"3":0.042994811,"4":0.1047149123,"5":0.116514691,"6":0.056379822,"7":0.2544169611,"8":0.0314136126,"9":0.2618025751,"10":0.0911062907,"11":0.2033796017,"12":0.0508474576,"13":0.4026315789,"14":0.1551724138,"15":0.2608695652,"16":0.0441176471,"17":0.5367088608,"18":0.4734982332,"19":0.025,"20":0.11},"soybean_Gmax.la3.HPI3.Chr05.g103560":{"0":0.2121212121,"1":0.0167682927,"2":0.0157790927,"3":0.0265716137,"4":0.0279456193,"5":0.0101960784,"6":0.0182002022,"7":0.169525066,"8":0.0145118734,"9":0.1278317152,"10":0.0,"11":0.0,"12":0.0319148936,"13":0.0,"14":0.0,"15":0.0,"16":0.0340425532,"17":0.08,"18":0.0,"19":0.0367346939,"20":0.0},"arabidopsis_AT1G30650":{"0":0.2191650854,"1":0.0807121662,"2":0.0723847298,"3":0.0303928836,"4":0.0290570175,"5":0.0395136778,"6":0.0178041543,"7":0.2120141343,"8":0.0157068063,"9":0.0515021459,"10":0.0130151844,"11":0.1750150875,"12":0.0,"13":0.1631578947,"14":0.0301724138,"15":0.0724637681,"16":0.0470588235,"17":0.4227848101,"18":0.1554770318,"19":0.05,"20":0.0375},"soybean_Gmax.la3.HPI3.Chr15.g366940":{"0":0.1611863314,"1":0.0304878049,"2":0.0249835634,"3":0.0200907323,"4":0.0453172205,"5":0.0141176471,"6":0.0273003033,"7":0.1754617414,"8":0.0145118734,"9":0.0970873786,"10":0.0,"11":0.0,"12":0.0531914894,"13":0.0,"14":0.0,"15":0.05,"16":0.0212765957,"17":0.2,"18":0.0,"19":0.0285714286,"20":0.0},"soybean_Gmax.la3.HPI3.Chr02.g022360":{"0":0.1721470019,"1":0.0099085366,"2":0.0177514793,"3":0.0207388205,"4":0.0135951662,"5":0.0094117647,"6":0.0141557128,"7":0.0666226913,"8":0.0085751979,"9":0.0906148867,"10":0.0769230769,"11":0.0,"12":0.0159574468,"13":0.0,"14":0.0,"15":0.0,"16":0.0276595745,"17":0.04,"18":0.0,"19":0.012244898,"20":0.0},"arabidopsis_AT3G61850":{"0":0.0192915876,"1":0.0896142433,"2":0.0168567179,"3":0.2201630838,"4":0.0317982456,"5":0.0364741641,"6":0.118694362,"7":0.0282685512,"8":0.2146596859,"9":0.0214592275,"10":0.2060737527,"11":0.0144840072,"12":0.0,"13":0.0289473684,"14":0.0344827586,"15":0.0289855072,"16":0.1882352941,"17":0.0658227848,"18":0.0176678445,"19":0.0625,"20":0.0225},"pennycress_Tarv.1014.HPI3.1.g027640":{"0":0.1156462585,"1":0.0276268116,"2":0.2230769231,"3":0.0113065327,"4":0.0137741047,"5":0.08,"6":0.0111621799,"7":0.0263504611,"8":0.0055066079,"9":0.0710691824,"10":0.0076093849,"11":0.2,"12":0.0131034483,"13":0.209807074,"14":0.0819088319,"15":0.0282258065,"16":0.0153139357,"17":0.0320962889,"18":0.16367713,"19":0.0320197044,"20":0.0},"arabidopsis_AT5G15130":{"0":0.1989247312,"1":0.0504451039,"2":0.1199801686,"3":0.019273536,"4":0.0476973684,"5":0.040526849,"6":0.0178041543,"7":0.019434629,"8":0.0104712042,"9":0.1201716738,"10":0.0151843818,"11":0.1683765842,"12":0.0338983051,"13":0.3263157895,"14":0.099137931,"15":0.0289855072,"16":0.0294117647,"17":0.0379746835,"18":0.1766784452,"19":0.05,"20":0.04},"soybean_Gmax.la3.HPI3.Chr01.g004100":{"0":0.0973565442,"1":0.0076219512,"2":0.0072320842,"3":0.0084251458,"4":0.0060422961,"5":0.0047058824,"6":0.0091001011,"7":0.0534300792,"8":0.0072559367,"9":0.0388349515,"10":0.0,"11":0.0,"12":0.0106382979,"13":0.0,"14":0.0,"15":0.0,"16":0.0063829787,"17":0.0,"18":0.0,"19":0.0244897959,"20":0.0},"arabidopsis_AT4G01720":{"0":0.1385199241,"1":0.0456973294,"2":0.1913733267,"3":0.0126019274,"4":0.0180921053,"5":0.0871327254,"6":0.0237388724,"7":0.0335689046,"8":0.0209424084,"9":0.0729613734,"10":0.0281995662,"11":0.1188895594,"12":0.0338983051,"13":0.1736842105,"14":0.0948275862,"15":0.1847826087,"16":0.0352941176,"17":0.1443037975,"18":0.109540636,"19":0.0,"20":0.04},"pennycress_Tarv.1014.HPI3.1.g035850":{"0":0.2329931973,"1":0.0991847826,"2":0.0855769231,"3":0.0314070352,"4":0.0220385675,"5":0.0374193548,"6":0.0262639527,"7":0.0447957839,"8":0.0176211454,"9":0.1660377358,"10":0.0253646164,"11":0.1,"12":0.0262068966,"13":0.3609324759,"14":0.1253561254,"15":0.0459677419,"16":0.0352220521,"17":0.0651955868,"18":0.3004484305,"19":0.0886699507,"20":0.0},"arabidopsis_AT1G19700":{"0":0.1385199241,"1":0.0599406528,"2":0.1561725335,"3":0.0993328391,"4":0.0257675439,"5":0.147922999,"6":0.0267062315,"7":0.0565371025,"8":0.0052356021,"9":0.0343347639,"10":0.0238611714,"11":0.1351840676,"12":0.0,"13":0.0342105263,"14":0.0474137931,"15":0.2572463768,"16":0.0411764706,"17":0.1164556962,"18":0.1766784452,"19":0.1,"20":0.06},"soybean_Gmax.la3.HPI3.Chr04.g085770":{"0":0.1482914249,"1":0.0038109756,"2":0.0157790927,"3":0.0168502916,"4":0.0098187311,"5":0.0039215686,"6":0.0080889788,"7":0.0455145119,"8":0.0072559367,"9":0.0598705502,"10":0.0,"11":0.0,"12":0.0106382979,"13":0.0,"14":0.0,"15":0.0,"16":0.0319148936,"17":0.08,"18":0.0,"19":0.0040816327,"20":0.0},"arabidopsis_AT2G46590":{"0":0.004743833,"1":0.046884273,"2":0.0049578582,"3":0.0704225352,"4":0.0082236842,"5":0.0101317123,"6":0.0504451039,"7":0.0053003534,"8":0.109947644,"9":0.0,"10":0.0759219089,"11":0.006035003,"12":0.0,"13":0.0105263158,"14":0.0043103448,"15":0.0108695652,"16":0.0529411765,"17":0.0050632911,"18":0.0,"19":0.0,"20":0.0075},"arabidopsis_AT2G34830":{"0":0.1233396584,"1":0.037388724,"2":0.0114030739,"3":0.0133432172,"4":0.0197368421,"5":0.0141843972,"6":0.0207715134,"7":0.1590106007,"8":0.0104712042,"9":0.0686695279,"10":0.0195227766,"11":0.0989740495,"12":0.0,"13":0.3473684211,"14":0.0646551724,"15":0.0108695652,"16":0.0205882353,"17":0.5113924051,"18":0.2261484099,"19":0.025,"20":0.0075},"arabidopsis_AT1G18860":{"0":0.1995572423,"1":0.0522255193,"2":0.0941993059,"3":0.0200148258,"4":0.0158991228,"5":0.0182370821,"6":0.0089020772,"7":0.0282685512,"8":0.0052356021,"9":0.025751073,"10":0.0173535792,"11":0.1158720579,"12":0.0,"13":0.0842105263,"14":0.0086206897,