{"soybean_Gmax.la3.HPI3.Chr20.g474500":{"0":0.5628626692,"1":0.1051829268,"2":0.3662064431,"3":0.3804277382,"4":0.249244713,"5":0.3105882353,"6":0.3164812942,"7":0.2908970976,"8":0.2757255937,"9":0.3203883495,"10":0.1538461538,"11":0.4285714286,"12":0.2659574468,"13":0.5,"14":0.0,"15":0.45,"16":0.3531914894,"17":0.2,"18":0.6666666667,"19":0.3673469388,"20":0.4545454545},"arabidopsis_AT3G55150":{"0":0.1065781151,"1":0.0296735905,"2":0.0267724343,"3":0.009636768,"4":0.0115131579,"5":0.009118541,"6":0.0,"7":0.1219081272,"8":0.0104712042,"9":0.0128755365,"10":0.010845987,"11":0.0814725407,"12":0.0,"13":0.1157894737,"14":0.0043103448,"15":0.0326086957,"16":0.0205882353,"17":0.1924050633,"18":0.1130742049,"19":0.025,"20":0.0225},"arabidopsis_AT5G61010":{"0":0.1208096142,"1":0.0421364985,"2":0.0485870104,"3":0.0148257969,"4":0.0202850877,"5":0.0202634245,"6":0.0029673591,"7":0.0459363958,"8":0.0157068063,"9":0.0686695279,"10":0.010845987,"11":0.0633675317,"12":0.0,"13":0.0263157895,"14":0.0129310345,"15":0.0434782609,"16":0.0323529412,"17":0.0481012658,"18":0.0777385159,"19":0.0,"20":0.0225},"pennycress_Tarv.1014.HPI3.1.g002710":{"0":0.2789115646,"1":0.0951086957,"2":0.0913461538,"3":0.0904522613,"4":0.0220385675,"5":0.0735483871,"6":0.0275771504,"7":0.1501976285,"8":0.0407488987,"9":0.0811320755,"10":0.0272669626,"11":0.0666666667,"12":0.0531034483,"13":0.1101286174,"14":0.0726495726,"15":0.060483871,"16":0.0735068913,"17":0.1985957874,"18":0.1233183857,"19":0.0492610837,"20":0.0},"pennycress_Tarv.1014.HPI3.5.g217060":{"0":0.1428571429,"1":0.0742753623,"2":0.1115384615,"3":0.0238693467,"4":0.0165289256,"5":0.1174193548,"6":0.0137885752,"7":0.1225296443,"8":0.018722467,"9":0.0308176101,"10":0.013950539,"11":0.0666666667,"12":0.0179310345,"13":0.0996784566,"14":0.0299145299,"15":0.0467741935,"16":0.0229709035,"17":0.2186559679,"18":0.1031390135,"19":0.0344827586,"20":0.0},"pennycress_Tarv.1014.HPI3.1.g047690":{"0":0.2551020408,"1":0.2241847826,"2":0.2721153846,"3":0.182160804,"4":0.1129476584,"5":0.1870967742,"6":0.1982928431,"7":0.1646903821,"8":0.2191629956,"9":0.1955974843,"10":0.1623335447,"11":0.0666666667,"12":0.2027586207,"13":0.2893890675,"14":0.2058404558,"15":0.3177419355,"16":0.1776416539,"17":0.2116349047,"18":0.331838565,"19":0.2684729064,"20":0.0},"arabidopsis_AT5G59730":{"0":0.0657811512,"1":0.0267062315,"2":0.071888944,"3":0.0407709414,"4":0.024122807,"5":0.0324214792,"6":0.0148367953,"7":0.0212014134,"8":0.0209424084,"9":0.017167382,"10":0.0260303688,"11":0.0651780326,"12":0.0,"13":0.0421052632,"14":0.025862069,"15":0.0507246377,"16":0.0264705882,"17":0.0303797468,"18":0.0636042403,"19":0.0375,"20":0.0175},"arabidopsis_AT5G13150":{"0":0.0173940544,"1":0.0136498516,"2":0.0074367873,"3":0.0059303188,"4":0.0224780702,"5":0.0040526849,"6":0.0118694362,"7":0.2614840989,"8":0.0,"9":0.0,"10":0.0065075922,"11":0.006035003,"12":0.0169491525,"13":0.2947368421,"14":0.0129310345,"15":0.0072463768,"16":0.0058823529,"17":0.3240506329,"18":0.0247349823,"19":0.0,"20":0.0125},"arabidopsis_AT2G39380":{"0":0.0803289058,"1":0.0308605341,"2":0.0758552305,"3":0.0118606375,"4":0.0060307018,"5":0.0141843972,"6":0.0029673591,"7":0.0053003534,"8":0.0,"9":0.0128755365,"10":0.0,"11":0.0730235365,"12":0.0169491525,"13":0.0131578947,"14":0.0129310345,"15":0.0217391304,"16":0.0088235294,"17":0.0050632911,"18":0.0141342756,"19":0.0,"20":0.0125},"pennycress_Tarv.1014.HPI3.2.g057860":{"0":0.1292517007,"1":0.0778985507,"2":0.0509615385,"3":0.0226130653,"4":0.0082644628,"5":0.0167741935,"6":0.0177281681,"7":0.162055336,"8":0.0165198238,"9":0.0408805031,"10":0.010779962,"11":0.0666666667,"12":0.0151724138,"13":0.0578778135,"14":0.0313390313,"15":0.014516129,"16":0.02143951,"17":0.1043129388,"18":0.0627802691,"19":0.0147783251,"20":0.0},"pennycress_Tarv.1014.HPI3.1.g037870":{"0":0.0306122449,"1":0.0629528986,"2":0.0096153846,"3":0.0113065327,"4":0.0027548209,"5":0.0206451613,"6":0.0131319764,"7":0.1831357049,"8":0.0066079295,"9":0.0157232704,"10":0.0183893469,"11":0.0333333333,"12":0.0165517241,"13":0.1720257235,"14":0.0163817664,"15":0.0225806452,"16":0.0153139357,"17":0.1975927783,"18":0.0224215247,"19":0.0147783251,"20":0.0},"arabidopsis_AT1G07000":{"0":0.0648323846,"1":0.0243323442,"2":0.0381755082,"3":0.0133432172,"4":0.0137061404,"5":0.0243161094,"6":0.0059347181,"7":0.0883392226,"8":0.0104712042,"9":0.0128755365,"10":0.0195227766,"11":0.0470730235,"12":0.0,"13":0.0736842105,"14":0.0172413793,"15":0.0217391304,"16":0.0205882353,"17":0.1291139241,"18":0.0318021201,"19":0.0,"20":0.015},"pennycress_Tarv.1014.HPI3.5.g201860":{"0":0.119047619,"1":0.1019021739,"2":0.1134615385,"3":0.0515075377,"4":0.0523415978,"5":0.1096774194,"6":0.0741956664,"7":0.0895915679,"8":0.0682819383,"9":0.0603773585,"10":0.058972733,"11":0.1,"12":0.084137931,"13":0.1036977492,"14":0.0676638177,"15":0.0879032258,"16":0.0658499234,"17":0.0922768305,"18":0.0650224215,"19":0.0443349754,"20":0.0},"pennycress_Tarv.1014.HPI3.1.g037020":{"0":0.0238095238,"1":0.0738224638,"2":0.0163461538,"3":0.0150753769,"4":0.0192837466,"5":0.0219354839,"6":0.0164149705,"7":0.187088274,"8":0.0176211454,"9":0.0150943396,"10":0.0152187698,"11":0.0,"12":0.0124137931,"13":0.1623794212,"14":0.0135327635,"15":0.0233870968,"16":0.0061255743,"17":0.1283851555,"18":0.0291479821,"19":0.0246305419,"20":0.0},"arabidopsis_AT5G50380":{"0":0.0698924731,"1":0.0272997033,"2":0.0416460089,"3":0.0266864344,"4":0.038377193,"5":0.0293819656,"6":0.0385756677,"7":0.0441696113,"8":0.0314136126,"9":0.0300429185,"10":0.0238611714,"11":0.0458660229,"12":0.0169491525,"13":0.0578947368,"14":0.0387931034,"15":0.0362318841,"16":0.0411764706,"17":0.053164557,"18":0.0565371025,"19":0.025,"20":0.025},"arabidopsis_AT5G03540":{"0":0.0920303605,"1":0.059347181,"2":0.0927119484,"3":0.0644922165,"4":0.0827850877,"5":0.0800405268,"6":0.059347181,"7":0.0565371025,"8":0.0994764398,"9":0.0772532189,"10":0.1084598698,"11":0.082076041,"12":0.1186440678,"13":0.2,"14":0.0732758621,"15":0.1304347826,"16":0.05,"17":0.1974683544,"18":0.148409894,"19":0.15,"20":0.0725},"pennycress_Tarv.1014.HPI3.7.g279980":{"0":0.0782312925,"1":0.0344202899,"2":0.025,"3":0.0012562814,"4":0.0055096419,"5":0.015483871,"6":0.0059093894,"7":0.0724637681,"8":0.0033039648,"9":0.0238993711,"10":0.003170577,"11":0.0,"12":0.004137931,"13":0.0217041801,"14":0.004985755,"15":0.0056451613,"16":0.0168453292,"17":0.0862587763,"18":0.0358744395,"19":0.0147783251,"20":0.0},"pennycress_Tarv.1014.HPI3.1.g017180":{"0":0.1003401361,"1":0.0932971014,"2":0.0942307692,"3":0.0879396985,"4":0.0633608815,"5":0.0670967742,"6":0.1030860144,"7":0.0540184453,"8":0.077092511,"9":0.0641509434,"10":0.0900443881,"11":0.1,"12":0.1006896552,"13":0.0884244373,"14":0.0961538462,"15":0.0709677419,"16":0.0627871363,"17":0.0631895687,"18":0.0829596413,"19":0.0517241379,"20":0.0},"arabidopsis_AT5G58430":{"0":0.0382669197,"1":0.0261127596,"2":0.0416460089,"3":0.0281690141,"4":0.0504385965,"5":0.0303951368,"6":0.0326409496,"7":0.0459363958,"8":0.0418848168,"9":0.0429184549,"10":0.0455531453,"11":0.0295715148,"12":0.0,"13":0.0631578947,"14":0.0474137931,"15":0.0615942029,"16":0.0323529412,"17":0.0455696203,"18":0.0777385159,"19":0.05,"20":0.0475},"arabidopsis_AT5G13990":{"0":0.0053763441,"1":0.0077151335,"2":0.0024789291,"3":0.0037064492,"4":0.0175438596,"5":0.0050658561,"6":0.0,"7":0.1148409894,"8":0.0157068063,"9":0.008583691,"10":0.0021691974,"11":0.0030175015,"12":0.0,"13":0.1421052632,"14":0.0043103448,"15":0.0,"16":0.0058823529,"17":0.0987341772,"18":0.0212014134,"19":0.0125,"20":0.0025},"soybean_Gmax.la3.HPI3.Chr17.g409270":{"0":0.1012250161,"1":0.0289634146,"2":0.036817883,"3":0.0479585224,"4":0.0241691843,"5":0.0337254902,"6":0.0222446916,"7":0.0831134565,"8":0.0257255937,"9":0.0550161812,"10":0.0,"11":0.1428571429,"12":0.0212765957,"13":0.0,"14":0.0,"15":0.05,"16":0.0425531915,"17":0.12,"18":0.0,"19":0.0408163265,"20":0.0909090909},"soybean_Gmax.la3.HPI3.Chr16.g382320":{"0":0.0212765957,"1":0.0167682927,"2":0.0052596976,